cross_nn_1_nm,sim_cross_nn_1_nm,cross_nn_2_nm,sim_cross_nn_2_nm
30.073755766089757,46.03806954487329,455.8647333567786,161.08477988759614
154.71514193939822,124.53641510120234,276.6236038559454,221.99005088250965
202.45672020870174,123.41132914694022,212.90643327216895,149.72225028671292
149.77924329855895,34.6714808713436,237.42718628452212,220.39162674833065
14.87171885539683,191.4498662238584,155.2512249626265,276.1458029762204
13.551225118502796,339.5965849219698,403.5503729224773,368.93268719987907
4.806243908116839,138.68500276287025,179.36153407714062,284.31798694418643
35.25567915523593,33.846404408165476,178.35327665471632,106.4920320462485
45.92376173668432,184.19142136830334,188.1269700905824,295.7711543615455
19.146313171898683,36.278928256280814,31.467702657199997,219.55872647857922
29.190257917722708,83.74515007793671,254.95731479958107,99.36488594038254
27.491106459183104,158.73726913325774,192.40230093418563,329.38888132226714
14.348928108396423,313.690772971741,50.00437589732459,365.8122850102405
13.176080216331862,213.39865263016142,61.55171872947974,231.90268443776142
7.9095590754694385,210.97495819421488,50.75693798871444,360.0863567372847
25.112413868180244,154.77196299742658,121.61141870638569,203.50687392702022
21.241400528388272,183.60707465544854,125.75492304242437,188.02628421686532
12.243473787719603,158.3975560018176,157.26321635824934,216.50068567410264
9.661783885809147,102.18688958565401,58.79189645272133,148.37604466356535
22.161268702042562,231.79101177644603,96.29531690511483,272.68088233424623
118.02314420888321,64.28148739079552,203.0516440478878,326.45433901151154
19.120450248978983,166.74458659582052,470.30876622515495,267.4666985885868
9.512779308945296,160.44010220873636,191.28693955085555,173.55195131181594
205.41963243426702,93.24514630775954,266.060762104954,361.5771648459807
163.83206496077048,48.8798179689774,262.20787004566864,99.065845363611
409.132819504819,267.42626870453034,458.66442892974214,314.92244908891377
24.163124853320276,253.83893179920318,141.74173690209574,264.5964986944883
14.326809897359706,334.1137095186569,56.93044696222766,362.6056065317392
232.18862654509684,80.32649841310078,246.1486129409683,249.72125783281643
17.1254746858522,157.44624979878003,138.7827128038125,191.818751554639
201.1889246074712,404.6061237763757,213.42055860689268,442.65658850480867
293.156931028986,250.99117516810253,377.6506557853275,297.99461241661504
211.45795450355635,103.31332797328216,377.9482706382221,151.88873832624847
57.74972182770445,18.100053125748254,190.85326233417754,292.03119843308804
16.860757798263464,66.55685968843584,57.63744214142535,100.91577585237613
87.67732369764003,63.68616578616397,498.42026277406507,141.1153525340383
45.5570280868274,209.01663085115985,95.0919404738825,306.92659173928655
23.92491108601392,108.41891851761011,175.11130566118086,112.61729965120543
36.84255406848626,33.22640715794386,204.89939634368332,178.44334971208136
356.0356018192883,225.70714230506618,405.8311818331558,299.18301752765296
5.676205767878413,156.98124984905425,95.00851986610722,169.522337026152
23.201091155975632,38.06982852872663,56.6220431138129,127.36388585804664
20.996907012710547,165.20762915283856,116.0190770272318,231.6115568277162
118.31748150186144,220.8225109341707,282.2823226452135,285.3986293241312
314.9235038002261,146.83893921326862,381.0415091223571,225.2498085495036
115.78933115482681,56.5169551101085,139.80357638106486,81.49081097160071
28.487821144926556,235.53237019191272,240.96371774749716,237.33585873789644
8.451080840822684,76.88090274309327,84.90963519251197,102.13796370381789
196.82905950595168,247.69627073741236,244.7848791050924,281.9332222227945
7.981156132269667,60.77870262233341,82.94578047273053,346.368073914358
10.59287160906841,176.0083142078622,106.23650055454031,232.21156242338293
112.23177992629373,111.0357761261747,152.46261192314515,293.8952646290842
21.34917275322146,62.031999850299485,129.34946606243525,214.152592120912
171.21910419722315,64.89987721907993,228.83272974862288,235.2232528869492
198.00924440617288,68.8981619646833,241.0907610979524,186.89763512617452
24.523690933074526,59.21205331728577,108.65961758867535,216.0094433058403
175.27014109921797,29.86160336456625,176.70145263751365,237.15114531013876
208.14728948778102,46.389508344605744,213.93735241899776,79.55347499238144
17.0229462940728,111.75195996175057,80.84507285007717,375.0988690289666
102.98322461602933,177.25972711205392,223.05624022099045,187.5231509878995
38.94722179769887,104.07698311128988,148.9674683601481,258.9255382392022
11.760756905559363,218.12917763748922,118.20762946715412,293.96140481847965
174.91241919843668,81.26158143142517,210.18052501074249,107.99807415916472
185.69292286935192,37.54998657590272,231.20946859006608,198.02443690302374
65.37264836366946,168.93577547737584,232.59626009594,373.06089272471957
6.192927514743115,83.36347452401422,263.5292483203911,111.36665929722294
23.059925854706563,122.9543735409528,84.62429644282577,136.5029975546999
100.68527068292495,265.7868686353645,151.22487691819558,348.8516359393926
20.556433826090732,137.0016581023282,115.25931345208797,197.23684335067304
285.1500609361963,27.807545132518552,350.5302569400395,246.82574737707117
150.99771489384088,272.71209176061103,390.6501719991444,396.69690638882065
14.226089879969711,112.37822494005249,159.7974823793606,279.677639648478
270.9038357661197,129.51298762273953,281.3687064714244,270.86978230462995
228.8140183564263,246.31029307770854,235.7816694057805,333.34048168951074
15.244569065512872,129.06314936971202,128.998248496906,142.08315689128597
313.44181874082295,181.81691361272115,331.10921719049037,236.09504250054337
177.73188937667604,111.5319097408189,223.15926715518304,146.48366620417613
24.398215476406953,187.00260836242802,155.86817007011362,221.7048698281275
45.093967080133325,242.02912504758208,181.61848546971814,319.9325334149857
249.6633023299042,238.24992782954385,287.02491140479276,344.5986948372122
14.439356606351275,137.8865110727573,246.71151996023576,239.34487700531693
145.3135227685632,138.06454553565905,199.55706128878327,183.01591005690588
4.879626541373836,23.18908275861951,56.69737275284335,199.10563829452573
44.97383444772283,89.29653059981987,375.994899343225,102.24543692275817
217.49549786416222,86.4687040606072,353.7533870867396,234.91157704237563
32.40320380646621,69.46559107506282,77.30094862810097,94.64744840575284
34.14226180100802,354.7133244134181,242.59926549189908,508.75385122316897
77.29335243260792,40.772306102022114,111.30223385062845,198.00652139324714
12.800950543371497,174.02685166673868,67.58945709641264,211.93192974853122
129.57969585448416,233.11341451920006,213.05877687934782,234.56192117107486
34.51734377814402,81.87224528733093,181.39281244014347,188.98703762675817
17.56139693566407,204.1329907003316,118.22505698706397,253.17194969905742
34.73101395832676,112.48341703656943,245.555763799552,116.70707622021851
24.899285135891223,132.9170564263522,231.81887052341173,184.848773220914
212.93377015412935,8.546761137824165,316.2872592069423,279.57639773310143
8.88272586688681,47.113982812043865,193.00807479616032,151.11323354708657
21.10698747638076,81.13417843074045,91.83001769078909,93.46061620409971
267.75392267404504,159.73046522398403,282.52395135837145,162.6719305359164
330.6234780173102,294.06786710506316,376.6057514710143,299.7210336558841
34.33553492798448,58.398162055461455,37.23608320496373,219.09625958436663
45.98677373143178,216.7531443844531,160.07512305370142,443.0113281592998
489.3464447160415,56.56522640095979,489.6818878420749,135.55631302492517
31.768924794415483,271.89839626285357,105.78216124293593,286.0858798788678
14.065562218688878,75.35626888273032,289.81131066926343,179.90406177791118
46.298937131058,280.9960239384279,265.6061353151271,297.92779343364407
12.96150771660073,76.51336340541103,63.02502249030638,181.3965576706003
269.53152236590375,109.65297409478184,298.88247717454294,219.4220470010837
260.574784716683,40.64042632991241,277.82712718302906,51.55476807747392
26.56960443982673,169.63837814950773,263.6265757670663,239.26123850803359
36.53333505548613,263.8672477171601,79.28808101870383,270.0174367777492
157.1843611226616,3.7105238758716417,171.87333144953277,39.273482912846866
14.049952063582067,56.42130807955876,322.22545339001283,209.38394236163103
32.161675306926305,98.70776137218213,194.2304747640869,123.99337789671605
38.7558117424669,180.1671433123479,63.73824373435724,205.78026163622692
187.02166727180352,201.1034304942086,297.19639030605214,214.2146058875184
173.00040936270452,148.29001473255315,288.39731914818987,202.83686341238146
159.3456636890135,125.99743902658506,242.77335143891545,247.8380595679799
60.39536521143514,283.3446475524536,368.95010623402527,308.78300330998917
26.98216093476944,101.85408946032375,131.1309480921325,195.31849530606024
19.337877137074017,52.62998520038448,52.60137144109615,207.63018091371725
21.52207127707928,58.41909962405745,76.97542119625903,133.33286065253793
140.1070937493135,120.50922067321224,335.25991184137405,139.42023367219525
3.8200322299289033,50.743657823293944,99.53113487279592,131.32779654719167
2.859744980242481,256.66412258984417,81.50502359832085,302.2110525065062
50.59541416266317,170.9973511965066,109.27810594810222,241.96869151873224
19.148579557142895,200.34796947100074,184.66370323839345,212.3997946576068
23.861445892455283,108.62862719536065,292.57301294270735,133.94251030182517
36.55679559755362,222.99220065845583,420.54110239366685,238.009843076999
22.149015290114885,134.02179462033578,71.69213001127338,288.68392287013273
54.480368132044305,92.75996697856242,105.34310358541455,231.64194145877514
10.809134063866013,53.15437490452974,76.29282927672496,258.06895879604286
221.74231931492864,138.49075564488768,243.80864574720457,207.04668091040878
17.577096468506276,178.44911424796177,135.4860523183169,300.44339744545016
63.27254621563879,78.19478577646319,80.79261836612551,151.6064120271042
36.71475495550128,109.1647266283772,99.18192021114284,131.104922008503
17.042736869510314,186.626240399819,186.82219504606343,246.01780912768072
57.715725060496545,25.959891720709585,63.13122137502631,119.07143129995853
18.713727147444764,155.50310603583847,156.15437662893166,184.5615479449284
12.999391932523602,100.04499664754643,224.28518144396435,263.4397802020273
29.418009656791227,224.32729299862743,78.2250296252197,269.2827946762214
28.95053556408282,173.99380190505627,251.97745859125965,299.024073216712
216.86695341576046,152.51942302201857,286.1000794028593,175.97159920086182
228.8942227456239,39.22760931881204,248.15314960869668,165.04680074273105
217.56167195418308,264.9138635241323,250.82303782420308,277.3796746515571
333.1915038567683,228.42277600896756,396.9455228483226,247.42869055085316
19.702042953737372,152.72161362745214,89.19822818115172,201.34778354206756
52.224539904461906,61.38841120001724,57.51178885346045,251.04781759905683
12.868471329367518,71.0052035053607,197.59222123248497,133.83326273851247
4.025077772976996,245.38535621258325,57.071847881403386,318.3024184892859
68.08761614212912,60.502836244144866,186.06848177779304,126.61084082251084
34.18069893091246,52.84226037953941,110.26448372010954,143.79297060346545
291.6409831499997,71.71768697154614,295.5722018591239,195.60931441569508
21.856289861909755,174.58571308407258,146.26723449044877,277.4554045877572
21.24609280001876,180.36395833393632,203.29046543494198,207.5714909428215
14.535936140308301,109.70422592148567,274.2761505291255,196.64026802102492
7.178937447343344,137.72229539315023,40.164840573079644,152.40194248938678
87.71581516855683,81.44414485750087,100.37065594182555,295.46966336934406
10.100946348975283,26.265719194160365,229.37997680547093,160.54788947827672
189.9212646028831,327.3127528881478,275.4301305691691,452.66407663282934
159.69492367822718,60.427317222240426,318.8424395449226,140.85163929776164
44.8766492012283,254.96971532791613,105.75243444609964,288.51764742119775
19.42231072539886,224.29953323975855,211.18599896705797,247.34223347180512
195.50962042957005,250.08078265765366,249.50444232401998,287.6949186162092
14.37567030080694,261.2423681130525,195.40660113926216,276.0667585443363
15.506770854218848,68.71488018853822,159.20757711402123,136.65646734483516
21.222781749652345,35.17843350915081,173.1266842688863,75.04683216614114
43.0126725049375,81.15134599109601,159.16932857015175,160.9429483363357
301.59801936354813,189.41193656940166,303.08882157941673,215.1783061767905
40.27070364387706,130.39118625252033,100.48473941203142,135.6873103163056
14.817845194620453,130.76352005705124,141.0690858718679,138.75742090785985
8.682273751284288,121.67592863980809,133.26704589349748,206.88214349534658
7.044769127378024,243.00290464085703,156.10100004133653,373.63635890150596
392.9565049729523,220.85516681727148,450.720181839217,385.22675765718867
69.91690889428553,155.36220037789343,109.12011938696413,263.8395268628573
287.502303048775,241.35486014358858,372.74815528147025,259.20982355036676
121.8999882164677,150.664475311983,301.9138753273879,175.73721127925654
30.58065619802919,66.10489053840334,129.1095363373322,125.75858358482532
172.32293470308122,98.14653868264014,177.7809781105354,152.9914017771618
99.66350368947117,233.42010493242887,270.61242978889254,263.84160350639235
272.0914213499083,86.7616357146873,337.1472286700284,185.5763727363425
47.2997598213822,100.56022081049056,62.85265660661697,205.184019172897
18.58558396217862,95.34854442436611,116.29769890259061,203.1211837273907
130.40069273996735,49.28276469361839,147.02676505416335,270.2463565880594
9.79047925907479,184.36587568066057,385.5378450542842,282.52661450999636
30.56883604201737,222.32754932578902,242.07240420920402,275.4250424611245
133.91041820967035,101.77871821725412,227.03544442447048,162.38670934512723
217.78452183707597,112.99977106494207,539.5974000574549,129.8513202678828
184.2064107977038,154.30793342392363,217.0370625470421,236.73277074097578
11.267947783174607,238.50499989387788,67.67738971696834,315.5535533047838
37.10180737690036,172.57121518587144,271.6058852316048,239.2398135759402
135.81993495616075,21.3780761177247,227.2070679983126,95.22620816823637
83.71614232228032,207.71837294302995,219.76481038797237,225.1549807325226
230.70649235522822,257.9891074262982,265.0980876056225,312.50066043082467
317.6852964360949,34.6490479638795,330.53738669128916,127.99440783527686
22.198421281330738,73.02609995668577,335.3334857161142,233.106369675661
278.86511920251195,93.73562897231766,281.41308337561037,148.18989088706329
39.069510545790976,91.85707157045746,61.59010928513927,205.7366543064869
31.705410762901728,159.02267267746737,42.57479507369977,169.44857646306411
249.77245437889812,56.137785227363906,319.92075516816135,167.912723552761
194.29126100080543,28.743239272990525,248.91533538958495,227.1554153347126
194.02726355571437,68.0920469906142,224.59037861831652,303.13208644142395
30.239056809878534,91.08613971480641,92.2109763575793,174.574322295536
43.85718982036733,63.87540414434475,256.628796817101,71.14032239942074
4.9779736348052195,88.72717489250664,132.18467091475736,110.42383961214713
14.645444007729017,125.53716313706624,171.86496688803098,257.151227154469
314.98744532815084,142.34857767306073,317.5830808118803,169.6134629399468
118.41373039864193,142.67422968446576,219.9463459535758,191.1919229655333
15.934257763327484,180.15045701010683,159.29749983379716,209.9314058580302
36.67329466710198,155.3829232221725,102.65216812543986,546.5162596869549
136.46055103695764,290.83267613364785,246.553704244825,372.6422742077127
279.37617691884225,34.90245794553826,324.6063751357421,159.83718434172096
114.43621335177046,64.98123628695409,175.79434182752445,244.52262276365386
180.69354660720626,281.6291887193438,340.2605877631741,340.1287348777966
158.97137638996122,49.94586888216334,247.65000777053757,275.4047066897019
67.39187793835912,147.7314329374299,110.6724779334867,230.76963883042774
7.928132150355096,26.953125496387976,169.45156008660737,95.62999291603461
123.68950160081967,267.40681519764354,225.0371461088214,322.9612322236778
15.876864446380294,216.3038827532025,120.03644287659735,218.77715825259688
19.299070368532476,134.28057358228352,171.37427325919822,246.99580136701766
23.819484820884348,146.68055211377785,183.48756875156002,255.89584853568982
33.73539321346503,260.53773572050824,177.80573722222698,343.38617335373885
25.51092258931312,170.78257017526312,44.4264991380885,291.00602604644706
4.560381476412082,178.2433129854119,108.59590442393616,262.0203943919277
88.0129460708919,178.78538056848686,115.10797023645802,291.43757050726634
32.74574897723838,151.50581487295207,98.08602637654319,171.7858857835518
25.988695841411978,48.319618973466525,95.75567457800078,194.68445691439064
140.42818442645978,120.85761264176206,174.74518125405825,282.4210882578477
10.045485200344027,106.0140298846216,144.8885348153455,145.7154008760441
87.85883580048784,363.5734944909265,121.51723526966826,475.498283364637
17.860140937034632,186.73335091284895,23.5067634860929,246.40490708681585
36.651239932578214,159.0257258532775,85.34573745821002,216.28210370978073
34.9845755801698,191.83579948753814,246.37452869681547,215.96534196877133
61.693238866244705,67.2760488785149,93.93281405984351,78.81274965951597
24.031797020868364,168.43552975025412,174.69282374186182,177.20700137227283
25.694495602958003,154.88329360726885,44.003134518073516,179.85405151318358
282.0213743622116,195.61465655820763,313.0101649652986,266.87422433485233
28.315612151731138,64.75916219063971,95.63047064830872,75.57051066330997
26.982168671645773,8.12260912901554,87.30515933519018,142.96229231562577
189.86654248201435,124.67312322342642,200.3172982726314,212.99434546499288
111.67391537677227,32.60133520419452,144.85377610726692,66.73388765227261
12.704641228769912,111.83656141076887,144.31244210164758,118.36060674300457
25.903856443827245,120.11619129720121,66.15150709268211,144.64541317145697
41.20693776726075,270.0696589977549,160.52271758936465,277.1748591033918
25.64266730680103,285.2095347527922,147.67644844168112,350.9229630585145
201.1733013225203,84.75821993489625,271.6144692562235,202.03674639977743
153.3612439808647,144.28587227529957,239.723836578727,144.50208471305166
20.902561536156103,107.72202333170064,182.06109803350742,214.20829149314696
129.4869804977304,314.78252266281083,306.47102318825137,402.0949570496038
15.815276311350106,95.5774256862212,59.5328626268671,168.2363316149794
4.000536259916803,83.63919510425332,77.42339403871844,115.09964474260721
4.247076308409179,171.42131137075307,104.92498007312335,372.3948621039193
10.2749478902425,127.90412886077505,70.05201307261507,211.44031884843923
21.562783716968735,93.79758151547816,80.36834841043708,230.90623781513978
30.433120388649527,134.89547233714046,101.53982160178683,213.24611929159286
105.15130767322488,24.64875647201788,177.85292863948013,137.66310388809234
211.6325729100948,87.97907453582391,379.98224158855214,205.99289199014348
82.31136162981115,148.1513465575078,141.63671289848747,239.9217065023856
9.54907875230822,219.51233375647828,183.2738647248859,304.5915042922592
23.74371428361188,116.59085901453744,261.7291681869186,153.68304632253657
9.258973521607308,89.89011925508083,302.4588646785399,321.37669912851965
11.932030096820904,33.31605339707385,67.72843378033063,332.86785945829166
579.0342158447487,211.60771058904595,582.9470220923222,362.58842221296874
238.2299085305789,63.71863821762492,246.2234301975493,89.88443852824557
28.252966625675956,222.7058710194126,220.54556314375856,227.0008452575026
125.62878414140921,26.478915409270584,346.8406216928255,135.7136710559086
244.99339025823997,92.03114423375628,338.47805726688773,178.5157903585391
32.81789569966548,126.37831607078533,260.4423561920576,210.94420790975994
113.35265299921099,231.63298286487256,212.378183880569,266.6095884166918
129.26550180172865,171.54120010963337,213.0596936040091,275.878290619523
101.99108307930625,130.83451522288115,145.88277473680657,145.58401343376997
78.49526737706671,89.3248394602445,152.50506376855986,140.01496556806714
35.10674746248927,373.55545871742,73.44505237919923,536.4937812069808
22.452726204720474,160.99599480738874,63.17011097535276,251.97587184887098
22.713354048272862,91.6453936693954,124.0541890917423,222.11542996868297
25.146555362801443,127.5931859898878,47.48514523406974,145.97616164896039
226.53804141835877,134.89244727638462,275.37851049395704,280.68064364839887
25.87672250866205,184.78101779459362,60.43548137440126,196.77227750481802
58.253348663119915,116.16390913962336,120.78677045324562,153.19790969795264
259.0105132379158,90.82807557324149,389.2458309674861,101.44745296139244
235.73822465130007,191.3855570504622,353.68788641728287,254.73601562843373
60.8504407604546,225.56033533565952,143.85075610074625,299.5954683470256
793.0116606342829,209.2489299783686,848.4413009493438,237.29847473631915
178.30471263414267,98.73349234436184,218.9454133650056,233.71444550818373
150.86698351317204,182.12448169688554,167.17277261820698,250.231636694979
37.45284041429812,72.29940252191903,82.5042063376795,104.0162978164476
145.78735453959885,95.69641291768626,268.4017573774858,183.29721414180293
119.89484513395844,8.86671844864033,135.43594701067573,239.5019093012065
26.46168937230309,206.19356236047716,97.2183632921533,236.19694784379644
129.82572340033792,142.71294985216136,201.58375085575557,307.3397476931799
63.309302709183925,95.82100569096826,180.0734710951379,269.8925800658854
7.479191983448508,140.64316388671224,166.97433669599596,303.26256281064497
11.988567804659871,256.9354938434148,87.51852892739184,272.4479089664754
5.856484257737106,95.52829980525473,227.64664223893544,121.0701232117716
165.91131375162382,189.5552216120476,294.68856977365334,195.9662165925855
126.50219439170637,194.18779611158547,221.55627672483723,248.35640304999902
11.705915660110938,351.7398360438153,205.83727902010176,388.6154570725213
114.53580410947457,323.94376869345285,214.57474842057616,429.48992584734066
21.69368354647031,244.84457286820614,55.72218495825544,345.72264401026536
66.81858127983709,133.14499607770352,298.8068604869818,204.75646653637048
9.42559169361509,139.30201382907916,115.34727226319963,167.0329952059433
15.216628035411162,120.50860018809686,269.8222831730449,214.5550163637175
171.76070636611584,190.6502435360828,218.63084569702102,196.66200122166356
148.50632215225733,92.91239224008193,290.2326968175579,243.96891248330581
12.070366603429532,41.56184110857824,75.25675343007968,157.83730481853928
18.252717585097248,140.37132942401323,61.85537369017959,149.42161623080813
17.964940142103355,253.78806867809675,71.02541017496839,360.118435620055
246.45074766601343,136.12104006419622,339.2252391189663,177.8207825108088
251.79463685765492,213.26722350950322,324.08634738320615,250.00558743425998
21.716664486161918,265.9664194823779,26.46956608369939,290.6433800109974
11.642324133799908,145.79727055737106,114.23229201837245,228.32776397980203
39.28779281062772,230.9193857471806,261.27787773557094,260.79186213569346
110.39249760973287,183.2317854570963,178.43457944157856,232.6139949870095
362.010604187261,115.31549814572251,399.51881238962807,185.02232950282826
3.443309842017525,128.0797339846592,82.7733930097099,149.67043254418206
76.0099706359767,129.34955531554658,331.26935884824894,262.2759234773766
29.56951030732198,105.93486721303583,37.64446132021584,113.14920114732604
18.205054135415985,120.05558237061135,135.81145199505423,186.97968897490225
94.99520271657744,108.06120317414859,231.68840373872925,145.43986735802986
11.336266407871403,97.7578790695015,79.92720504504297,252.24348736643066
6.884794134982941,141.932644279851,382.51856587630937,295.9445177230126
231.41926844197633,144.5994589056902,338.8495857175288,187.23263132389286
43.16128202345682,28.95537388065538,53.23059977595798,148.6347078154439
20.9075158951164,195.47106092125316,60.944460270727625,333.0532028650581
14.29149802208015,97.91889708735557,123.12577721629994,177.73596572466553
31.23129186471536,195.00454101262827,181.55540566393947,222.43629401599662
212.93813840765625,231.7843606700514,322.5852263312032,265.74537359639794
134.76259590763715,253.7908994995409,180.96796950808795,347.2219872492641
12.301483928519184,270.35688587943855,103.4222717211281,277.6084740372802
8.057402230258944,185.7178766246688,160.47390246015422,281.37972765063796
84.05682070877864,211.7419902078796,539.8157177166288,306.06899920910166
18.56645623544686,231.9868666653101,88.43875759909749,252.43023064806354
23.188634706421258,215.44652619312737,68.2431249006703,229.132076452324
287.43080032066985,168.05541535161777,319.36272344446803,202.96960249440446
31.920655751839725,184.75778082440507,262.079796297877,255.46045545649164
100.09610902276248,344.86945507236993,147.16066982516696,416.01766701772607
112.1061235953556,156.119155186034,225.3611788709382,251.46780404444434
106.12356470585826,141.547296686589,123.24803847281527,176.25445948799216
31.27239227955222,132.16298154985307,202.41543127590765,209.6902556077756
44.34753332291644,162.75110374575408,137.02466968513053,189.25288212312176
26.19641212977079,223.5343400741076,53.51311580366865,261.87000105059514
148.87016775207343,283.44638056177035,255.0124151317135,328.9839063960795
232.08751193114503,193.68664522813637,345.0763808400728,194.8241375488876
386.6983935118528,112.64329332958798,430.6427620288507,164.29435451198088
90.47974117222697,162.30073259543946,229.8623631989904,234.52300573469728
6.312998848814126,175.6999608146811,274.9290276913591,224.06777869661832
156.7816808299686,198.72198313412443,267.62649584375356,212.2880322965429
58.6132242406043,76.00930665255359,91.5044104134913,270.60975334627165
145.78460775659562,70.572125533118,160.6429087897992,157.96720424708033
236.48022310218474,118.72141212829291,249.38194800518698,311.1832150784977
47.78413298619344,136.01964387018577,87.49724925467173,245.2724096509016
19.514282185304456,158.06949886710507,349.8344097776601,212.91738261757646
105.98659924443976,292.21326210666257,150.46712690692658,314.26239344934953
13.852516591913071,20.214424319315764,44.73683413021889,92.85445726851822
35.93790315333649,86.6239700087627,111.22496425094174,193.26565345620958
18.313204610471725,317.6562229446649,117.64065190974173,328.3469624466898
210.6553208950897,106.83281827890451,295.9229839151134,192.94189426981288
131.68233837935185,85.78369364912982,139.07538135527645,246.3801849939669
236.62530486550472,143.29504890566542,272.10790724795345,251.78152500914157
19.884649637993807,187.70408647224045,171.69175572095457,298.37489241880354
19.241087476345093,61.01926857463258,92.38268759539716,235.06166754425848
29.621513100002325,143.1465410448284,64.76495989245461,236.35798005989514
128.58090336131608,172.28621539972445,132.57663057142045,379.0180765637678
8.231464108045573,90.59454428905515,131.5166609293822,116.68005869233954
160.82550020509663,199.8332857541805,194.61460012583515,291.65837961094377
124.48761320657808,205.99315116562187,168.86161466398195,364.85048171616876
22.99261439216863,112.56679352880266,99.71075506108477,136.2674876200455
20.06001034466709,164.83691681683476,175.35865073703823,223.46011548903377
31.846293936370046,217.59324666783724,144.1184496689742,322.53868853256154
15.253608738697519,88.33971399394818,183.5207372819845,147.16026834379187
49.63384216068625,315.5055523814497,95.52163527413445,384.01475499447747
101.13628380908901,85.92164855252409,257.6791802258924,171.61281898857965
32.23258411183251,156.79826226640847,105.82299644407796,191.40921218756134
21.876025585002388,117.96651022995846,102.54818532812378,377.48549992614306
152.74860159357945,152.45596214917532,164.59622595447647,459.24186975804776
48.22219259240343,190.6654286128808,342.5522335611471,212.46071876338448
198.98319506080065,113.69840485264031,289.91404735965085,166.64474469327402
150.5517507077549,205.34407816982164,179.555470929589,215.9565528594077
294.5463618529616,144.65669928418126,325.1623855984121,147.73376996430483
9.0003566812677,64.8463447023609,233.13208655578515,188.4272334098458
117.62493236573606,176.4743242014121,466.03936096147294,177.0879980992927
97.69834165561868,24.406149698613543,192.47686174974083,141.91760804221147
72.95797298886193,294.24041751999084,225.31438637599075,369.7492258820017
35.369841825658234,167.88822620366275,135.1490773241979,202.66527463391287
5.616830014036815,121.72943919772987,225.1763078548197,123.80989170421084
201.13531032949777,160.2073827914121,317.88761054404495,192.95368459408567
18.404620258765785,253.40939818346425,69.9175514942819,313.0596157345426
12.557860826325193,25.969569644885414,30.852118957504125,28.104575151683022
349.61398221013843,22.766142687622594,398.1122080890484,148.93734867493873
9.622406702446563,224.63784395337717,87.19505853980749,385.8766797043276
5.165036917724064,43.064906057622416,110.27912055706017,64.43446636278695
27.293069665740536,162.99143733568923,241.36937707442596,165.12334863717166
20.492952880811966,72.56842578269391,159.70650400448815,280.5830049086629
19.256363284924,149.8610763526537,152.0454008564122,289.6957142951394
131.13522845902247,97.84100230501001,335.1441077580626,198.7993227294981
19.078792008561003,88.27619251169398,79.3626394255651,192.79064622420344
38.09928604965486,315.02479959930434,223.33751479771703,333.8508142232645
157.43791189407517,131.2696745553911,213.86594209234553,283.4311004728212
161.5498253227561,149.18293476165357,401.61423728468867,182.06565591460893
108.20772922399998,189.07509798636545,166.96874202133023,259.5251992529998
41.25929363060047,33.25411425004301,267.97733006217453,66.74755916704187
86.05339951453999,34.64507319481172,329.66863989973825,135.93761996467947
276.3901178325316,86.03468930566018,300.15698744028913,195.65703035706755
22.316980294210016,39.09928890303394,50.60526052466045,99.71793730710313
258.26781533085904,66.43715039429222,277.86313345012894,174.36854089290085
124.97427764459113,234.37052597964052,195.34146139836733,264.17755850681783
44.02793538172099,218.19587497784028,139.93023355828439,268.76109724365386
189.0728660688264,88.10339498042096,276.4932052730964,110.64574399599901
292.89179732592424,69.57528505764107,390.77195194000876,150.0448854856543
20.50628722080049,147.0169944074474,109.99764183136327,275.4505030632698
21.319275158343387,202.90362282175934,128.29447492297933,263.16464012408795
47.980770047929894,124.70263640284638,94.90573713007537,130.3553981929608
27.95130873580069,77.77664388819318,166.7001355252326,200.07139945574707
85.20239752399783,98.83062078475645,135.05401479920468,135.64420646757614
8.820554388707507,138.67470771347976,698.856063052225,157.44757908112211
341.10767570332814,275.5856102390091,414.40550459767985,304.2607766388986
182.60881001542694,107.6432960109452,381.5409255146591,150.90441881489664
289.30418370765483,110.53990662546018,308.93187293858534,112.11587017387262
3.8694289583374886,190.38245467022873,131.87960053240806,296.9967583089551
214.273267095004,96.99858506368003,227.2353085266898,176.4745155319143
13.760756886327068,113.00001353972029,131.79388783525732,126.15458845230037
127.51767556316997,138.75724091034996,181.9441132294731,308.5178579532628
5.463467544248649,253.72620390975993,185.43140206841667,268.88032214307617
141.70196419533477,262.54908563110854,162.02480248679058,327.30677653442353
312.33750451495916,160.29548934408155,356.90376093437516,175.13006084340805
96.55101372517603,183.31705498723633,306.0715505864197,285.77412637035064
14.43117201086139,271.3462344780285,46.835981867376134,272.53775554573355
24.41872531593063,127.93984146379248,111.19697477882181,222.1348822119989
304.9501608561113,152.15265017448235,314.8202552647552,260.00250372164186
22.875155146426458,93.19570184935594,252.0953104886451,180.04560757153993
58.164276741045995,132.1144334553807,305.39449861733556,156.605940787655
255.19439343100038,95.25300536426789,259.4001192796545,182.55624338347855
32.780645620171626,45.494459631270175,65.31497786987197,126.8954865472113
131.6954846825142,161.4530335002615,156.4514532862955,164.02737464483374
262.7216871613207,199.200810437661,322.18769406870047,272.6906646816571
136.7797368433006,54.41269096832852,314.5333835391952,282.56804549743833
20.14055980500221,101.48726562866851,69.45266088092562,282.6373001569082
112.56380940929732,112.15540791193868,116.75238288379393,149.36283437067397
29.18014626206716,49.38819114640696,155.12093290096556,125.55458779762327
28.68415150668073,107.82556648838249,81.78594384849889,137.28728627886338
302.70960641756056,70.58593833273164,322.17950325644057,215.19043345180373
22.349618789759816,248.0649890169152,88.53597166415528,260.44675055721575
0.20883328977164348,319.2843793252439,83.05497056551945,401.408717949717
30.27289946891686,253.5805762306183,73.00497317072393,318.11847050006133
96.42830084719004,231.0034906700342,317.59933026482514,233.9947028124456
6.215520091050708,244.1117648294249,95.17206436506726,280.5845965439096
136.702837298355,151.79530860894786,149.93328614555338,219.44383792635415
15.729192270476412,392.2457760377236,64.85865206290308,480.7523774958961
17.87468956318462,129.37301859912316,302.0024275771965,447.747256281153
20.164904899077953,267.7751478173926,137.3503948827776,333.9608184891017
27.945680680356062,221.98479695999822,65.819457046982,264.7861589552857
208.77493033093148,29.49505115526018,299.06622980217094,173.53779113277045
23.687106499571065,86.58201308455956,138.75801333540076,167.33659016017
31.137323145869058,107.22083174515978,122.42164090765223,293.6928719995461
171.1689273051441,190.44474198227107,182.28394094612116,205.5690509324633
185.2703312445863,162.9957445948547,212.64304205346815,219.6942448518831
42.882905785337435,89.83610262227197,65.47103302773027,120.18970061123576
13.635141808579238,261.82518426144037,157.94106162123236,279.687782330065
44.87726568178981,182.6213076513707,231.7674553176169,186.1757883544268
82.68056134400953,69.50980810794007,84.82706356010337,149.26474995220292
30.721971768439168,253.82984309488737,233.23458035572045,257.0415512875652
235.79749924773526,165.50718590487034,351.77428367176213,169.56072979955616
14.525869446381305,241.21097464784066,133.01988329064534,275.0982077661286
13.671543493000494,123.4286334939185,30.858977437881,300.3889061192586
33.10406517007625,138.00574239469103,181.07626703208442,187.17646009225498
119.8619911121386,156.63350204191505,272.1580491091483,217.03349896111607
104.22179479422498,71.73361799062432,267.9119137315665,75.1958045090341
19.157110882263158,250.0217372963134,341.99033683483157,429.7684053539123
231.00623841252497,116.76249671803097,369.0736774443546,150.93378942449897
52.31779299631524,254.94425152562852,190.0971097573323,273.21140240353014
4.177585635830081,22.01448383832629,166.1470313818959,135.91000534971775
17.103826208086783,64.13690399538743,189.76790055933938,253.12211794671776
102.2824338100594,193.88912415506,475.5776880321993,259.10104209478214
68.88052649760573,270.8832534119163,127.92076606757416,322.31644567737465
21.589132067503634,21.74724306876638,186.2284557674042,69.48054472216872
41.99750932141478,123.58321647658776,218.24960071787962,167.56132389304918
151.80934651517907,87.43393665103474,253.41973873664395,103.63873394241783
10.309016543890529,36.995702376443475,87.54226129048877,92.99193874627942
92.26897623862594,245.81299082395032,103.6204628878859,306.1822361607014
14.55963272507781,85.62476942784711,262.8453873791402,108.68407699646669
22.54392923865655,272.7815053032588,309.1488855223678,286.9660583474156
176.51624282312457,38.329004287578826,197.64287755633816,148.19951239991718
22.176410393498827,125.70973206289965,147.89849040747131,150.91479834766147
94.2212268701671,15.608005966652945,140.51359709946917,58.289953400128276
24.503686291497242,198.4194127758782,46.86174622999791,217.08135971330663
100.14428686081034,181.76650738070117,100.36498488152702,242.687404157564
293.30204155622374,76.91531336627807,360.41922334784164,176.60242871496604
11.083281133268672,150.55418625048782,139.1036406585146,180.89011432836858
25.104084904853917,21.73107241274853,44.69682301491662,151.1837865176258
14.406516827652705,188.365740981333,236.8859607852704,214.02984319962601
19.805538236539427,282.3908823404468,183.78557800235245,318.87282596554434
23.706711034881653,99.59201069240885,188.51741342144888,259.09521922888143
248.8327895627542,269.37667978926726,332.48795104737366,270.0422083424423
275.46621837450897,149.12381805537996,387.115339204105,194.253156486009
30.969761480637807,112.19405574255451,276.45721423584234,141.26085817192097
29.091483285975684,204.30025061075392,218.34861222922544,272.1745235543529
165.81185129104753,145.0731599923967,177.78802178564155,213.31926788089433
87.33580161660825,77.82958598499916,101.30768352251903,364.32869727098245
14.488393426736573,128.40860664297756,80.84658224921641,138.61485161824532
13.286368507757162,276.66399333604426,158.36173051603674,312.0095551812367
214.96642284304875,128.1951234418572,481.6064287425272,196.772083183201
19.121921298020254,188.0196231274373,196.23164421405158,188.61182556773753
141.86895556378624,452.14435593951947,148.218034794089,473.2197749067579
121.2797844752854,208.54138548515905,207.5329399720772,300.9169806328692
91.51527257060737,42.12853183171539,272.3110138738496,158.26281736608905
85.18626377115667,61.07955689160312,244.2003778882147,181.53691849688778
217.1167592274877,57.04518894184216,237.41116887956073,105.84226110109924
39.11681489474927,134.26797965654418,39.593210539880054,287.28540443523394
30.205413829185602,168.25283747802268,148.4724259898937,175.55967591317454
22.87985650666091,263.4779436273936,55.02704516707202,399.4482260997049
125.52073250715952,110.61479964542606,146.67469774955725,116.77528501449495
317.51921744347874,388.90615373712683,409.8179003408854,416.80146473791785
111.3679661624987,123.3601405855418,163.61117065321463,142.31435936679765
28.3223545275249,182.10655855563778,125.86649622424756,299.856690265328
29.516077302773343,200.1082683100124,235.3932677517839,210.51427482314867
41.01501114786478,100.87797973190024,296.94444602628954,224.07375802700915
143.10793905450439,303.0982982368911,312.6551542851102,304.3691398979214
19.661988911613054,215.98190207535416,286.32044974002923,347.15342632623396
158.98013001737945,246.70029598085426,205.8208839504897,267.4672644395265
259.2842043138586,262.75029112104306,423.7560553076343,358.19596074304087
44.780642027666936,58.12372351954294,181.87135819104324,242.3701570898624
269.14250041432786,109.74084619112476,359.30293285904094,231.11000889237562
39.29986312414177,140.11901288748885,99.20279235092009,369.8068246238158
20.8552267706463,191.52516499955982,55.67199150952096,192.04781530441699
22.998749863092616,62.2263357930573,64.7037500550993,122.06042648765677
7.679068182223052,213.3728528760987,71.51372709779406,317.9734443597451
86.6476477185351,138.57716423106368,89.96725779295078,187.65638933046563
126.31645742871804,63.10029233939501,163.89176417513107,272.4647014781511
296.018878315631,316.87088228972664,316.7331729359651,346.912561014286
36.77196777207686,121.80880577455355,301.2559849811959,380.1143733137857
126.99456141666734,73.6347145633067,233.93825975319075,191.5983001716145
9.843355172298521,138.05556351778972,141.16775810844024,146.53722628420866
244.46786401608048,130.06029883269846,330.6798687897365,344.2582563969309
127.68341599501164,213.88211855348422,176.50506785225386,226.62302628621373
43.18425905300105,107.19157548506757,317.8698390747457,340.4571063337434
404.63060875936924,46.61667707585739,415.11706355339675,66.34810479421095
12.49467176872362,257.332550007721,138.82551515849713,317.12669802689146
28.034575209501376,258.7730683361667,125.81053075587246,281.34357390903784
8.5884590916461,167.27299043591694,172.34532662285167,171.7513756269749
16.03826279810853,150.78759041921413,130.2148387358537,209.78640481449767
10.486653659255172,356.9194217381743,178.64955888401425,358.139673392767
222.12625287193083,149.13790106429306,315.1781797129228,376.8148841617931
193.37726073941215,121.57477899947665,286.2863273922265,149.0404216717258
10.066474965316731,251.96257729610846,214.82815339282877,387.3461887815971
121.96931913947365,88.06387956107825,184.97425804426092,150.96866605700714
15.821775194568568,238.12271074507993,129.07174002318396,258.0719817478517
255.19394279668916,159.93154070086777,321.1485468210621,178.51866625357502
58.964432394732555,115.31934221946607,131.35375186294698,252.4640103646748
48.72463318112816,240.50567778838428,152.459592638922,297.9323623887523
179.1491587621098,159.77966449823438,283.20338753275416,207.49753767185788
23.162985085291695,159.57823593535898,75.26506642914819,227.0416583097962
14.924336807247409,108.87346281986034,290.51307887109334,172.1487961971339
18.23724370080161,243.50211261647456,108.16815637308723,259.7632565509961
37.10927743855392,81.18028938129864,283.9679628114064,120.0627272802977
205.96234626719374,11.345797842023464,247.78167829996394,53.662004409010436
222.42828093014793,326.5801081433228,255.0510021347032,333.77708836699884
76.90990349852399,266.9822812633404,160.93083176527787,353.0739634577097
7.246965411007634,325.8616752485838,109.66452476921337,359.34687830728996
168.92899650217748,116.41658212476149,204.05855043251583,214.30574940308625
49.89963014471927,25.3660007877449,175.1977119390466,152.23324458208617
9.08957667597751,61.86607316480666,142.92280444016288,281.0838876678077
39.094912943938176,133.03793787830392,195.68602586065046,179.38496239734928
0.7622659388291113,263.207217178468,69.81780449077067,371.68541107061
141.516453122415,40.29970891692161,200.83122471731394,83.22506441802732
7.956683743690583,157.21552696408526,67.93440384240535,202.6679422602888
212.42756675439756,59.22641448306298,283.32424500216734,213.31173228604155
227.18131156755143,171.8253103776027,306.9518608012846,398.249643032812
34.33300416281435,139.46884473618792,153.4364440842403,198.5311767073908
245.29219023032599,203.68412780622435,284.33672584012635,273.16275429122857
291.6325495934432,142.81176925699907,312.49352255707026,171.22357643898317
22.728567267036595,94.62654599075408,111.44991360301402,135.38315218796473
34.28184271975369,162.27702137442066,54.79755359120176,269.902673824769
35.913854138004794,101.80187220416794,197.2868985184847,246.44853247269913
8.99924894207908,159.98244948671922,107.17720030213263,230.06999938160075
56.39552714185496,147.03168534885054,103.05322102214629,148.51049715622378
133.4205963035247,110.04866104263601,143.19353232469257,206.98730757225994
108.49493827991287,210.43929446941067,108.6190964412483,235.62522892311992
148.0072810446731,293.0314663009848,174.54242783934578,372.84002941776373
54.28464990268773,225.62629874755714,63.08394218853584,241.9919543847534
255.695727192913,64.46116107340258,284.54029923946644,99.80657545711674
42.70460365237045,120.9716652394824,214.0224429512799,241.09875832761952
8.800223037999805,100.5693677670832,76.2673479348955,181.21056296309274
348.84887505643013,136.69567092376562,429.58285833785,171.49835777732977
213.89880083483976,68.5928015329933,298.5770910260725,222.75218022628584
122.99486381849825,69.03785155732433,277.98131102493085,442.2252657287749
147.210504800697,117.80022394467693,169.68788634051097,295.17616040872457
16.64364287797421,224.21540953255212,100.45633206160869,362.90374964419647
268.74826849158603,178.68087192091158,328.2428202179751,205.84036122201252
45.7655118618399,417.30443166142084,242.0051100034213,419.78342436179014
28.912688334863514,220.14558867217917,298.9915251627403,288.49567955011577
13.232637413009684,15.934739213378442,57.97936285443047,161.77443955541864
194.4226565212824,308.5115996529288,214.56417556826509,347.46615594646477
7.412259281560787,70.44615502507308,29.63582536550414,172.212600821954
230.40672263263704,190.88191587116563,244.57132988655894,275.927432076068
38.83911524915989,94.78283573955082,147.63441142331155,136.6932259167814
172.83592912045137,173.9440626953448,198.03263806729336,214.19736158512023
53.98503444742426,34.92588797936315,100.53250491990212,146.77571482808193
22.487370020756217,339.3226981516206,209.7056250761137,414.1612576880754
27.64412232371447,181.66293275329983,236.79165268007569,240.3881772047946
66.13089337685774,205.82931989619482,87.89099911494237,277.9060170577502
76.71904490284709,111.07777661687125,129.4704365244744,119.63767888181604
10.836123548919003,160.44494866409784,199.8204602882749,209.21409073774305
41.34743387327548,271.9773369358025,208.5343062266369,280.05097055229
128.4533508478835,67.55827649397146,154.74131639740222,105.62687617906063
71.3849706111657,197.664688659794,104.52489972810685,225.11487138311375
18.278889140683418,123.23250329537917,24.63130875367969,130.10999981295612
938.7187733435004,175.5215575454849,964.6659594530712,194.5906809705214
48.61852349669438,51.1164873081645,55.12992969436016,97.53257190148925
228.1243199016586,165.5310414213425,352.1990553449903,277.107609515146
16.72504856051478,124.52298595478074,180.78620659958915,164.36628044802532
312.0735995462421,19.647193816622767,350.6341958477502,286.7705654065314
57.69935728877112,209.93540433071507,224.32139246787094,270.214638606092
208.61587650325615,131.93061555565788,242.81556004262956,165.0937520607075
107.6840345229379,88.0094460752692,152.55234856740014,148.34810094902448
223.84999768138124,190.24483911733302,234.3917877134228,191.80988278150713
199.20519015859497,156.45765367908763,222.61763656445459,192.03554520495044
12.105425959261355,131.4233680767462,73.1391999034459,147.52690432967663
60.44063484457095,238.1929540956098,110.02931308959941,334.396070212015
231.6207715728412,46.82935992321335,300.82528731809623,145.22080391134116
129.59453700455967,87.50379988972799,205.5583183915011,208.84044304423668
6.8790691454542445,232.4330294124792,221.78159288416177,373.0414279799362
21.684287078451185,103.70941598158029,90.34909277784419,162.03119493330558
10.460193718666465,67.95423936881984,242.67674281906687,107.58341352753624
33.14513027232062,241.8801210380688,350.74966595388463,370.14891447983365
26.430477703473613,133.97916779942418,171.85562474734638,209.90301406362892
26.208286502112898,152.0395556562771,62.791268995242255,189.60517172092267
52.59626004581176,189.1890753789624,100.01845274975939,201.12859122364958
7.11291922413815,119.96923186043198,195.9400718292657,121.60042930567519
15.276240519365965,48.00462633338365,22.764336698144856,204.00543907696502
11.103963651829886,288.328667650593,121.87831491241751,361.5267392761559
41.36832129158562,41.23574530562298,161.9463327235123,225.62274417658688
332.58407032330246,123.05563788733829,498.29917169622854,270.7824451649913
209.96046265987135,285.2441013348337,328.22207320188744,310.2840857766732
34.06070181179657,158.54936187053843,193.66215105997256,249.89886215744173
47.00802066530577,61.90022234907844,150.33024987312547,173.26406262824955
1.4753342509698135,199.51003945124825,84.06722308002377,221.83674562022992
290.01760659650046,133.35013125944013,294.4791134236927,168.5394297510851
19.020115825745865,56.670275071217524,76.24303635304965,223.13722557380012
84.11744382823146,142.0122630538225,238.44815904591374,185.3062126894403
108.38027344003264,88.54958712164442,199.49053814439645,322.7115355369809
8.871039139990312,221.26391173305328,158.85677790358187,233.34508325289335
23.949266622291255,124.97045999307275,74.90065382380874,267.24093011958144
18.077722785056963,182.4993678096015,66.17950133023638,193.50496033298253
45.72668383324798,210.66323304544704,191.57478535423934,222.76909690802654
54.09391783867604,71.80989289411025,155.8182239505083,176.58982369664326
7.113719168653047,271.25733792905385,121.75564649672229,275.7421478363105
23.094955607673075,58.025220197840355,121.93443261685394,220.41318616102458
16.09136207603303,409.32885128307316,214.54260015842922,508.17412875981984
199.78156505815693,130.5989597407867,249.29744950426286,149.55766684396283
15.377544718936749,233.3846748833596,71.52904473640501,235.67566696514504
15.666129989525226,54.09490122869915,146.4161158990216,121.74009879940041
123.29922877147993,96.69924534061919,127.4610842771884,549.212390533973
34.97197529549556,29.19394522155243,212.2708912161815,91.2773993284254
160.26886358666516,155.83964899619107,180.3064247880089,208.614747960248
11.071072521584256,220.89619691152643,338.8618876808657,313.2293064352075
10.3348692748399,84.57847269130616,170.35705183195319,192.39465636337562
240.3074843565194,180.91777839887607,297.91782032305014,209.98899711996683
216.39774120204348,148.92232497188843,325.1826935472028,260.47917234155875
241.1586662647233,94.57684900554422,269.42308342564513,123.55776682843941
15.078396121712004,110.98085670709494,699.8848744810549,290.3137889935243
8.774612463839887,194.74055445731096,87.66680992563849,265.6794472436907
169.1277772944529,60.16710093961595,171.16053662254504,87.5497837192525
125.67003961762461,160.5226906064962,183.0693362373893,173.41578253382002
50.52160900681799,122.47842686798545,142.96129917587075,158.88172652792906
4.715082849377308,233.45251290399378,52.584826057401635,261.51590992196066
11.382934648959514,199.43001462117462,201.05658762996143,268.61998520715844
254.43285216548279,125.71475078802581,310.6802472164742,258.70783177272347
13.83518097248957,52.31860905819664,86.42920551071275,122.97683443828885
14.838451046551608,70.86470335105564,39.49643952516212,189.391273225876
184.03718716389122,356.4258857797529,248.79986662459194,419.51746566523366
13.190326876692673,37.64816052607715,143.83840206740643,119.7584546914653
19.313788154160562,134.84718462292562,232.7862756289053,160.1924642280768
355.2097887345247,251.18226306849962,368.56241227299,307.3090113515224
195.01641727970733,74.233626707344,282.5516723193837,166.1329319381935
10.456257883984117,101.00356907785176,163.10114964962725,143.401109794482
221.58075921356465,142.986602648546,372.2332134524444,197.39882831947952
227.14700731766345,155.96672301057566,681.2373764764526,167.1369806936363
398.44204883857503,145.04974037529678,424.68097504287215,156.08745816230314
296.45340558910243,126.27575158804082,298.3409807539913,169.47224695881562
19.724457685740965,185.5229217697863,409.3895274047804,216.35918770491213
383.928142974769,318.75082872418767,428.3163116032722,510.0020216075938
176.72553030071145,60.058353088514615,226.32401090149526,91.32168807652764
58.34922121783259,98.5986729449577,67.3958770476375,118.75540498019502
58.262686893613306,132.00099607940405,194.14407088585182,277.0121875565458
15.681077545134022,383.3549041781378,236.96722396714145,399.76204679074823
31.691241640344106,45.558181376471715,181.73144717465692,241.34927618593392
46.87203408818381,15.430036165728374,121.34779719494273,50.46390319413344
14.426761819611622,287.39599945526663,201.703230393267,295.86503100687816
5.677094460616592,83.0817341874873,93.47536625029936,179.67059316972845
12.391169492964822,139.95217942426243,166.36401010826444,226.5088953851538
160.82990585652757,147.49738839379515,266.0794774103898,149.96952706504118
51.94462653923973,234.191466525449,298.57946972086404,272.56920403393764
34.53101848297728,236.5858224638446,161.91070780444454,256.7438380882514
185.37700803850612,134.02529736909827,207.11198338467906,205.06224351255852
7.493170786305631,57.34508937037609,69.2805917754484,139.81991771154745
6.579941020964183,103.83635145503497,41.86788071670595,251.6924068615482
165.1147086099979,56.870621157251634,397.63524109427226,68.75102170381624
191.3648261616369,98.98323739692034,268.7807134990334,183.5564190924835
18.253492931466653,50.58810760279538,65.70391387566727,146.48428350278698
25.484618503778897,397.3902895524902,128.36414085426898,405.92913914701006
200.24709585274172,304.09177861036903,338.179327016891,341.7865751576579
167.76636272972183,66.87840329423994,271.946706329683,146.96722281725812
6.944891054789093,235.6485340940635,111.50031484388403,308.89825190774724
204.78806395771525,43.262591373262524,250.71114916782867,200.3576337144845
19.670593408378693,108.965734655274,19.67328964611603,165.27316434874172
17.174757835745126,215.64840787091774,196.65738662323255,250.9322225072369
14.406073354176897,323.7068742257466,18.39701224192145,385.95129140173805
10.54447997486639,370.18706887982415,145.7828257974329,396.17684795403784
129.9548528522779,158.75379128515812,156.38011993120443,163.0361991554762
377.8867751517947,153.9861753343913,439.4595608832773,205.06906966011223
247.2088178227918,85.96676938933813,296.28843392784023,182.22883845343688
24.087790078631688,92.60952077639935,261.82875304996026,159.41077439067186
18.090188905109777,181.3501797185039,137.31429838129034,259.5041449274935
11.526268651071735,141.5136389590066,103.41179457596171,250.91589981741933
23.950071776749063,295.3686656071568,107.40889209400974,309.7616044793926
12.83188862773958,99.44785687109308,139.494680793892,182.6073020589552
9.493846617950116,131.33780373735226,269.2196117797472,229.29391184180255
163.02260354506598,75.67305845922306,295.52691885531397,148.8106874116774
37.87420785920714,84.90017104228657,119.40564789041845,220.30522493361593
300.2004594289072,140.23672809611082,307.52596549305895,177.18799036707568
10.290829637383343,348.94416280747373,89.00786300094045,351.6022965395597
239.75166145850085,344.0701631815349,319.6184134642222,346.7918043517443
91.36292286717863,31.665456180505338,109.86178537898006,79.55547275941062
170.9486473611307,97.7368319761844,181.12596984402776,126.63266801308221
107.31281208474184,49.11549452109194,150.02102276284813,90.91372336951187
114.10338386025023,209.3160536992165,138.71011007326095,257.43389373489185
121.27268853091078,140.23150455127768,167.88049117045804,253.38160499505838
403.74378121341863,150.73567312646884,485.4459921073657,166.64892709347393
15.15836204458835,155.93361156750544,212.5052438101022,253.10401719056168
371.02193619160164,173.7092089845634,438.93217843552355,183.11531184481152
29.091924776765357,109.65697106636091,276.8349026996798,264.7066766279153
197.83800846695254,237.74793359738197,224.6251283460368,246.67970410361323
53.02463875070507,189.30641658916159,104.50159390442798,204.99877772798692
170.18103181237214,88.22766939974092,228.7804275552173,99.29699725828029
13.827506215548212,88.13507482563344,131.06450274206418,174.6291453190447
200.07486232313502,204.27523963757355,225.68942346584123,299.6724789706467
83.76980892694955,194.89310750233196,192.9439032949221,389.4678811835587
17.21019874224302,52.18558520366363,154.8322402919128,188.65039191681922
15.624453756231967,130.4806649399567,117.52832999574221,134.15077000552395
268.1049085905689,55.979052088056804,274.3074929962835,131.45418399628372
11.500470706144151,98.42585127823553,42.57938350453969,228.81566777500507
92.99642556055771,208.47656885954524,142.0098438517574,214.58266206785802
137.88466514228344,86.41762742355395,213.64522275633482,195.12538250306363
238.21198178795808,112.02357797188365,407.42314350575464,259.13157504113116
17.844005009155854,163.60712597695166,145.51618058380816,184.78977426862627
16.68406826194873,114.81440127580869,161.65001034526745,139.42545884911084
20.207803176907547,147.7725355682956,90.38921048947537,266.53687436760407
37.22893200413094,286.12698394427264,223.66986503155363,361.22334143168536
14.675264825710247,182.26332564462817,215.04056319457342,189.90254995852615
27.139538709079915,341.38910263581965,169.90840570923402,351.51923733351157
7.216302894190212,109.97998732163768,126.65752618355357,171.95544468317522
18.930008808469804,108.06549909081066,393.54984336789346,140.5683945575633
43.40289354020112,35.433442928368606,135.57710675333468,194.97339672276183
22.195002514307973,409.9344497987411,24.688184068621574,410.2490130274615
7.597012252975229,170.28269887100305,105.26758954304616,183.7963322715816
38.849255668124705,120.97842130221964,261.00091289643535,296.7309800551027
70.36104623865158,218.64421724421786,220.40569647151005,285.4315826240875
213.18514982745918,128.0787527226749,389.65292583783753,204.33980826167004
14.526458416580185,254.06394794817805,158.47939667521578,317.9985015742899
86.31482676884242,187.56005578523246,100.8577837895026,196.36712803189798
25.308532093036728,64.04422195897313,76.64573219046326,181.21931380718328
130.37827295638053,191.76037254921204,168.6988951884359,193.6088408196107
135.33159929343748,187.19527026641566,146.45990228497973,240.64742025579446
194.24286931321905,157.10672862994588,227.11638856969736,314.1511258635806
203.26162343961266,249.68759920960733,225.4497631357788,295.5836800435695
23.36094058199413,70.31469301999493,95.25870780682109,205.81531704249255
17.056615759839232,182.75251745650064,73.29169414705888,186.1330316236781
100.5625209546805,272.42946582347025,250.92968221905002,301.6951760755049
382.7041160972942,55.65261356945724,469.73092766805746,207.50616811907526
28.709120568147632,97.2012720670162,56.22410639792726,224.77061280563993
13.429926976680198,156.49907072283983,61.82719393138482,347.74851750931543
27.63098944304216,280.04051416726367,193.21556316807937,312.8334034263794
216.09607266851532,217.25464157987565,264.3216037646012,290.93835490466716
177.18600675402385,211.8080941004327,223.7030725194738,231.9423909752157
17.6991729799932,281.2067877820977,111.62235863874726,346.78830229764026
150.7852135876456,70.95405456468266,202.46438027966303,153.38483746273465
151.97383569218334,59.25961626390583,479.5436525985203,71.12789289205878
33.60088551481201,186.65303340371568,161.97795421323306,306.4883744247437
152.81347328773916,247.35185162812027,286.4926060734366,275.8897041393296
31.736313906928547,58.75855726031923,410.82920485135674,205.77843119155028
272.6208532059936,36.34813821144201,279.7699601407041,104.74552855607335
54.912604404633754,119.6911940149204,180.4185844030568,130.4993621263866
220.28182650756727,167.09607372528,256.8394900891018,289.2867992772056
13.367846847556434,62.43748162042093,142.48503514181564,349.97337114678584
175.14428892335434,249.44940725950295,239.6207326397137,293.40373868676556
21.15254312634397,156.8921330251712,268.5236058580128,284.7741796100591
11.998528964162526,186.37028946610803,134.71371189740347,312.34194635124646
109.4465627792318,110.56508452771736,174.3947527298713,186.2183170896327
12.040106065654998,100.3198249139858,220.42249698103507,221.67826227346694
8.393049084756392,175.96337156637333,117.50774883395725,287.85857239682554
207.4412809289687,44.436994081899314,249.24196103092783,293.46354664518714
42.14437641307567,232.68829793240903,58.34107683262279,257.5657436495956
111.44681599367917,236.7877215646532,325.19888479203144,255.5743036562562
19.53163702462265,194.42193472167014,32.90121461326467,265.1809459895208
46.21024229347149,191.5370597014103,75.51836744343638,208.0430201159859
235.0182469084354,222.72666421376027,246.2426915278491,237.04193772845048
406.21990698680145,26.587545523426364,408.1818235051939,167.5862188828093
20.33250768476865,183.56108391258516,63.202415310061994,198.93409246639024
228.92511094994177,30.78234862335873,240.879213739362,159.6205229186096
34.688226125284274,107.09316835712927,164.44164411611527,191.9658807507399
202.97621632307713,68.50199744584975,467.9399400080492,88.8748400537798
106.80091825085488,121.2296625770218,330.19220942267106,197.70396888646553
94.05058746491613,169.39764082069348,142.455226741852,226.4477187977628
168.66633338032204,180.40769131396644,257.1827073618709,200.36558915331284
113.66345768669889,58.82430537770175,138.00999431492104,170.76511577277256
73.04170953584641,180.61823637292144,94.53908958986942,198.6174426135827
14.92189163734004,235.76590785777685,102.28356684915373,237.62635011242259
347.0471480330974,116.49545039056372,369.635064497081,228.39578852953937
14.814171963554706,149.7491971142523,235.4946598159671,195.68029641317509
24.406929905201086,98.0773500493963,110.25762404622171,217.48953292026775
188.9637023536624,101.06067561183775,232.79924432776474,109.03036761794348
120.27005418621351,176.69582753267787,206.9179792285421,204.64602926478716
49.84258945115651,133.94122296113076,138.78350426675337,156.96585424758888
238.31917529081025,198.316015570093,337.4491765774634,251.79400120674603
85.33748096490176,120.85456580178146,179.50022150916962,323.2793013604619
27.07845215983622,43.42674136819612,331.50546937543197,235.09849691464026
29.639796421396532,218.82651465332378,77.10974931891779,330.2137451919976
79.70346500861629,158.98055257504822,102.11974499658153,331.8388153712021
24.116929714135438,247.22923279093712,100.9625227562352,268.1548924097785
19.155692067351435,97.90170205911141,107.92627080470484,223.38436480579793
262.6587376833848,45.29031703684849,290.4015448063898,77.74092278053604
18.696556978438423,164.32657596524942,31.823488211871148,206.72435239357986
225.2258029865461,62.24913266191005,343.7666400195381,78.48995154537886
29.124471838749518,83.07704631275821,102.6456991886815,102.69071302225777
47.5835388341395,159.6377483365803,184.91840438507316,292.6829935587391
126.4370259266009,106.0789917668281,131.55173627113652,258.5996274552374
255.11685336794315,204.64220728983304,292.9215688433454,259.28909333953817
125.75329781695798,162.88618142050709,160.08064148785493,204.23353837816887
36.89068757797294,206.9549579445651,80.51183586745901,420.5970054172798
18.85681577787862,167.53668104525315,96.80941448220246,175.3745204910225
179.92220062406227,90.38646529727443,210.24309724246194,216.46655717209316
103.67287435739425,95.23050572374956,193.43489614416805,99.17509965943074
17.13194579277383,317.40865214206354,220.91105392257205,368.2846476784674
32.98105317993813,171.26497631070336,359.7486531749825,284.665236711102
11.60554633828201,116.04614082268009,188.68289609358246,120.37934124247094
15.13479444800655,181.3189765417577,220.51949779840595,314.03171530270066
4.758560580051499,8.087067779971182,102.68356464588425,70.62404667044903
8.010552180084263,115.87852780319223,108.48703641656212,180.42286602645063
12.62207717808854,90.34566214732766,227.92499033059053,214.93840409135157
26.005966972501334,89.84448704109126,49.80733446866754,95.44989346670842
24.43831735656758,117.15162711992512,165.26888686655462,171.27143693429937
22.76098150903567,175.96939159420478,291.63113648999365,180.7354139662544
11.230273985586251,70.47894781332361,87.57742735089629,231.92217527130896
301.47605893794986,284.18620350838023,420.52208120761435,436.899392625691
254.70475438640423,83.06751698832439,286.45941944733477,155.4200077232958
73.05458130552513,140.5766549853213,289.2323156280556,153.8795204429777
64.94532359656962,240.1334504640484,259.2040545368237,294.59079534028433
14.506878940183762,204.08805951803646,136.60230513995802,220.53117766245222
46.67420022813083,276.5495156462485,135.96269128444064,554.0440785409388
15.523862975438973,157.01718102674397,178.04315567528963,169.68559644752952
213.02702659152544,43.35013760595388,238.57972494191415,130.0443484849031
128.78385908761786,70.52078947730865,209.72940576670962,182.4643046662409
94.60921262630612,95.08389775461674,130.42917717810863,320.6835707216937
280.79960431253613,132.98171000818118,301.35457855361756,170.3512263484015
30.153985563329044,105.02452199283853,158.68950528876925,160.2457096475533
14.74242776626829,66.86073523073782,105.09442875950108,191.74279272752412
90.88096467450875,209.2490099688104,316.0098800517902,259.11462851826377
14.82141185499003,88.74031792255782,70.44073102576805,135.75863029213724
10.406008462037647,165.94442990099284,179.3554382858318,266.1907801816266
11.526669710467267,141.22279145421544,38.33509733346612,154.99902793732238
59.514770604468495,213.44236293374885,235.88678972721846,286.07814387124245
24.998481507611377,40.475442439624906,142.53141577388047,152.6227407173118
27.950847191875408,61.095629762772816,249.1626423835435,199.56473392093167
303.7643503161317,39.94904619042444,387.92399353062666,253.54052363696968
16.629045805485255,116.49598130231078,268.2322883438125,323.4764176617306
241.3963794808682,181.27869283154456,295.4349056302013,261.23457260053544
211.9479490749245,129.45647086655043,277.52182300058894,184.79364747309992
178.9530033710085,251.42243320512475,293.9416065800541,321.96680982840564
112.06407435336797,52.08425095697554,148.70556190005823,322.20787131937897
94.45271907133278,56.89015063185038,177.40596306505867,225.88403033682522
186.69454071634618,54.1972951922407,254.76523549469243,189.7303040596158
53.04093139229967,180.59328998247275,306.89473454026836,215.609316035675
210.37797286130947,171.31666843745896,238.312909388036,185.2514495873043
175.0129349558992,209.04271299128592,183.65056189489349,339.15910142743627
8.558320111807571,68.10233964178167,113.63831330167686,117.24365963469273
69.97579094351904,122.09733005021131,73.4475278222074,138.86421085475854
10.922009402659295,114.33558033357974,134.7174031037987,138.86875195054654
26.149353107496456,280.65461292567306,335.03978418605067,310.07104214400226
103.37754267826605,167.95675046328697,123.63594298325621,187.91960880351638
13.390669345439424,95.77734509227987,21.19248371182573,259.084603623951
32.65552548390566,110.59049979351857,127.13057034072833,196.94692174976075
134.34738621616216,190.75830030017752,344.30175811766316,358.51947704894013
52.987266129235884,169.76598535408255,128.8152384464063,235.47238435016394
180.80992867126866,124.71972985300977,386.2101249705564,178.48891973221393
38.44836250789311,139.83430702742578,287.55561531772037,364.43674175241154
15.860925605043722,273.1021960142606,124.99990054775265,310.75052324424024
23.963948529934104,222.76161855266892,73.63106149385206,289.659020097109
101.43778826514855,203.47125868819145,266.3492213147226,334.56566945907
32.74473477173887,303.5074133472657,73.51166177118395,395.9997032272254
5.3461984523429225,113.89562924363516,99.99054736598026,337.31869051672214
21.08599633035458,286.9913329697392,275.1132521607556,344.8760418554684
46.70801334142647,272.93326063276805,173.99755023614716,351.96903320180127
240.52481729896616,264.8668762812338,395.16548309667263,292.9411889373507
7.6808605204282205,127.6407813552048,132.83758001022994,273.20609960722976
33.57118011203385,28.878325123088914,188.91486383882486,149.6902476729248
107.84919063463975,150.12118992361778,139.62149080261236,204.5160829152812
106.28266381513879,119.36117468234785,214.34963632011582,199.6021326906845
119.24958424854975,232.65093654556173,170.3976829516728,238.83473891588886
15.779757091437094,57.57416380299382,329.3817228661101,285.46244512316446
151.22120879925743,142.9791862361805,204.7036226490032,170.20809385990037
164.24635036041852,143.51934496580304,176.38398901251608,295.7049923351812
177.87482551670797,74.93896919144373,215.15525977699716,166.78885456983417
46.03560528172266,82.64186132822866,113.77924038332539,141.68583826783495
224.72532494141447,99.77253173037388,280.1593663418166,107.10092650662686
4.387758321261117,127.26253573849502,30.36503912187409,269.48027634729664
155.2040642516825,141.47180262882534,169.95465885775207,165.6626240195395
2.723965229704756,212.5587783311852,84.72198778848188,300.44925079546016
16.332097793512382,187.85640042698628,17.708722708127336,219.34615000331056
283.63560300947034,132.99455461909488,383.1984487776626,143.28533021506212
213.2291365429945,106.6970239672866,247.70062474648194,141.20496760092226
8.64914840131253,78.03678818070827,296.8729112058082,178.61361864155884
29.318451103736482,174.29398836430022,125.60432494201432,261.2304357094999
12.971224347384053,43.63118905485249,62.20179308279715,178.18345135237317
28.554121322857373,148.30135011782298,120.4968176568949,164.6094073361878
11.392872038152332,210.79869164178584,81.9614123169649,375.1412805938026
27.466985536026534,229.11832079647067,63.97863304007235,239.26724744357986
107.20936176817192,138.26488694367535,132.48618726816542,265.95258641600753
10.266695114287991,97.19320794449989,139.2903820320903,259.843120179581
184.9046463833967,274.80855286201296,239.1842462324344,277.10032503783657
108.5764020342164,89.11925109379101,244.19541361771005,96.23063852412388
130.94087497863967,229.71890298345124,284.30314234093277,255.3024185265641
47.36941289841423,125.19263371496676,206.9731249724948,160.83295232505495
77.3460919136426,61.706812905344684,203.18301637715876,224.33210315317143
55.381713730811526,30.282397985462367,144.58124665392822,238.4310471892449
152.8134867958212,55.97301226807815,243.3360055238339,152.59676704723984
190.51377503805185,220.37445700598965,322.57566717819185,311.94849363019694
122.40718576453783,210.93331795895062,199.27965426276452,214.39944837084877
36.134700052831306,80.69744408180159,64.1572627765475,192.59443385328785
11.404269430993876,58.380132448298845,172.80689985079258,140.1348309257207
106.04631090506946,144.91955204391482,288.22128361691665,212.7818696016663
17.998058845266172,387.55933232001183,138.99411600386748,403.3115441188614
62.38032131143067,293.18732918791693,127.89040153134587,313.32804352983277
12.730512497340493,125.01931343318877,212.69154020533037,186.85902510226754
23.279099339903404,206.48654987794538,233.70681079233563,214.0288261445075
40.55124820894571,52.40651864279902,220.35718810355732,148.29173746072513
27.382782911090466,269.0639780908432,407.05607953198876,312.92856980679494
14.286427713657083,268.02754605889453,127.31882854792626,349.1856190280615
10.74599058356045,153.7346697875681,234.36723499185575,174.15568571478673
67.63522518288171,203.4265071687491,222.912821083528,248.81096310324733
22.25234233126554,136.01466813609866,31.115128105748664,251.51975485432283
11.920733026588744,269.84544229112265,110.81152931300002,293.3083486972582
17.533903803131572,162.54627219755983,252.2157261639346,345.70764184196145
121.50597263591938,72.14166095978051,127.09944858996518,181.43921400783344
64.20148011572662,78.94470036945091,177.66874982884423,182.59570081792165
9.58497361468297,212.14670159061157,98.7307606541194,241.41993153910306
45.458308786382204,184.89699916016068,186.0948347679589,236.36139708743355
102.4296175607072,207.94901510332008,199.62181568180378,208.95168672651704
63.71972834120109,50.37504618280896,71.54240307375886,72.12680749658836
50.04369546021558,189.97144476872842,113.49201573536456,251.6929817579043
158.83146469569357,327.725966088332,308.4125954687509,514.7963523340225
7.985175450767103,167.87975405289245,36.37257674826323,194.6372261718361
48.46616597199783,324.08928743822776,88.32656697472679,364.6961512014885
25.708864300879966,134.13969287598752,36.69851120144567,172.7849578209374
195.5100653957926,43.10841259500171,226.32637224322335,136.70943101855633
318.893400922463,107.33515360167348,346.13284628594414,107.59688747662149
30.325378543717083,35.524849409221645,43.597886781850974,127.6609977503407
5.763892467871912,83.56527213604498,195.9884468267227,363.12017033717143
41.092474221609464,124.84772077731512,113.30555608071936,154.97153193833213
20.973530980177475,309.34700687953807,174.47544792410295,337.7788382178686
65.84285199657916,14.48533813176466,70.77482550841454,88.82144642046201
26.832688619087776,256.13707890103154,171.07711828206348,313.14641687417264
15.630000909386249,151.29150351829975,203.62645195507483,338.71989076894374
11.686285408950742,177.5247270748208,278.29089986868513,307.41402971810606
20.08184318354508,27.208882506856003,31.787293667634426,170.90283984412727
185.13178906430213,148.95094338562873,217.74745789583332,187.87399680264596
254.839317319294,137.80732883487082,276.8646428558723,170.1572809679257
178.54494309091916,273.56420402423,191.60652111556803,368.0438743758616
15.443005458630683,183.45057468431546,55.0517307146483,257.10384615488783
161.98321462746247,195.77945326558833,218.970468322591,237.16250678693055
182.68105916498317,94.23536138349586,270.2520173795076,176.45708931656344
132.82393600917084,168.5719030713603,157.19405896761316,208.40400582694423
75.88272572268187,308.3469976370398,172.22500251529704,357.1784605603278
37.871469876637825,319.9383648846297,213.28997011126083,455.5079093809045
116.36854818261573,181.49098127369112,139.05565221375872,188.26294754958636
51.92285229220147,120.77859663911708,142.9561112738937,190.52566459504493
30.17727973832129,100.63992672549051,193.5909284507331,142.04649827075426
11.188941770348135,95.81108162497405,71.46933765105047,192.14093422040716
267.68851200198696,70.38572322005818,330.10054056407654,94.85030763899121
21.67118014933653,97.24399931851666,206.6378564291791,209.27936106954078
15.552921315878717,437.492583485651,343.3134300178235,514.2657170602872
167.25240570147054,215.9125044523497,188.58418031319852,289.5724011699327
204.27207792922147,29.925113451512914,211.37717921574318,186.76452636809134
33.65252318621206,95.13190655905771,183.45218174492976,213.99785278939422
125.7940486885133,81.00083729200172,145.188213647559,211.55991655141486
31.28561736449757,179.86406250309435,44.72705853670761,313.3900142094019
260.7489219910794,178.36579614019467,305.2299812511447,232.77543129933136
35.03827016500755,83.49572850617206,92.53809979119276,220.63384192147132
26.501466526197706,131.477130169443,149.40504391929971,136.22242624406434
296.845268882744,187.67026150584553,444.2382052149131,299.0587170260143
214.89417905475145,237.6568448257896,237.5125970464183,247.26773631552925
2.3251794084444026,91.99283712515337,154.08108130845318,166.24589046294636
9.974001543267729,165.89218031739472,147.13412916927993,276.5406211027043
37.87599383312438,202.20976512289704,44.193872083830776,316.0841652819609
27.385767905179016,157.37634269026216,236.28313880694967,200.09588891461883
117.03911579512827,62.09825921026706,151.36713238373105,109.75368291665578
30.441293052519075,81.73870132710357,96.67721274743886,186.74116322779767
18.20268353972834,146.2016566495179,30.59722197288754,173.2686889316972
17.93719376048746,119.9435414439893,64.3028017462216,144.458569857269
37.303861470801166,267.75656857200033,125.98170564247368,332.6275716865031
182.18526349701594,215.2586952111586,292.2877583736966,232.9572568399161
38.8481671343382,257.6962319891778,208.63797299870325,263.1705473063029
159.44043795511365,105.96611039438825,272.89049285261075,157.63513120577693
20.604583251975086,83.79040483134798,179.96703837149374,231.2722132319621
57.55477066451594,136.21099282045975,193.8941210783971,170.18510393244006
102.31225561580007,62.61843141994146,144.0651374082671,100.15877812259879
9.609244444709406,36.160817391531,266.9833351279544,183.16774636938302
12.420923158412196,282.9187868465759,234.09464917093314,325.4375966635282
28.13760340014161,134.50278071023192,220.11240469027777,386.2770116835558
158.02680121624215,212.015236876788,286.3551385950115,319.0935821935802
9.770455475993607,347.8700460306479,83.92938344803088,370.8771548852963
213.45758937552793,71.28686844486865,269.4384483987018,113.53530913015376
47.93235046395454,155.9223011166771,157.46767499896137,193.80734046648266
210.6825485153012,232.35703783074632,228.86002257014331,281.6970610695401
94.07483305362939,235.8144598210028,123.49232503822948,242.69441266252974
20.29426875674736,57.77578489711074,183.92758506973308,86.36015956040256
8.12036437485726,105.73035599111455,48.74634502647306,223.27315830426713
21.56185079026933,114.49658343292141,140.71067823127984,360.32927002166474
31.234042068688748,168.3424995975038,105.15212329711892,178.67901840681515
27.582440069062613,169.17468140346972,345.4163979269882,204.08924814727436
145.91641087928895,231.70676295576118,243.12523776423743,336.5118422478804
12.818496219152625,122.2156911943088,83.39153254930471,174.47826032932036
32.37252209039897,165.86891981779254,229.63119845441454,296.3647153090533
9.994739129600722,99.80703854556178,117.12147924056833,259.2838729401125
80.7285502295663,73.8040604934418,163.99718625545748,191.86334635474614
142.76820220692093,72.68652953779751,227.97721830324147,125.70228051106417
124.55237326063295,276.9570509947682,138.3915104709931,427.26864485769977
225.58372541578373,251.78683230564806,357.0429927204646,252.7710935379753
10.646169091639626,191.4537653559267,132.07138166625643,262.23003773852884
125.48406728589889,67.36418556780568,137.0307855830781,78.48013017201716
152.75427387927107,220.55793677778058,210.37917698267788,378.5656985131672
43.666795064570685,261.00390264615135,244.64021433675853,357.29717500250445
143.5392557366376,50.52791147660814,177.46622041319745,115.84752498490806
222.60181994332532,59.515479039399835,280.3364141211129,97.53662964947323
67.56233027715338,160.37796406488394,225.93621087527958,240.30950990360193
10.799981563018218,100.34633672603395,179.9629727168833,228.8057794361135
18.144560986809903,257.76828453251477,331.76223280395675,310.73857660360414
107.0270820476159,120.43839225510796,134.66750026450748,240.66050456546932
13.369335796629244,96.76005573830398,159.91555391752067,126.85015722789632
19.459833258299042,52.055879333067466,26.180337678861278,220.14432797575907
158.95475334646966,230.05268533124854,263.1921680734396,262.23878563437825
127.7042051899058,248.94219068224987,198.1240965025511,326.9484126529548
195.8865264952156,60.756462298482305,314.79445208035906,67.40065520020124
35.79478427140933,156.8149076218733,67.15520079574023,170.73605474847784
13.671574189389272,165.540323807008,285.31727661596847,194.7228831475778
36.88111301622498,62.97377770153561,327.0939832398477,142.84156468102105
15.978432885772234,162.20126007542353,73.22158855979316,183.25953495648417
17.987310630838365,117.13854076384621,274.65307111206334,163.97410983807876
360.4575136230556,266.45173865503295,375.0741246689544,350.99031227331216
9.958172975975803,124.09355952934825,287.73814962940384,218.19504219439952
15.728932347135409,213.6027229136997,367.7268149032502,243.18791110796485
72.01786626926223,82.99361920832307,182.56617497038752,86.87292912040394
13.987132643017631,147.27526127677453,144.40520814225297,388.1906472916093
34.78787231566119,129.11848789425204,59.89551178861646,200.0057369544888
104.08622889671598,93.43895539698255,126.53377462046086,213.1723594923177
22.09622910199152,89.11374206883377,34.992880087211276,192.9922713159504
24.319573507592366,112.52054487308347,30.127289180275866,162.2317724823333
16.590467719222563,265.6744996143118,101.55919089387739,395.29386303272463
30.435099742073813,167.92401255941996,82.29013866047204,247.8685052861528
30.47284307133874,142.2336139171256,174.0379089751466,221.57719738023326
296.6291167770393,162.74794790120367,410.7429995514699,247.79376783709867
16.520683405493845,83.93517502779096,75.45959008666331,280.88477753822565
40.19382223815882,201.8866258366327,180.94223254766817,220.00691614794005
259.9525567118391,155.24765309232848,294.85807952765583,159.53716516747275
14.13954355095877,259.3052878963384,179.84544212355155,325.1025602425542
110.11077221961507,214.70633731237126,144.13176779029035,268.07652529440935
9.43432292865867,189.99245526995927,46.469142147156425,245.32456193386756
18.861124517181093,126.40353837944944,110.59331376805572,223.65738422758477
47.987273352316755,127.91339667994848,101.03776427414594,159.873527689827
17.5889031949034,50.83843126683497,189.97446865133233,121.18345760547989
27.802967976144654,338.8622531052141,38.749834780007504,346.6958414277973
17.442591911190014,88.05494977866161,227.96780792356907,212.31617280333353
227.0105084581702,128.2415586139358,307.78455336384076,176.35230721119927
38.06276387827182,34.28946134842141,62.6533359524408,498.35314474502843
279.3091342719854,150.12269549962292,346.943121365571,232.61496846638894
347.618436958344,76.88014519725434,397.60200736454743,93.5114357224973
9.426234647651233,203.65506817716005,69.36716098516006,272.28361707881743
176.93575218291912,145.54096936534307,181.41274975490785,167.29774467035472
75.08964491241842,68.01091373751693,134.92697916468373,134.46671108406906
28.22397689943852,71.96961272303129,179.15417886481038,163.11895674785055
5.161763177116608,162.3277607419674,53.777207995830274,237.86389431861082
196.19364016833654,203.5660420102954,251.67879459303833,271.4439162029603
274.79133923900037,144.15845737329872,315.6839123883679,250.2123279184166
48.769132423608745,126.89510670249321,111.42279352518153,173.09643862253452
23.34720365451159,92.53682170440504,118.01263219266028,162.6900450065412
170.84150820539608,47.18735035091642,219.739407984203,239.84572390918498
12.010863803272109,108.51860910296384,231.23380972884107,162.6023545337013
33.13590707915254,183.31066565828638,291.0645588972421,444.791547323636
3.0209165175460653,146.64044593114352,142.59966784369425,165.75539404878577
217.8305582373703,135.4448887538,242.19290739179408,139.33139212880317
57.076229263581936,66.86508702691174,80.00663522140337,85.4915725407106
31.931581032009817,255.49178227564985,211.3225629312066,284.67694510668684
190.17009276864067,198.90673223305114,214.01403787780396,202.7706605974472
20.429048122391613,191.85641081646398,81.96064753283306,248.71622212132698
257.63990170700447,113.48183161707709,323.29762096085756,129.01034896496165
19.770955928681534,59.756021026493826,186.62384260709496,133.5404759848516
444.51254439946166,142.8724187365992,478.6018389843915,200.58269185311815
246.3928382410917,33.41057005312716,301.9560780866774,62.740865166958955
57.02025265580144,146.19083570531544,92.64595420091506,210.70678117712794
290.7045475732337,156.4553519354049,416.6409894095231,169.1145908404587
5.096865143743934,57.91731807882967,43.21000191307667,68.6108435764658
260.92522832749614,109.83838366738277,288.2937171089829,153.06996254685458
17.334338495223665,171.00363774565844,77.63212348820221,199.91966101681192
19.89636961527258,126.40954815464492,123.35510074040928,240.74851096638358
9.121640861078397,105.85451358106451,41.121608555420906,374.32082706459806
14.776105354457673,99.58476025470192,189.99000977468648,180.90684833334637
293.2882723497966,339.1724963409818,340.10931506570347,524.8708003594469
31.522170001692754,97.74134060756494,116.01591422155022,102.02202409565623
335.4070328125781,63.69237097754481,381.12175420158195,168.11753784149175
11.797415021925236,24.27118370385631,103.47334600978871,109.63284851915701
148.89630879110464,201.1701715207023,194.55913173953488,219.65227462114146
10.072671983197132,27.6624524935191,202.09465589704757,56.06358347106807
136.8887076140941,121.16406195484183,214.2750026652088,156.04210550166232
13.84804774025922,49.520260239721686,324.98844481077657,69.9738981727405
15.189575527785637,65.73112513158429,142.54973002619488,111.33527917087108
25.291608769858026,124.00154432226348,299.7819876739879,228.4552415314709
191.31739703637552,141.45412557497906,354.45309840167266,159.9494354460233
8.279625782349761,103.97347390681016,35.73158512299509,215.18475759626256
269.9165202940447,79.42543791174282,287.7065848727925,123.51953673762522
117.79095352137787,96.29966002662505,223.88518466969313,111.3379711236071
30.233908437920444,144.53553360138767,179.1447627219027,250.72598045271388
27.589793039558145,107.31069740167698,36.06972328734728,200.89303834389352
92.3682771367545,244.98181878799247,251.04068588102206,320.9056770201911
12.835338294634447,125.24559465906894,36.04579631188718,322.32416693382453
11.087654735864922,256.822842204054,205.03812020125469,267.348720525891
337.6198050487871,357.90321526255235,407.25800479373294,442.21210071280103
187.39689586412769,167.95627053732008,195.3654116746336,199.3839751128592
100.98154147772692,225.8103529057043,119.68347244159847,267.89008597782873
69.96285319172392,92.27042894622494,216.8423469880523,106.82245659471234
19.312594030293695,165.1495641755001,158.9115380545771,260.02532478524296
69.5699927095661,164.26648493865963,115.17355237581165,195.2343857539972
197.31204801610056,86.01702674867546,211.98461526056195,155.58727831173974
223.4729115919067,105.8432643584642,237.92383586057628,112.10070492641805
11.542193503334367,120.09299252883193,233.45472123957862,150.49423273849888
18.132077570859845,270.7198405134214,116.46620593826607,308.47833957189727
38.14694187888468,78.26928358760645,98.5361649429964,236.1661046707853
165.17111541124598,272.60093484800797,200.3994753002765,288.0970072756638
144.29769587046448,197.52269538246864,249.589377205892,255.35642884228275
35.26833067678529,172.87332883819244,240.87280809791105,267.42312278338187
16.96981899482945,236.84427495855505,182.96801581991596,246.99999812983572
214.22319547420685,135.04217327404444,218.50085948689483,166.0836238064007
28.90507889643522,206.5882404314608,270.06130884555097,264.0704228557663
150.18985071456686,165.96544717440918,207.0863866511064,235.96338422437952
2.5281115183162086,120.5490543380807,39.181088834513126,266.0495776634303
169.93888338385975,58.61362039843265,185.67326539894998,301.02773853741485
25.433411544319764,127.489593139683,130.89825240726674,214.14273612237315
135.2453740401495,40.516168498847144,283.64913466969,72.95624548758988
157.5022561963495,165.1949087035861,192.33467584352957,300.33740166955795
22.04289551465713,264.71609112827025,199.7442756062955,373.50041978706844
23.675643651924894,204.11668963655987,191.3937548342209,233.714437441607
12.95204092198609,223.36195777746295,190.25957320289334,237.78590851377427
11.320212893107142,16.003437040422728,230.38747356577895,122.53449148786095
190.9878910791907,224.00779314336998,291.91833280358895,317.7445802656622
115.37881032109519,112.27477143707648,336.0955902160383,230.23970184869327
3.904135904075694,129.80416572439424,59.35768875992681,146.5934622101768
237.07153740624986,80.34039358003672,283.13489860093017,181.1023710110394
128.51589572406237,78.77380638765712,138.9218454121334,187.64110450507312
137.8607191512003,252.74119313112053,424.8794332016691,400.91461512634316
94.6009535656487,136.76216919008687,155.97903604582663,178.86243652346502
7.500827723918521,150.19006886148227,138.0833212965828,253.59168233086515
217.7121409763196,175.34200904234885,291.77366965088453,183.80270994923956
195.17383653255993,142.9279791611189,253.16011910094704,194.3888776489015
108.28667214012644,162.50247533477523,145.95879219984676,308.34904152915675
111.29217476412046,171.98848007652256,141.89418324811444,200.8283515637846
70.70397575261907,87.75890917436635,124.67061527826596,161.37869624153242
15.86388120733498,89.96410911014598,223.78655319526626,96.12337322887282
138.9892631055333,81.953608590844,324.53153114885276,100.47761332725767
25.128973016199385,143.47864243087315,83.74587145429105,234.39365532294207
189.88849828131004,283.96313868223496,197.33431277985008,291.95339600380737
8.72892646215864,50.600899344630655,202.48401055814708,100.8432591432196
191.26066438282615,6.339445761923341,207.34909516691158,229.32879901027707
152.44627562372284,342.93491523373484,227.34592299151197,347.9732185458328
104.02806810319387,243.54341522517427,137.20572925227492,255.2524481995683
5.338956944090297,134.64921556964853,156.48514693396788,212.1501523321833
179.140423378649,68.31301934304697,298.8499858175587,223.26627610264393
119.73363336319277,332.7389737719284,218.48375509990308,404.6547867069227
69.26575970862004,164.55646256939144,80.76246385235528,245.0221950459398
329.32330160657415,270.85804810965067,371.45366673334416,300.60193189240954
157.8475669619462,38.383290986850405,161.643407302767,128.35905419176814
302.0757835681346,121.51497759226434,330.04394751612494,176.0514017150346
30.17358178770183,277.8918327367299,217.7055793907683,370.3111013735792
17.8395995166273,164.17512918799628,55.58768456932025,178.33324250021047
5.558109454936907,96.98185644217132,375.442634740497,158.9919028080685
27.87083424555631,15.327086845889726,70.53504877010602,116.42808849676888
32.45813778923523,249.56007706793713,142.871696610655,264.9922110512765
60.69175515631578,90.92704765573576,98.24581232955632,116.00902037486
31.940397427026916,183.96820492625895,123.34590472409732,284.07355728442155
138.64163700727502,193.14296468667476,158.00057825691917,216.08240035528186
62.21467672831189,325.25676890983226,151.79469581932992,327.86372879629
11.248101536500009,252.6814180025144,219.69717665668256,258.8537905407465
20.683499931851212,226.3473691815751,186.31355583527997,236.07832687294882
33.878374242081556,105.27754983973566,186.60133376513969,116.37155931066715
298.66839064435123,131.52101506055826,394.2699991805336,250.2248503436463
64.87351352620796,132.5773508562516,106.00198369321461,277.3944857705569
191.00126032451846,52.81963659577605,211.56451656717007,140.02502183982148
16.614050246227865,92.35687507679054,183.38642061510342,171.51283083167422
16.08182504036492,132.05550003709178,23.00384222781829,315.5420331125502
28.882219476583746,266.23936864424576,190.35512607485305,294.20676475986414
76.52038045364216,149.50135132549318,132.95430136913618,219.2310710814221
10.262221332248224,153.5633633290462,259.9936399916652,175.85355093479362
55.09051510953341,102.21016027897413,103.88374224626811,233.90017299447118
183.96225767094495,191.11195188843186,222.8055064045282,226.4200836157561
71.8395565266002,175.68705471080287,141.19706261439714,256.5226742870477
13.069383636051096,157.1101252777959,79.56029538803475,159.7599208300426
732.4082134657846,295.1702342217532,755.9817205484616,308.6937758061633
32.290372519031,103.22551299549554,217.75494835178702,127.36814388592055
124.75818886708207,24.54137377531215,214.32112676969885,177.26135170682738
10.048312694013408,165.9664541853443,29.438109886134193,292.62531792197217
216.47923565481747,107.66529427205096,271.4787459564857,266.49681122235296
123.4291822485107,54.88344323839013,153.56951941300662,174.77043523415418
149.81910905556097,170.36482963431664,270.8017009786417,201.53157769987075
154.63213996190427,36.89499191746106,282.97846154877027,106.11165503202541
337.22118378958146,146.41050108560466,395.0670430316193,187.49247957854885
198.55801294739692,85.23646180964683,231.08862952699874,132.98169455810654
266.81273559693244,188.62988293206973,277.30402494697785,369.7090863777174
9.67008962488853,164.2178353298691,113.94053171713708,288.11541149637907
325.4502855325639,57.26901536763477,451.4034896692957,165.24371452774622
32.8201535256847,33.51064317897285,287.7546654680933,172.34147412117744
38.536497399258614,83.79239476435667,99.24718387374689,338.0799467401296
163.87866837390905,62.839525435871906,239.46943075122235,159.88826855992346
6.9010047271046515,133.57646051463533,176.22246008970475,158.17191888471237
33.95976665340468,252.29535887928415,94.04185768992737,313.33024672657893
8.954533158035575,20.168016775470438,184.4694129385867,141.2665058991047
254.7520186851422,117.53874566231858,277.6670735648559,219.5865823189735
87.28730276275527,110.90447037507678,153.59827132702281,177.384912093707
24.190233684924944,156.79662789254766,69.52539214416242,240.31703319851647
131.73203161508656,122.32840448681173,170.17223302220725,290.0416794761659
5.71389135086253,106.8859371165236,56.79813391662426,114.41299110509674
32.15597569506982,134.1176915423175,100.59585854560528,148.02513146274583
97.7429161791359,71.14844313036149,225.6291676705001,146.0856545151073
21.05525700221036,65.8311951944205,124.18374407929619,139.49105901066818
19.904598019799995,175.4061246822691,529.2524944300759,188.4558039280778
170.7625334557703,265.0325633455005,262.15639937647734,276.1108484115796
4.449846234180172,113.19139425696558,133.98537995829082,278.7638821173911
122.46400220591686,95.08293045767502,152.51648399508215,211.630053202139
18.12226541906064,64.59206390591325,24.94659076189809,369.7567930215595
76.90828004144593,160.58125993278674,135.0090335900438,210.83584550077256
29.19962420344727,269.59166461619986,176.1039548470392,316.5899936817345
193.80109748635684,193.544009887603,206.11885509115845,296.50769804413756
263.1335871496684,235.55966285160952,318.5028254635261,299.5474967134344
34.679074076935585,244.83163684572074,91.11668995602923,266.31583166521716
33.675674999374564,66.39896762376539,189.93133548465613,98.33885065664502
29.794818707027954,238.32943604907808,34.71439930386109,295.4209305929635
43.0664495545827,55.679513457776594,113.25551834430098,292.57257934439974
23.06499120652363,118.88384244923296,33.64120847981001,158.06643741961733
12.600638177680061,395.0978218412166,203.89255129031278,398.3307410612515
219.62159706221888,119.77600763924004,294.37697280327353,242.92470985485053
27.371993718661404,68.73300724030136,262.59615922185185,228.61484403970064
40.92242677731215,155.94798143979992,61.395581965423,157.65070622970606
92.42004327246954,104.18598717543655,172.16812083578532,180.76884888453327
220.89714983036808,108.97367162078064,284.59649300722447,114.19324087242791
28.53073019144382,71.39572320896704,184.18244684119992,147.8074903252756
17.619164654073185,308.0561123260816,107.49631300647803,314.02692076761747
198.4855653749524,122.26951817239824,373.8626568567464,239.81820943047683
10.966240189816908,84.66845578886537,229.9333034002058,344.1972709566885
6.684034481770498,157.42737402588833,202.7210161378294,173.38846547173924
24.00109263068462,288.8923354960836,43.59069548055923,300.32261504827915
12.100059807299099,115.16642556264406,92.32960220324104,248.10489316735791
316.27909244137055,42.69051185051147,541.7336132271055,103.78108879617322
299.56041345267147,98.41172307798371,349.41747313299385,317.96186633542874
34.25402075144598,231.05541314450434,80.05941336884146,253.42696612052995
414.76359137306184,177.05873814712712,447.1554149157845,248.00608187591362
62.72962448390044,76.29497572229742,111.53346415388988,238.07215463440545
230.97238033701538,95.63128560414457,372.82385443967473,199.42808842625834
33.73330818777243,73.68294042902635,117.8194248849121,99.39155637730994
154.17787579374976,74.51267871722496,195.7746858359679,253.67216856980045
37.95412270179937,197.2597629088265,169.5257905422109,211.68835245197565
80.3993198773613,166.5221198873878,129.8499507715281,224.64964192301932
112.77047077281986,68.97071558147167,146.6917397309995,84.37600347144345
182.069742994053,144.39820490400157,346.9827757071752,190.7344790318621
326.07885423299484,256.03237420947886,403.04114018394813,256.7827556076409
18.9002764132136,145.73868262651573,129.37786658188415,250.10677535268826
98.19733916703072,147.022830179284,173.37383525967877,191.34287960562523
206.3423777844303,101.88309786267726,213.74838192782056,169.63888505611865
33.504006249644625,169.23848493960733,75.84078809781474,203.4836567530087
251.10381161339546,309.45259804914474,310.969745027573,326.3999246638744
17.44709876088225,217.93380713707202,206.94114951405348,229.86280414526905
85.3670117052674,32.08463265248593,221.70091717868306,209.70902471402533
12.842299926408911,257.76611710870225,18.340006292206077,290.369659776986
19.460500605659753,324.29268055364207,276.3535800806861,324.57694057473435
485.6412318974047,61.9893866170223,712.3716920098857,132.30527966429352
132.53472647227755,89.40221535211867,241.02509850175292,195.40255864540143
40.8623665823141,136.9566541927228,149.15381616647284,206.88125734652638
193.5275780740867,77.85527519730203,224.37172614650646,145.0358343964808
181.670773192187,363.1788391563809,346.61197524404133,399.49962010941664
214.7378452182234,38.294942461500035,240.43912731368744,183.40842584968277
140.79916039961998,145.6409476401955,179.40206692195872,314.6738606671836
19.007987173642135,172.1063761535298,134.2326371467854,254.64502667692472
136.03482363628797,257.1189173916143,159.34670597505408,302.6597071462852
114.61309647886559,143.09379601110967,269.2883505982702,195.5006174324706
30.357462573693972,190.63763435908837,86.50505518006766,256.9445092770294
107.3604114705139,48.08377476810706,236.20171434152184,155.9851121140556
123.93675005390146,79.00123497166251,150.92195068554062,195.10605906248517
101.48418487210014,177.873692484641,147.02161149164377,207.01832353112366
114.48178845617154,205.68836667936912,135.45877837278286,235.59478899553636
325.50604023517843,102.2398999914327,356.6044051936003,157.41722701597865
103.55954548533715,184.58758793559358,229.27973705642773,210.37703330972624
34.692848700231345,93.52824619186278,212.71117544621598,188.81365259716708
87.83461718378685,245.08664315578645,195.29194879685326,250.69702307240223
12.92289645472628,297.9055019144432,141.12412889953603,301.6849092014547
14.091973704086872,155.8622394946183,96.77939403738262,321.80928391112053
113.91272753392306,207.16592042975893,145.50154325015978,328.2421857542171
342.0856631756609,32.588021775109794,454.94472344638007,173.82898061809763
23.438930828095955,124.2729416917893,80.74244078334459,140.76185780776274
23.02179854100608,75.79863901593316,319.523174707989,127.35061473411422
195.6070908025671,75.3496130718135,273.8804802788751,186.10597439183053
35.722326473906115,162.1052963184682,99.90054782022499,193.87519767091018
150.3774084715968,146.8391968298689,224.11316953480494,204.45879618902268
8.920386504143567,41.29622593217855,30.68600919041281,181.11636553730546
5.839457300187248,146.26082921515132,117.1013872141972,246.9019136333418
148.25764057247693,103.29764569367558,169.06515377042072,121.6831971647041
22.353369162247592,135.52307257103914,136.84833152250292,149.45941703115133
20.954301935473843,238.04706870015005,52.303111772583534,347.0225753267925
86.41780749558421,145.75816973125822,169.84062532053161,343.6754464603252
62.978604967454714,200.1682782253408,110.11776212546751,205.647458761478
94.3550479367757,64.70354550790728,100.40334210494896,97.28972385838853
262.25107404011214,114.49166470766082,347.51209653560835,196.96073375125047
112.42501526915264,97.28670315176309,235.3287612413031,237.82559864071916
103.26070939681618,276.0173020479021,180.62591308423148,319.09161364373705
24.897424462611387,274.21336327220286,211.36203897555473,348.7312953670691
6.485374624784905,251.9710610859775,163.1145753435457,293.4484626887342
83.77099345088676,119.6486001723956,173.0560625932978,206.63271060336373
110.86721325828563,82.08260609958988,172.94597721450322,99.79326477815002
11.51933916410913,77.57292301086264,247.5875867493075,102.46131323914291
36.342453065552554,267.57280396443315,270.70298693928,272.48619718211984
13.21890356692609,131.0885642748116,233.87738560216488,232.97252852868522
2.9769027032938946,162.83558226537397,133.69636845014466,208.88738038487816
180.053276906858,85.17907281248078,295.26754986836244,173.80115952565995
40.39963669843399,208.31233192501506,67.39505085515844,227.72471811599993
193.4040072038088,125.81220687784426,215.28130783038273,179.38923833948212
182.77418114038053,139.6411108661707,334.5814046677095,217.9330337779733
32.22260069510027,147.24578884478836,204.38272284068069,340.941191094078
123.2456679025169,52.87277335763142,137.40392118693484,205.44064344306196
120.14998153217891,107.29270947942621,140.36646156392993,380.53945423509236
19.72974673127871,101.34086555078221,168.38187731670254,104.55446493874985
118.27853549376873,173.614537892213,119.44656408891191,326.84219196959634
240.68579676189444,33.780458048567574,274.057629436173,109.45573625824478
54.631695106551916,47.59203666610047,129.07251686205777,72.68068495249584
20.349252570728126,55.21377189277012,50.01805111729698,84.9411733196316
323.1537260771978,277.0122851677534,327.93323528529146,302.2344053867872
7.782615279805632,179.9828641423183,225.41073618056524,296.61283158628635
224.67135103089376,151.04846983729365,310.81291728622904,214.7436771495484
205.13592139601693,40.12692829191453,232.54217177561287,113.37913584036276
105.32622131002054,77.27619364183668,348.24193098797645,205.1775269052706
30.933651079367426,64.12277265259337,118.9831392059542,68.67787306587078
103.90894102567518,234.23475979851142,291.92228808544087,234.46274169289308
13.107097371504349,337.8244852405505,137.52754021682364,440.78428350426543
7.990533246957804,42.0115467529505,150.66433039263302,122.40455386984392
7.5297509265554785,152.19109821218032,147.9437015023366,221.27429577982198
5.090195595819048,331.97916852558785,727.6923208431808,376.12569195355735
29.578353215389996,98.24105508281538,54.96732866972032,175.26548666824357
31.0169392120615,128.9261153310844,207.36316026448822,196.015816454802
207.66206562141244,56.135273998228946,219.64535277328437,82.70462220368697
136.50818739158015,72.84042851207151,184.06887536716454,101.29259506647782
43.47232768560395,71.41219494522574,235.5035980110097,169.2020245150646
7.353408974816688,148.8692254746969,186.34952860515068,256.3212031321215
368.42219038530874,101.74129491505111,393.38536560969663,106.09945707488848
55.20150929780566,34.4186449012426,72.7995621865668,155.76649718823103
21.316324120397493,185.17604520376577,86.47096178452465,273.84374878570924
198.09289719632082,202.77090709183133,216.5918499531627,307.63196629672854
167.9735289844417,140.43467567395612,351.75595946419713,180.3900998956385
378.2001672910589,106.82215792998909,395.50478502131415,196.8356988036769
26.994331089999022,67.67398399709236,131.50407560677158,71.1917069641432
24.61318058396269,109.5652489167936,112.64655868906023,116.36233833069272
173.3888438738251,152.58502440073016,285.5506468733747,324.81507036166533
125.885705315529,106.44355264610775,180.3504008868508,142.8883724752868
59.944050502393104,296.05430684987886,106.40682219145648,334.93398688543164
417.43915105548376,39.2904164301109,452.62519760923203,96.631665494317
31.46159596792002,24.920200170481444,31.94547289942175,162.63855171789737
203.07433369470468,294.8666704101214,327.2191129662514,295.47372608780887
82.03401969258624,94.26397723291056,168.05652702749404,147.6838095597894
8.885982695327849,72.9175382859278,140.07538907127852,162.7915202521917
55.62363639772334,101.88445463853614,135.87899337979698,211.96251526568287
130.3266904632319,105.17248257672655,158.2318743232983,126.06522130787639
63.67806198952871,218.6141532958059,152.99050743235833,411.5009426396064
134.06120945443845,175.35473160901773,166.4275054982183,257.4012000903584
218.3594919055894,231.39434600954647,338.1554249250438,417.9553292808761
3.991600351100814,69.05085951019167,209.24040291515183,116.24937220564341
409.08142142364045,112.97208766971768,423.28217525953136,117.7120728332123
302.26758941095824,152.01572323072793,353.84539444813703,182.40595961110782
19.07857754810309,4.17997891653659,157.5145506316744,22.12574063845666
68.36376093004493,93.57034356709947,140.82237173733645,191.65800139001945
28.402106628832314,153.89233854418856,63.08643879186249,324.7323337655335
294.2369293229298,232.22674436483,381.24008463307393,262.1831290234157
55.39850796026086,464.8084853800763,191.49988261556095,476.2714820107935
88.84849729151327,164.77697069003995,152.86925602044982,176.36706654422252
164.2390747745403,153.95363970632954,215.38143096468545,225.6683125368743
19.313600356071056,325.71945387063306,194.66338775333497,438.14113843440026
21.756018660143365,114.95366154591142,161.30182591136227,254.2161486923737
60.88862624931461,90.97565603798037,152.12278039827862,106.89809654481431
44.65626039960417,162.56200767858456,207.4564307811188,316.1835563837305
11.659827813083787,298.9946397882304,142.8126568666986,380.8854809675926
17.972696982435043,119.76891314700745,129.62764533709893,188.80693834053156
163.43853469345902,92.92850680339622,164.42168228469868,169.8330675337876
78.63334748134226,122.38891077477545,103.78982364161908,308.2023183597809
11.176757752275613,37.71924362784853,132.31657208729143,65.67109418823401
279.3942480949166,252.51422298308802,399.08628992529884,284.54975968322265
131.91214125872915,77.41618430751922,205.56214063604727,103.34355078321576
284.5176067724119,194.0137572459135,338.6774952485418,277.85852886479796
147.85396983759682,209.75058863503324,177.68501954710635,286.0590950210457
32.51384541141389,9.58590762561789,204.62636386208806,120.88290953475155
24.554342286563344,165.3990130672037,74.23827466539728,235.14720318915667
236.13319105176072,400.0099571152882,245.3571068803999,405.99997803562843
194.0908110478612,139.49092435045827,203.2990635071013,186.8419161027973
7.835374850584013,294.9644117671081,62.162822273571265,338.47371663934166
16.660314151160215,116.23877122767323,33.39543262676489,136.12520598141774
25.39324655780222,303.23959616440715,116.8409906064633,395.2461649458241
24.6309398260902,173.70834019291834,203.20869314284363,176.73370341659086
157.3284417497807,213.77087264205736,195.41632351826553,260.7735080813192
133.34800943836717,110.90970896990697,236.69861099483438,174.21007910326276
18.864446950323863,43.86884571251298,65.60388857049199,93.17200601298622
15.197903165275815,77.17038213260705,57.98441726377747,115.93891578773257
20.643972167250094,201.5455805006918,189.72619166038163,234.6844319843295
104.64879560548698,85.20426462693328,128.7511518926678,156.59002317507242
40.85850623607684,140.44586743909534,81.12893437555985,153.16320145797175
75.4726400271154,184.65670598706458,210.41392478172742,321.4741278796231
42.9031927080932,164.08375541426184,44.14913753093607,168.43378633680368
413.815112647223,156.12322938988143,500.57409504407485,242.1096572437101
27.803041977021557,188.7392202633767,480.0958008285135,286.51671712904647
133.81263083610196,34.7246694887835,337.8345117426799,95.73337357854003
21.94074755087577,247.66588920648783,249.99334229994318,354.8585878673963
134.4725768987069,233.14739164227322,169.25873098164098,393.53087333691553
18.08189653022277,171.68807480893454,217.96533241149942,244.1091042351066
98.73192677908146,326.01582508011387,122.18839999130748,355.12528309394395
7.617540259537594,156.23515779634832,29.391074772011777,171.69479255215865
94.73860215195542,121.13069962476315,242.1227216672505,149.01627618210256
412.2065134626941,72.39550094908653,520.4936600564349,245.11756983522176
13.13769303217576,111.2307056287041,105.17055245794371,169.65565300763973
180.04303701380908,147.86314798971395,303.9178191017409,167.77711344559683
187.96023705075717,161.9490502549247,261.14953966976276,241.77961123662922
3.5095757479930305,101.76461866499903,205.27441902692235,199.0232411924525
206.79532686374165,162.92578118757172,313.6830906244891,219.73742744657764
93.70267793165063,75.07962403944012,179.30552055321576,172.00333292611475
36.52087645382404,57.9009502032172,118.50888468776876,116.57943531428147
22.817736167485936,141.61460683647604,127.76559722233729,277.91598825195604
257.4240172268619,203.22784116884125,368.8290217427077,413.94375637414913
34.15178963575245,125.79173104272974,167.5948663856896,184.6492846070188
341.86936641630024,158.26618011878918,359.0247156560516,266.85456269313113
276.88699983925295,143.41090857887582,315.47138157775254,188.89799065566993
19.43141989748414,88.17477919601356,257.5920987588858,211.79588641387065
25.936713761536588,61.07540709586399,164.89560985575372,161.10319763345555
98.26795082948924,176.67440389922533,206.35284892562044,272.024417902906
33.912289966441875,53.63149524069426,134.8985966954835,195.05584305285072
14.482734885809373,115.79500456722663,148.7369092734038,230.61641389038743
12.97514479104105,156.28171792466512,93.25913167673133,216.1964901962922
117.56749870244651,196.87015573881598,180.95044446364173,231.22628725447686
214.80285187775735,130.2627190857757,233.47315037269146,187.55512409004177
331.1475237764196,92.35877070342494,417.7467684730809,139.26402399262076
105.02102712056647,125.36959229899523,201.869871321593,304.3192072260044
208.83382236842147,116.72115678480623,376.3668620117536,153.52461920534344
143.02083199701545,135.6669158089498,177.54202352772458,183.5539583648421
56.349898451819136,61.10895922978563,433.2758729963678,221.14021750728352
17.340714284547314,55.770562095761285,20.78422865549218,94.36452653184915
175.32012817998276,104.77199946251257,320.1112689794492,185.47180990074804
5.78698353056447,115.59517294104896,225.1891481379163,185.2418653682391
5.134277642396754,165.77856641340045,267.34769125063104,318.34505967605844
107.63157284142194,255.83283226147626,203.42678794720916,264.31332700074813
16.090683204983314,183.42351095825225,144.82880860251106,238.17090847665406
117.13149242591052,259.8595744907497,405.2672626444133,309.7630839261447
8.045996419516856,18.59138142075968,31.404522657579953,333.0063892681019
39.78700034952126,313.47013943716485,91.23628380608244,326.21695765147825
6.169223729939295,151.69909536664323,181.91509891136866,239.64850113622424
240.66619325394515,163.29617907522226,274.8920582225437,337.53531077052395
24.20036770118597,68.5859708854741,91.52666380207198,139.47869077351575
99.05369375572879,142.4858960158368,121.41554148069214,159.26238628753686
178.39705195562922,107.30860123507796,184.79756385717673,275.34591132257435
27.206938233155785,93.64864924946319,429.7835481659741,118.85938643725599
21.802700608875842,177.42742639470276,150.8371665823111,204.62806286674396
13.3324885024831,238.62694443423374,36.51237152860421,267.5832928285743
228.09048378348888,106.32801508337687,242.43982979733013,183.33137021750468
23.41225334573185,113.40199411170781,279.24278243687553,189.64565210759756
10.138604618074414,74.10689979144676,263.4895164950624,122.74092409885164
147.23442786126702,108.26373369446863,164.43047095518116,152.17542839859095
10.128137322990856,213.35719548129873,138.65371701461822,287.4715288298104
17.468355542803323,77.99591740218014,59.3453376593066,106.98779024458857
16.145320224689236,201.08786124110347,32.75412208154265,212.6869089578256
309.92870278131596,201.73032068891777,386.1413221016892,217.5295581652955
181.18812562848322,256.85268878076374,248.66023678472544,285.06796445697057
71.80290967943019,35.655766254135635,221.33636239329377,135.32041875077016
111.48436310694926,160.7546925883907,179.2927829113028,406.1880283597852
18.688441532926138,135.57637858794016,208.91597441530465,167.88792374591907
20.902874920231202,174.94158388922892,179.4334883531278,202.24315710224917
5.8839932609081815,68.23583083002723,118.55577337323561,189.73532926735953
27.033105377408877,227.9352296614794,88.76576334904132,247.98854878099726
211.74356662569733,230.47421012056708,414.29326891125294,237.5181175154674
24.86612120221415,75.41106657339947,136.15375109830526,284.21673659145296
10.24924183673479,101.20438132840826,158.8107672671654,129.67097030847665
43.367020024111284,108.62425781452833,278.3209529471679,332.23961471409535
14.177661485960222,166.3591571516497,130.28419570750978,185.33176401745604
17.0540020695369,332.0397575439914,229.01754816845255,625.4602769673969
111.6771742171431,256.2526189445874,221.5951009711162,299.80740689668846
172.95920894777475,154.1561017102188,226.10570989882126,166.22998354804872
17.88462243244039,218.29429107218724,69.87693322432125,256.25856403740045
22.840129323368934,297.02389735534626,147.81362279519686,304.12294053307346
22.33771440591262,143.55914263069934,124.84046423979024,274.04049480085365
15.952462199600712,134.8354141022667,156.13072547239528,236.05622504109039
21.969146634870462,312.7739580986012,56.232964393762906,373.57954965470253
26.81859240569869,53.66037358473908,165.96175599216116,226.9419857026765
145.57316392452475,133.26238223046735,213.18787223256288,175.9890840830813
44.03284409007402,156.39943364055958,206.91284918686367,219.9803176694513
150.60471883617356,84.57774154582648,244.03615371793194,292.8484049291162
200.2502791625743,201.1297430887537,310.07428074263333,209.33358695872604
232.14522185611597,273.08534519369306,313.0807496886011,326.35870709331346
2.539621916225551,202.20750232211364,34.64798513962398,262.89265742534735
37.72860922072431,56.152940821927764,202.12171665469114,155.84833281353238
97.50160796588531,107.44786322480064,193.05579030946762,242.7767680006177
37.90178060252952,167.7033122885809,224.2594257815191,208.23826596401938
13.003817291750813,126.73295667589856,48.17857374151646,132.57508985417445
205.4880165390252,265.61869202030863,240.10035067004773,294.0164400942237
19.080320855157865,53.339353965667385,50.0294815298371,106.55757041804056
11.481155437265578,129.59821882530068,122.4509660024386,180.96750955064445
4.97677982097718,130.63857138121924,43.206215254298826,156.91452642924978
112.05939141023933,119.28209191985499,149.63641267914744,215.1854547376661
53.48882170994295,51.48201071199802,135.07728365475606,148.8927685700632
6.773130140068654,147.14185020719304,295.99819105975814,312.8752485674621
150.76594286833932,91.12410756676347,174.29455757880518,131.69941961963622
46.90541476818822,305.5496470733105,288.19355016863,315.9278000351206
14.415251703815027,60.83459911239218,132.78928175509364,108.95718064148193
73.98708755103966,222.77507357334,154.4795783593707,224.38095634451037
24.584230315104293,42.57256400647963,134.90450072620752,111.22792346841362
204.65449244531746,38.690626337086314,438.1051677701936,168.179734460037
242.81387195652795,122.184321299409,261.48659834720627,281.32540493661196
35.36759859744877,71.18919483893758,216.96773969110768,139.02679111797175
31.790991785040998,169.6536380188361,472.8673604803513,253.39422357493936
11.340094885027533,231.87336940255705,154.00285077368022,372.01141418580886
147.88784380253384,197.33596551082093,266.3259642254935,212.32734763905557
249.73462070342524,172.91868463603274,404.9964077177428,366.49419649938017
24.41317965941683,123.0208844653015,252.63947435787267,218.2889790863854
93.69694253860001,266.71731292788434,237.566936137841,273.84240694803384
173.52778858197445,368.8124033087836,186.1735486673186,392.493485154824
6.792835146078795,38.41699307189616,91.10660030334348,195.7550982771633
39.12854188468531,90.602110789774,271.0037346750453,193.24035044506627
25.359419308196852,207.8327542882061,139.78541362958117,237.01075156022193
119.6434244876347,127.7744817982352,223.26678645725008,252.9997163446794
91.37659842361894,95.39135645263154,180.2681085778084,227.9679465107663
10.432600949961357,64.42090293367896,205.3108259793904,80.29703991213346
145.38430731398114,211.17089519778844,155.50968217504203,223.17391410108397
221.60384135175016,263.28299926083105,251.88386104998747,278.1675238828673
361.9716045606678,184.66491885225713,422.4484747005521,264.8603182504082
88.06791379352329,202.20545041559038,115.31835285677263,253.79329513822557
292.01184692357435,93.35731730121022,309.535774956955,407.08311705130063
14.410290437163361,169.6852199500719,97.84393642203602,193.9842758938099
317.65730231200695,176.81878261429998,405.8551456789127,201.3080829165385
88.1602362076539,76.74459032953838,286.21149103181045,215.2761469269528
193.5329743330548,214.22883430961255,219.34428565441823,227.00476656469726
84.84441264771743,81.07871449577708,199.03692946479572,151.63754853794293
180.10564643604883,186.24285313068697,207.3121377655129,198.3514345119801
133.46927049093222,163.70506222071754,248.03030178109498,164.99023270526274
125.5016962493034,101.7745491084597,203.7908492852541,144.707740993391
23.679132336401327,55.088224609997724,66.86083768905985,150.28424167067843
382.5670456945685,83.6801034124231,424.5269659008785,205.3100178022104
163.8564909388878,128.83709719543234,166.10130706131682,228.05625900144912
204.53356838135707,166.7585076562758,204.55366840918614,239.20342822802996
13.306722583741266,278.0369494417249,58.81098976887487,307.34437270649323
250.87757073906783,241.50037581777784,317.0912348348532,261.7960834257276
238.79114115576957,110.81316478862674,268.96318702392597,406.62836363075104
56.08756843102715,254.46987162231125,230.0065026950598,272.9955217879179
237.86022551073248,63.29538400636007,268.03459110271115,128.0762035751158
54.064291093009516,126.13387386631986,248.39719009272542,143.12881859827263
106.05859071793142,127.22331541625843,229.32934191278196,200.37703600423794
39.06981409925662,239.84683432406572,102.73212307741753,277.48773757092033
78.5635406501964,164.00004138326298,158.40380891324432,348.64334451868206
131.20711395176812,175.0444860034026,172.8553865322526,274.0454160876167
20.920486195085022,167.7166519793479,54.74028337531545,226.557123564762
26.165977740982,216.1472734533467,110.35995223766764,217.83717893756304
19.60913348672661,174.57553856539607,72.67037568338978,223.92407369584168
21.698412249767397,561.4836110936876,116.06437269047576,581.0528286795184
147.94329482631622,339.93472476428866,186.43883162055354,379.8253388810396
186.3586701349843,187.67001625041271,229.76876938183958,232.96786716796902
147.56841339620104,76.23515529481475,281.2621828316918,103.07201022957152
22.76247935207823,253.87846093990464,144.26910403109824,278.4453392170148
162.38359818006097,9.240601571384529,226.30755191800523,88.29679768841207
10.6866077316788,224.25874176270213,136.55308263789695,318.6609059871358
20.432983291521108,136.4282579404751,88.1472012532407,384.82136909988293
3.6958886214666045,168.2902522036524,81.6215592102268,195.99624420613853
41.84753486132058,62.663645249164595,161.72107618701077,173.2126443404015
5.728785226340811,216.0883391924396,162.62662947746935,280.4857892266574
6.258257529813423,110.82046875476347,136.66229418341248,118.55063547150426
10.011338426782052,286.44824538349553,275.8435289456634,373.29593479559867
93.0652179544749,245.41020874027714,215.36113577457385,325.1048887387629
96.78174109266118,184.10621449645595,267.58380457742135,379.17581668773084
185.48856141660926,305.748407171373,270.9042708116133,321.2790270906515
153.91432165926608,133.45071536688556,173.22529787016651,249.25696667350832
138.11887562900117,93.33395760133182,163.59253186001058,233.54363670892616
79.14983981830989,47.46054243702865,169.43579066157525,81.32155563377414
245.23217739670625,80.93764122630199,289.166730676499,299.5422607348846
70.8002967719323,147.8948194568654,101.70193344870444,395.6462147430861
445.3807232243801,67.68331937003443,574.7431101569109,153.45988503412133
168.12874395585774,87.8976901737819,246.01943038655008,102.44495934515965
77.72336213956837,22.493431880031466,248.04591082729894,40.70386845168329
68.6945590669063,454.6394396739794,86.73695395122004,503.6929183656385
214.9534472092952,321.62837276955656,230.02401035441042,390.78889087906333
184.8423935141835,200.06244668995112,331.04692003052173,206.0658284576457
27.116624945339602,114.84243228454201,140.57814025675208,350.1419172235124
9.104803163413527,234.86365554172608,46.31954451668435,305.3102445504791
8.76973753167274,90.68709456162254,195.8816278432895,178.45505924922801
10.188793593942519,132.5924906834807,171.92602712591767,196.64366302300326
124.2968429764414,71.10833620487013,161.35510062059578,147.89749462254105
53.77777305590554,307.4472166247327,192.73818128981256,337.59318250966345
24.887528740481866,268.6990936655041,86.35061337950968,347.1330763426994
18.99938643547419,68.29906436883249,143.38394231422134,244.99523830503293
13.688032640645966,197.32194107476263,33.820691448479465,245.80299643303906
177.62852251421003,110.59546012476385,202.936122971304,231.62097155091143
79.9146419148145,140.27849415656544,152.24460197727225,193.09702570722973
72.13574801488726,127.74367280880729,238.8016571064148,253.49000536678577
14.224618643965275,231.06673728981116,80.9494506200766,303.8248245493311
126.274354993595,77.71928835279034,149.0857039468306,253.58544368934253
98.5608788071741,154.585577984078,127.69342746473832,182.87676615398854
57.64164744959087,153.39379627748588,119.2313137945996,335.923701084293
24.54522597548853,299.0527459868238,55.271820761664344,301.31904599366004
233.99592867439745,136.58659648263426,264.7982289531792,177.56288127335463
255.25562021548748,46.266756449894125,286.7985697890541,80.9709482625811
17.737511597510174,36.054495602511444,159.11155905879485,271.0379976547963
73.62848104311428,272.29632212813226,83.79064562827224,304.6005938495794
25.304132165256487,246.37956982504392,322.32487586701694,381.7904659341262
103.6760845129058,145.18012917248353,306.6956487320941,212.64259375018588
203.19045330044872,106.31926923356666,257.08638902209833,200.38188557696816
17.309522055792694,213.02305198369808,380.097970638604,213.64263754507925
235.70478798185118,45.656090109473205,467.0981463082974,256.0251906389135
132.48594984039792,132.65544354269346,138.11254582883177,134.58438582663018
150.74029782880376,260.8641035028844,173.1524885632456,277.88183038581946
136.14353419928074,41.25855877913538,276.3114854446716,243.68628820360334
20.733923231633582,585.4659492681436,98.70133623743875,601.9552212445222
215.7973074867968,21.147247714104168,408.87751065628527,195.6336413018303
187.6184196283244,91.89437524061333,321.1942387154429,208.75460523139208
35.00717455525486,41.5619786404285,390.4376696154959,178.77660995878256
35.26325338999037,110.79818936774454,167.79798238632216,165.65036234878687
9.85744347831384,105.2488825955765,25.33880917878651,206.607768382469
17.0819056355064,57.742524150377406,117.99295203493818,118.3740147930181
354.9974042426928,338.93650868688513,491.0840030971446,397.43890942677007
201.19611653406065,35.98375179749028,267.47674089362886,107.78754064253872
146.35820681297193,189.94925038561152,333.4319328423431,257.6181883039206
4.241253651355395,154.11792664807498,83.63731656475098,288.85261817360043
32.38278478454012,174.9855266809294,179.93447533817536,203.168189918675
48.33551969966558,60.105283367239565,98.11087903847461,83.10146775781713
28.896868395389856,119.16642795384253,98.1423575404891,159.77894779725477
18.57339777684146,106.23279370472915,181.57546515026738,345.77632233051867
132.36519492674208,160.81085507817238,244.38389742887202,252.12308121412346
6.284260645176609,118.91477264161692,216.80479778749051,130.1852968755121
186.89422904237432,101.2769630896888,217.3832867451873,103.26050798128695
27.44611682042744,126.7875467933632,190.4819714257404,168.51272392772944
26.56380465776013,160.54658763932946,64.0282556909288,201.24357523213058
13.099753043543418,88.62786191541872,132.2502265308713,218.4797228294368
18.590016577279076,113.18254265337119,88.84766350559357,142.1439777007827
13.082807920140832,206.61982999006707,61.05807711974202,223.80712338879405
42.75656914338608,188.77444308895397,158.539754662314,189.20059512644838
218.63562604093178,160.97042515191822,263.8227207472341,163.16869135819542
156.5889320641039,229.48279497549197,246.38586301959162,299.8398851047934
24.00243075643172,211.1113167959446,252.76778108872566,291.8491026681218
33.58873194574983,252.36007966111012,163.73435108281268,256.89493010856665
85.96931720303687,114.8763613414248,93.3264016076436,160.20121389706406
148.5041371950374,297.68538700842953,198.23069796795514,363.9235183377037
218.66468345150827,117.3080159183077,316.00582721426576,189.97493760487166
118.28067583916585,81.43309682854316,150.51234956176486,142.21493817666786
252.83134205232946,150.77394584926114,433.6925562355595,247.70470931577955
127.47356433374551,313.60947722977016,141.99834975516353,327.454179081228
11.334797049639965,183.8075058702633,197.42222500868016,237.73544532112186
162.05785117564383,67.33530661393637,185.9345145857951,190.46209656771398
22.822530484556363,150.5435707486777,96.20750029307871,187.91756035940307
229.57722723346026,90.68801673738594,305.8632026185862,177.35537861480242
30.65052204928334,165.8814999961082,378.39998241684697,263.97258293287945
71.1673295346864,45.655697925742224,116.56939704723355,149.36323274977065
164.30325452444657,119.00896072075324,193.05043426988883,185.9548782586234
21.431413251542114,205.14957710021858,251.24748470945593,341.6360282105778
54.32729718331187,173.4285575463108,98.88767565190528,188.79254463191836
347.0781119615079,122.14015538794516,380.89135681686616,149.2779332145108
3.687542895016066,101.61142591605122,102.4614759322869,156.37034324587734
99.60168017613378,244.38484613401297,278.4100585927596,389.6630002191171
120.32904891295746,124.46587837761106,174.12077440049245,217.89737994258073
208.811810680837,230.0994456934776,222.81001795098155,256.0886385851246
272.49768688758815,192.94473347655506,341.4517203605416,449.1219293442201
21.450595764668957,46.55975827664619,187.08579586647858,248.4576599778415
225.2488991666234,184.71603795787397,263.06763039509957,274.57841292456874
13.468188003489763,297.08956810689045,450.0049170183374,324.49742246880294
30.73567337037838,272.837673615966,166.26663213923726,289.9079660663365
12.517896930337834,92.87829504643732,48.37411845179651,256.7603393700634
227.75789797783494,123.60422743096333,241.78815687012096,133.6271618343163
235.34073309033388,116.0082429346856,271.71404528002,138.7476388416851
265.57011660524455,195.31938966708339,309.1871023066919,227.70494395386058
285.268003170295,165.01713266677737,299.5838469186775,286.94527535381184
10.52481226643066,185.61433398988783,121.29599690178792,263.18885586603807
20.209123624473232,175.12653112831896,132.73361364954164,316.8474296817137
6.437640216632085,138.7203970562547,126.834374107839,250.0024521201944
53.63285145321661,22.810767712538865,201.64029993943674,169.2658558626691
126.68891031915358,122.8591328959317,160.22300789797686,200.9813817969603
26.073757099344718,182.27029221154805,313.36087724635274,195.38182042947795
254.11975356071395,207.78206521191905,254.2960633446966,259.4150431998169
77.49297133504423,222.40383361924464,86.34230944720476,224.6479543747907
21.49964041076948,83.98260142418239,194.76487215736793,162.08973431736507
97.38220736114734,124.58843749941127,203.3929540678918,128.6623155602372
210.32167613562967,206.3042976369863,231.93616462109864,262.79337893373963
23.506303239046144,47.559395621695785,171.83510612340183,171.9834942618836
298.57241791986814,225.09900856647292,415.0490320645059,242.95518906943786
12.847089035631178,275.486068569413,144.99939150352847,293.78635522025303
163.95306717475108,146.73182913608204,257.10384614808663,282.4498917965781
190.796173735098,171.37455113697231,216.75205568724286,185.50719441533928
113.9418644098913,161.18158220060198,301.84914362902305,204.61702336356112
21.45459309986255,86.484828300488,61.90716362677046,175.46622476181147
24.004096814222695,215.88764720319375,97.56522234105734,218.8856428893836
11.152134740661873,8.38377161121385,239.29698244798917,136.65748803592362
80.01632201567082,97.44940342736955,125.45108382911401,174.2273332862601
166.6314441620121,238.34907296814706,354.0944839160888,303.72792355517004
96.55308223314053,304.0937485529511,151.85254338503876,384.4978908475425
171.03168762390064,254.6507671685638,175.02802672805012,300.2955397459283
22.864451093774875,106.45330325893718,148.7296533773307,249.13667866578157
34.36547332757088,228.54305906142108,135.58952484367916,232.11709052340123
183.14003323436717,116.41859827508046,220.16906648254036,151.4536107791082
65.9772936894066,233.82893927755416,306.5982826147336,270.3101262075365
137.97397022214093,66.47342892145704,214.15045644650388,218.8200580422189
327.08252408030137,102.5784100455904,414.15145971948056,114.56581995965597
17.948231750733072,73.15614260242516,97.9290828867159,93.20006804666586
361.05795604733567,207.87875310092963,569.1223158057875,225.57055947887534
30.1588537902781,220.53224474966777,144.45916662808645,265.1014307254159
73.9696584817845,138.08225410060828,194.7921631394809,215.79054120685564
4.804089154468491,103.65704582500673,211.8465420541118,221.49319827075482
89.26289203945271,264.5464488958949,149.14374089465912,311.53647445516634
191.5857382856894,124.56043094397815,212.61626084694976,205.4104525699077
105.83778907906274,106.78460571708786,284.01760336554827,171.27227279667022
213.41946325574293,46.022678015472295,408.0864042632117,184.4558228268786
366.2598561118768,154.31658405153482,640.7236896989116,292.7956031421296
203.1263526389295,202.0909068954677,209.11691890855442,230.6823906069296
136.20415082525992,146.02475803747896,299.38810109025377,157.61118903344482
79.20261401790474,318.5851308784411,92.83164900259328,330.77811613106593
15.94970411861455,63.88688335184673,265.9696415690491,86.68668879660937
181.5742301843988,134.66581230400547,259.86153719779935,168.08912319202366
26.206454056123672,290.54318025443274,109.18773760971347,291.8335991683554
31.696798425744703,144.4092279538157,214.36615497060944,229.6088046884752
21.545249183422218,59.85941960970556,347.09439768318146,103.91001953688225
185.89434748944439,96.64442529368557,208.05674560735923,118.97823067184153
15.167395964163424,47.57613353799594,201.64070828756707,103.30733966199855
265.13399857078343,209.0224107079094,282.39100770248535,271.46218252301344
133.60386672767885,110.85995356660682,182.7430310530201,328.563344697244
15.404711864333185,63.48850080845077,197.9361222671275,121.26991238699661
101.57636689539295,297.2146674834929,144.85297020886463,337.93560463426536
22.696449107667412,110.46600881434992,98.78665643273435,254.71059995848753
11.214253486304003,57.3984833114286,100.46171639202382,175.62686991290312
29.947514768416642,20.30438503812259,98.33400258274396,237.81171000438738
7.837519911319968,121.86548260329005,108.93809677232649,188.8987369351426
171.39746178194673,153.75098165413982,270.75535479492726,248.15930442993164
129.0153515436962,190.31352806842517,190.31780194619532,295.71910257290875
184.46941350077364,54.653934011234,314.54241749352553,194.4640605009829
36.53148856622857,95.78326576976843,247.51142014469556,176.66453597790493
17.65279444790746,165.26360583867665,102.43862960417383,220.76680090070275
134.42715355871033,215.57411250786123,137.57211371187142,356.9854757975515
41.512416475778956,97.07636326798315,236.0752382319533,300.0510136843253
165.0497254076664,87.71321555733998,225.61919545811955,109.42988920466077
231.9747328784345,231.5912764460391,327.7391535530554,269.61812320814926
40.12397867193078,23.33358570731721,133.99878443273911,134.42522300754882
226.38171323370176,349.43815383639907,325.3803116957659,353.5602559730801
69.2343129212386,167.24290089870794,121.98500949040144,220.02328573445638
46.4043483543214,46.05279137622958,80.26306575704558,157.86053166636106
57.307259881347775,161.63047496857362,83.15589549674202,418.44070914844866
279.25675748772227,231.72587738216853,501.9356042701241,398.75217325827214
109.65344932487687,59.280222802439596,173.73747683841967,66.98749726166682
1.995168530799679,260.17534551370744,288.9962992212023,309.2621749219081
16.763934357262332,141.34432100413844,202.23688260300014,251.11429228052526
32.43257372473611,311.6314268524221,56.58424455591674,491.39999630515894
15.589915741021194,60.91053719722305,161.6061116021992,301.35115361473436
25.711679598206043,158.08496490547137,95.25076309193214,301.2994473928459
340.2158516638564,295.2944161188195,449.02095611979,344.5460072824017
12.247963698094376,92.84493933580711,147.98778278782913,258.67847678073105
67.95487983703114,192.86635210002657,229.24140906705523,259.6783040473911
157.88970703830853,151.58066197774025,217.66649690197326,204.25965169235081
29.356091984461024,189.1457639214118,131.10137511040452,283.24505342298266
26.419426090045548,123.92404779757402,103.67672013752062,207.95670081618485
39.049315458349774,37.74421127455837,407.2678332057432,369.0441745885489
190.5322988339996,279.37766380081786,223.95310201959188,525.0878677364404
155.4562638458349,137.73125840871714,348.95753902008045,139.19274633820245
80.49131402319239,82.49913483979104,180.7664466907795,199.93146177057938
35.27019740969715,232.69208877970308,175.24822987074495,234.54863709445635
43.50269765388937,166.43234628085457,309.51729918372615,216.40862433456195
124.48472639526852,156.74238456739442,182.05651565887993,176.92788737440358
4.9392810860298635,125.57021368305668,65.81944048017533,188.28859941736167
18.11738223661301,312.00116763882596,103.10949950305005,336.65130471749734
18.349681447667223,179.99633094777886,54.22320588085772,203.79437892103056
12.962967853747971,191.12000953907778,166.82567508819395,252.44708618766248
157.83804229855656,43.0200003259655,211.03298296342956,380.2868938827925
179.45661110005133,159.07368966852297,228.02157970869987,359.28028461075485
190.7144692395632,57.116837813620336,258.96208212255175,416.680503919279
206.67101602283768,197.04050959921017,274.3780949986565,251.69240759757457
38.63213613795137,196.31964235215648,160.57978133349405,230.66895018094075
14.588814210257699,88.528714646355,103.8964270169835,311.2061316040609
22.735093324373324,108.13168256155919,62.01213975458068,196.0231488278159
162.54439251033745,54.22735229790392,239.31244044242533,389.44692588145824
210.4909156448377,207.47970568340264,253.7135941458348,323.16631862970144
17.48010377402997,79.1839802449413,99.11155541125105,243.11307905082884
16.52698993989612,22.261659540210857,384.49712011161205,112.14123014069494
208.6110720469386,154.1911294849668,228.3181447033083,206.65059827794403
25.338232940255843,115.60058829363446,60.47312846197347,146.07776587450095
39.22390509257748,208.91702979532562,141.09766418505706,305.9470149563334
32.90517442978265,160.32997030459984,215.92357331387612,162.28215618221333
8.435857811216968,123.50328475959218,250.31765726166563,298.4638943279264
25.541882032218133,300.7083397330171,135.10147691642499,366.04820509271923
36.4372596891171,174.43231367494565,89.74442276457822,185.00358221686977
116.94898142350704,135.95986354590815,142.199532950848,167.86881775443493
12.629598347700862,246.6647353579945,117.8428093011254,287.32021219636545
110.93158852768111,195.42121633006448,133.7184108963712,205.52964297577566
211.40687116651668,306.86090060733943,292.1501278397519,354.029280468341
15.447238317451514,94.25079915795696,234.20741900954928,153.55405602489847
140.02172237969776,87.39136834621223,249.46042572792282,184.18700740917828
13.271196954284017,95.74387916232197,66.60416786159833,125.75913782546651
141.2366035560069,42.44413258284393,220.42523150231705,247.02577293381393
222.12627205579065,240.089556824394,277.49181094183274,245.23548225884753
162.15214551210013,33.27191129978563,291.0178944384977,89.05910501508538
29.76085779906627,348.17252842142847,135.55115856051154,355.9462324100901
32.37775228593088,90.89433537986868,40.60400643099192,164.91691660030537
13.867126390686012,141.4315784464725,35.92642901945691,148.35239425585596
160.43621182006774,72.93282055916508,248.56174956640882,181.51427212831197
24.728539343489732,98.67163594012182,52.23593723047142,210.40917216613724
144.36571733322938,129.16108609550318,155.29011187099832,175.6988194369952
125.02539697565787,216.92738774089844,247.23395698391107,258.5740969590195
104.52168201630045,164.53243360302906,198.3823003713886,170.08191250618032
3.5559385047114125,163.68698348197702,49.266065678342564,221.66205940270527
30.643500030981876,124.51929282229317,63.90973982739312,138.72730586340708
32.380306041462966,213.27831207330266,77.94112484718636,272.65685314046044
34.581474418764785,223.24692603723227,103.42135292578635,240.50002650329102
11.409325143377082,141.92831901669285,318.3304281693679,259.4189574049395
271.00242706508453,68.65443892874778,360.2533387824617,260.07527966072865
171.77856213548756,99.71217555540142,183.59315310585168,139.6238084077805
46.730407747569544,197.01830520802437,147.23088683010351,201.8221084564308
219.9011056744376,87.5911910624344,349.32309640131405,91.57873873245092
10.137707941881517,220.85301761684875,299.9588767499634,318.7446425775464
25.786211083020156,60.26381723428783,168.7415607681358,208.4073092495278
188.81044396508798,90.5109862071713,327.73392854269736,156.60968643661843
184.29526605332094,353.2014312849433,367.2296195159702,415.4432161650224
47.031190424528226,260.26393309083244,215.1926591783345,274.5391310240076
26.748774169236462,122.77268235788488,228.23145601288186,345.6696179923275
35.54215803086053,183.94951291552624,269.2654325021793,198.88047580202507
183.74587132137376,277.73416668687634,281.2078834703123,418.09924307345307
302.24017177459854,176.78686195576597,363.2618680457589,181.66923967186878
11.139946077487076,143.1769964808987,115.56581887365016,280.4919575488611
25.456970340132013,152.50415476932955,107.66781448503652,222.922035065806
96.15795853267493,189.92667849002393,103.86503476358274,209.97609274888882
8.489328230330392,259.0589583414036,173.37218417156424,263.5277837951858
21.473826819193636,116.90210053453255,91.98543637974194,290.0919348662948
421.3712119018557,81.42489810925453,648.6577678388963,176.9064471074446
105.9660248285943,141.14893840965902,140.62971096641647,301.8765990853793
7.133336651381103,131.70420626165358,94.12003150351724,145.35426397374832
9.861479180207755,237.72576990646888,232.06429193751347,313.34437606401025
216.71863729677912,232.9400805474773,308.41519437123185,294.077406587194
17.8636819505819,122.99855472879806,204.88551721946817,180.19303982881695
28.948925136747743,176.46168536371988,160.15830247803677,188.1045981191116
84.42211515221365,178.44295182133422,143.31221813969037,341.39998137071257
202.32812412959743,101.62809933804475,311.85037804886565,183.74298959440046
190.15094563242323,109.31679274950174,263.8112668957138,140.1234464875355
16.446433816598663,309.78264928178487,98.13784142618172,314.6372702443644
258.1715332111734,216.67588424959823,385.3511858559512,305.6100985343211
19.184199053328285,71.84623065080817,35.27318567304541,132.3051847981585
153.10897824494006,404.20342881389695,201.60390257206313,415.12642898496046
130.5175025349476,141.15249873251267,130.57584510894034,221.7061693023507
57.99895764424142,138.89058687334295,153.36473258427472,147.74592708217003
52.3647748406605,70.7211931031492,83.66213730151148,187.1442552203972
85.37846320518473,119.41962386388222,90.0272475322307,145.87566425402554
442.1598603726689,343.8911746879564,446.42844923591315,378.6774941513275
178.95997004591823,124.34474516986411,201.53504884443018,226.97119058820752
146.03714635283654,234.4481069956873,200.01159485703192,304.2981066064467
109.95567180124482,33.670869891822754,116.42891786058445,73.84740656710031
11.141663544773998,231.30189371484008,278.71404392518406,271.21724150495066
109.95425097919474,158.83020764495268,112.3289114143192,181.88384780970196
57.98239367230868,252.2163769872806,178.68773605899773,256.794561963065
280.78966768999527,35.802510268429934,371.4111003242133,111.33105944771633
42.095333263391275,191.13606905492873,105.3871744285717,259.2262130304153
407.2057642145356,182.2034985258223,429.9511251142453,186.3894767563803
2.566544367712271,105.63926648219342,154.02532938047182,188.2270563928656
66.59247921231194,69.30579733259944,176.97194879251342,271.1232291876762
31.84753159369272,312.4381023627011,41.07230583177261,341.5749054981816
157.11926875194942,132.70767617997336,165.52790220719487,278.4596747297892
6.746058444992796,174.23763439630378,229.5425880377917,350.3201281727467
275.93250316488525,84.07585369763585,384.853895738136,123.98418994040115
119.27340836891855,55.615504683297345,152.4158156105067,61.9090960233615
7.497703465835586,53.30552445554849,60.20329410903037,92.30686760595752
147.3447413008391,110.18704272569983,158.35558296282457,162.35868514997966
118.82243583313304,35.9117376812541,130.5826679740915,154.9961308372917
21.46947863299869,68.15130914763732,168.8925241810219,383.10748121560476
37.812658894908125,31.6440651223899,215.2071144583407,109.26391378113668
18.097081271343875,355.9571420775034,113.6088013433827,376.3172963933489
12.159502020407247,250.14450132144773,128.25659624834125,330.88758783083017
172.06301991808522,60.336791040570425,213.12586765599283,340.65978381240893
165.55378361795766,145.46387783963013,203.43953815349752,374.10846554483834
116.56300797566107,153.17024931174726,182.61312731699132,191.86483786153195
10.715378247578789,208.38440359789095,117.20647376290259,353.37758272332513
20.74552322554061,102.57622532132926,201.7890317912994,322.1942508452235
5.699162361803165,201.65030286970813,322.6203200248757,252.780601386044
53.849935253950974,173.93405923159685,121.87679038830055,210.17899673771927
18.77747837433255,251.20192528834954,173.63655103847378,266.0686318223696
358.0364645706877,276.5343955349254,443.61426380126403,282.93132635217444
25.208134255522353,178.19960643411017,216.09460297650136,227.471974523007
87.51880545745277,114.54356944421701,125.07565250727559,201.57850307351725
65.56034408253697,204.00675963618139,94.43983105541838,217.94808143842835
11.989357873866577,130.1713914676476,44.30368401069447,260.0203834735355
185.29706353482118,430.35630872964964,232.74654681063222,467.74150239311285
15.503246924961694,98.86504634549821,316.24539411384933,118.61722984719151
40.466900915528875,295.1429700944959,334.05922425792795,357.7582366173109
189.82141116904575,210.88898058080994,282.9867330012524,230.50750225759344
12.357829524752779,142.3090548387771,170.1659753773425,200.67919775700864
409.4363813299602,82.03682561589918,479.9357641314284,176.84253986697996
32.090490198278324,182.20804351771017,217.15473986155885,361.96172676036514
167.84216368859265,375.75680593091965,277.2219091228844,427.27604001141066
56.84073640014973,139.44990761665187,60.41362364044414,198.41351026288604
128.0095282760961,82.43441671529898,182.82545079348685,198.18727112201682
318.7708348620042,22.839166522266478,338.59336486550205,178.06811843068897
205.58594044066473,48.8143846287678,262.660762988062,138.5783643315421
24.16409020331439,198.10414431622368,328.98259565370734,206.59996587170536
21.52789007819921,111.02954049124303,159.89916324940486,202.384835568734
101.29291487242645,166.75101685372317,325.20405940136914,182.66093668436918
230.66231843466127,80.29802953426794,267.8820714351118,125.5564431341702
102.05321023352535,56.96726990615827,108.29179338309764,205.10497863560013
247.6254476996807,15.88383047244958,363.61979393472654,78.16954445161232
143.102623302116,209.36378961318275,180.74702438314029,257.14340764816524
97.70075967162593,117.44945953580351,190.10213205222664,149.44189496061796
163.2931642179173,116.01094904043987,175.67918653439423,222.84705582912187
247.58616113531684,202.6907662392501,280.7929338683389,298.14184555267843
90.7360607946002,53.54999763463226,278.2021863737679,175.36090547244558
9.536693250809323,178.39873050064918,254.07940509787383,275.7745029152692
34.71990953383344,93.54902880449703,210.32598671056473,94.81798353036132
37.51652809404732,76.87491327108967,71.04183982016514,151.07228475107019
25.162648179161007,231.98461161173606,273.06458094303656,245.60392760737324
123.65835114860175,11.848297400631079,138.14068147038526,34.92311980715586
167.1312782469192,56.14012144982348,228.0355043752493,127.4363828230658
30.980754133718133,102.90498184269582,154.00292628236517,110.22135442042884
34.40770465290981,78.23990971448931,309.95249883792457,91.52063200875064
80.5291609759743,230.67462001936818,110.8711777078459,328.11536708756825
146.45774707029966,116.33198540827429,254.67638562568575,276.46152545606054
19.183044277497288,23.592891214338493,239.6995902030351,42.01149349353018
2.9804350922466445,56.47855164650753,426.4273053004893,62.16486828526708
142.67717543189914,141.44217616678765,265.533162915775,200.05800543541756
86.49865291722287,338.98672093226537,275.5416821214235,342.2699736040826
193.7076093696124,194.58228888851184,387.5508788441905,220.7596489255454
187.54587823068252,280.8448557374836,219.16006360028527,293.9539773114382
32.927196525816576,75.79828221135257,69.4081503735661,273.46980788789676
88.38644753257235,100.7854845311257,115.46615247409689,172.69317486315867
253.48642685648045,140.2166423127676,367.9625797118481,182.8967369152177
79.4920806247904,197.90894076254295,108.3047001333447,200.01029813754022
387.7693045829503,105.5974263487467,442.92727877298626,117.54342093671241
149.6654608199626,95.81472703593163,237.35239641514366,236.94229578193728
14.78349489635393,220.00820286554028,201.35554228726014,227.13227714457193
215.08954171375993,158.9998576113816,265.89755763208177,278.9591708737088
88.5956877024871,83.46866942155818,143.32907904360036,311.99585734366997
43.78014633324709,107.06925244864232,157.1701393818703,195.45300931954688
82.43690958640734,68.62887442728898,106.72386711607741,125.93325581054607
212.88498068284747,53.21133272197864,213.13826770674814,207.4628935009966
13.708401299878778,171.93708228782347,65.65853836429272,244.7985497261173
102.71077379286905,66.20695136995488,204.16250263573605,202.07175870406638
149.6914109533696,67.17492392441379,199.66196437655177,204.10137800891422
93.69406231980022,191.31487760523032,195.8508293591557,220.75148989627402
85.4906116040518,239.15680945116196,226.6546113191541,323.9534407917049
11.258044644885587,147.2143434431068,48.14298939529226,193.80303816448992
26.60108597683715,119.52822162625412,385.35513465269014,240.70419683254008
190.2245455988707,122.77175913527486,237.69263019810575,139.45558965062412
199.59029813863717,160.67416732077302,240.7431616167245,179.1477718376406
39.975984961954666,37.42384778918416,94.35574119750275,230.23636293886048
40.53311556584883,138.87161657370194,153.8137919769925,221.08580385391997
11.591514148404668,213.13806985087413,121.29841503933898,309.8917064959274
37.14614110158358,244.6423987370144,147.30604594158072,283.09571552876196
71.62688327164479,259.043269621189,103.08462461629658,279.14250234628025
34.81708874176249,121.2647048782775,106.46043698236552,283.6986785653032
226.90265826464986,239.96128430480363,236.22366103074916,296.5708974401993
62.589903218474056,162.41000163748282,274.99639430329114,179.58180667146638
23.23525881642545,208.4481732936198,89.45721528645724,266.0094897164464
252.86414275503117,29.52215487708999,409.1446211549974,258.4623435319184
11.076000522970137,178.4514057396276,118.17478169254412,212.4326259574947
11.270878246619878,73.29978303635119,169.21799256237148,188.46609976817507
145.84772532528396,114.177896959173,186.30936093559833,198.52526211416102
76.00244850854234,105.83266421479813,146.11103073596473,254.12647677677353
9.85604323180499,327.42204285162927,175.35679439317786,393.0025628756922
218.25565444739087,156.52967519316994,245.93611705524577,277.4117821304747
135.61863250279828,5.934052107632022,149.2800642902808,10.229537363396448
42.940200581477505,173.34362458734685,268.14022972634,175.27230461973332
263.3182525563219,69.7526788165511,526.5308621971324,288.35459608621085
18.587505154283136,34.19001684506238,189.91161766635977,246.10619656292215
301.68091571828086,233.71549331668524,400.88364354801655,347.4531882427416
81.07924635322291,171.29797066190724,405.86221734782504,173.01303979502902
199.5410857369479,83.14712851162149,269.97578566857106,105.0035938712808
34.81794696167651,29.68128868838862,261.48054009046984,233.5026919786368
35.039162726096805,208.34323224207506,116.69130129236964,229.90906391428868
268.6804364291228,215.5417348248312,424.2310766642512,241.6585899310462
306.152732176591,308.5145257324999,366.85769147073944,353.64042424193445
48.394074672959604,163.80148008635962,99.4411058647322,192.79089144848092
163.06438923402885,199.5597087665716,184.41779955120973,363.21245869343375
7.259488364944003,116.8268931020821,154.0836216750383,272.59956544300394
33.861237946697514,86.6110354476321,63.03388227394933,377.6108752799475
10.814432529956191,39.122267360859624,181.92094577929083,93.01651689757605
213.41139984535113,50.88904890621415,264.01927686355856,269.051244975773
23.04533241671957,53.88426732508516,130.01544313822927,143.62517462892734
3.069118513665346,148.7217623278724,111.99871447133783,220.69696152391117
38.694436046686114,123.45977342839352,86.15809032873395,337.6373312960262
19.559020754341677,91.93315424591907,158.42685272489172,153.43291836901489
46.10335889954584,102.25161558923362,48.25831615544285,122.04990250562776
27.773248492764218,100.46909650009553,256.3173443052588,139.01397384987436
17.653728038354522,39.4513537243153,195.8307142320741,126.51678464272148
79.7824355746185,71.03385037052975,323.67651651813543,78.67533558155789
17.486014150530632,78.17888106119207,253.02264255703162,119.75920279059571
363.40242182982905,73.78141875410847,389.3846544008834,145.1313407992473
240.3812888202978,141.98834988932492,291.9729591179067,459.8183320648033
44.28824552537143,66.30916406328976,93.6531529766645,187.29236241841755
63.55474404160134,195.20575934285853,154.37363617936333,373.18275672363484
15.440383405379617,98.78518637778876,115.32242931989633,184.23387259457434
44.75940226092858,22.09243227721782,149.6553735394012,162.4985733988343
43.90963508761703,274.0244212088976,74.89140769990081,291.40889427213216
13.692352896657619,33.63071222682765,111.02879164884025,197.4387534458343
34.93141200076379,198.65373520996323,223.22100192575266,264.9845300994338
46.56575870888684,14.05756942056707,112.94682308466183,118.78888052979764
57.34573067339498,166.8938113390423,127.00683978048461,302.75061389286446
6.32128669955736,152.61523328387548,323.739827537001,155.90873472420373
20.357144276474678,59.94567959185233,159.76987926857268,82.51839656773468
25.684835947130498,69.84993624224883,129.04573736313188,218.8436828496383
186.6414166317679,83.00262801471185,204.10473211062535,126.42499250830117
120.80909572851353,124.01457957103908,294.0075511771814,229.01266400469387
15.659232088227094,90.39633038200859,144.55193008172006,175.87702219442176
75.24528682496567,116.70470484301386,596.812014788046,257.77392262142837
3.7037942974212985,195.5783640219064,73.8854972418366,285.12770964392587
322.6922579449813,77.13001106536804,333.857607271052,178.80054104841292
37.474369710173114,61.19809986590048,82.2924285229506,88.10644821174027
227.30505513537506,136.44462351386696,256.1016547571499,158.8020804331811
196.28923379964925,256.816587999423,267.9669886679916,292.98557245349406
230.15974075298465,213.64386764353821,263.94778707845984,246.16453021329693
142.6656820988196,190.6559304350138,253.77584102428224,310.90343111714253
102.23004622795126,180.06234722861586,129.17828220526647,193.94870227318677
3.6139964571847356,82.52168085881766,216.1245174878762,103.6001242874669
9.96796520699819,26.9007898519228,176.20497194691396,141.64533587389994
56.441378143687075,113.11572447833322,360.03565557179655,211.92780348473568
20.269593789633376,129.65001061633185,190.22189023539318,154.68443996798496
123.33567148198705,129.29164585132472,150.00070930072118,290.418191326642
134.17184472516823,422.6644907774573,166.94337980063798,424.7176121913501
22.517312870036054,254.01903198061433,44.48086873541416,314.4430956260893
126.10171329537846,72.6977969758982,295.58938670964693,96.37049091298618
7.836336410600418,212.925223426619,92.65190823199907,263.50380838121123
305.9857668535237,220.07828339196814,424.3950244548137,304.6417155197995
165.38605406073742,121.1158493711712,178.2466703348599,163.97131006670713
263.1717131281332,162.45705276864157,368.03773136796457,177.58180496858586
180.81837740097907,115.55566692922605,336.6038161374726,138.35305734912637
241.74320590728055,278.5611336980182,249.71533297556923,314.6977934976924
19.77356808979534,164.389355245542,198.8737566126229,215.656529949396
20.035504503991508,139.61258566424152,91.95639608107953,187.395444433211
166.26991380319987,171.00345584527608,235.5112050007515,180.80854179732438
11.578332328358306,248.18884460087997,58.6075345494413,251.08409288905634
15.091275152851663,173.48017968647324,174.68341445173238,233.4954076661845
173.64921554474103,260.61416670283285,214.40037712444195,271.0859567622082
66.46549736376294,196.3900428687765,105.91437533101642,218.97694264492318
195.16571089813309,97.20238991195635,209.0631618829672,174.04419619992086
30.815214024447048,244.87735324037527,284.24717427640513,307.6107299525175
301.7419250075454,25.230626785864885,305.6881237365794,238.64726341413055
80.49480570282816,83.26227203886138,227.63685736019383,117.3369194756402
18.76898165064017,140.8643617479491,217.4493005328681,290.36037213780156
8.497709277814772,312.4814533167498,83.22661513554759,313.8460029626552
548.3761665819832,66.1997859403015,596.0163124710253,114.62037757727201
365.52559339818214,69.64373823618337,388.15722845276827,224.87419832703992
188.27001273658843,97.57929222061875,240.13282656672337,165.52697164827978
19.91808645467553,166.19110968204447,257.90054085309424,189.11804360162938
31.948716706270403,78.7074030632701,147.64298776013277,176.53477179594088
90.57673887493439,143.13470585607098,236.5718561675327,143.16101357529936
27.53776456510153,234.08456941191085,227.76206872449558,283.709018583594
152.15051613405075,178.18538839449016,185.51335659908582,336.625626880608
49.266090039869574,71.50096262519166,92.10443117429729,142.6907119487218
41.87646286094459,157.23493203569,283.51216320505597,199.87788121934304
175.5571658440459,214.75638098281576,181.06421323627404,235.72162820308984
114.24653067027522,31.099266530201454,230.2077925736313,135.50062855654824
11.733624223030128,210.8213955177699,196.51696495710053,279.9161846174485
5.479350738020307,286.61470763527683,109.66600075122987,327.1088941096115
163.173312337091,52.746244876762205,249.43881646581707,250.6404705832817
34.721482614848085,89.04630666241927,165.45065737644836,248.84145903787328
18.38083344166325,251.09285440478192,90.17143728291902,296.5006904432789
37.92027418388524,130.30983105213213,113.71553610782169,184.28346018013286
22.376079557092602,44.99287593157318,170.43197980133587,181.52284108934265
317.77656852519726,224.46951942336483,326.4760396937697,228.20544250761478
227.64838683300653,266.3157812495464,230.03778738189942,362.6259672129443
57.5812733510371,113.88773567609962,109.36722737214176,124.048161102665
14.526962326176148,98.51477707102242,110.67211943875697,128.85367184111269
12.736333377924453,141.7903305843458,149.60556517070637,249.4071438273535
206.49763787187544,183.48224166871768,315.78650719943704,195.78741949897278
50.22903298741666,114.8989450275224,143.01746439251116,137.08752895631469
16.99104374506987,53.05041721822173,99.24961276934773,153.22183255597008
188.05416782616157,92.38274972563103,208.7432407722794,197.67022911578493
127.79720428460762,147.61506235027193,134.78243984036072,202.65857017207722
125.34297038504022,119.13053869073177,175.27320719851053,144.4401673091564
9.891163928399568,410.6309123650425,232.8240581639103,412.51288419335214
95.50547762586466,92.84641300433447,309.24559042981554,121.50663341223873
126.84677309729184,218.67798135122433,393.73730884913726,233.07503698686975
300.74701219348077,109.7898124564502,340.9437331451928,156.44764911004486
25.119775443238705,265.5538741572697,255.47409478576895,277.5426579343624
283.29150727019163,83.69085442885796,291.6246494314292,274.7850492460881
15.859451826686781,81.89518933270186,197.522507319584,147.01727573902247
23.16409456306015,139.94763954957568,176.31463349645372,141.4162132549902
28.457479355263143,88.38030673845827,107.4887960218007,199.41302648548051
16.911085451616223,238.6007654303158,309.30501291221503,240.76464271036556
91.41335684463898,186.62862829878983,146.79700953380254,240.12324074879842
69.5468049428991,47.66580882839903,199.34462754077487,166.69881113456182
242.7107789836683,55.636499876342796,276.3825282506376,104.36108720039401
31.02223495154751,239.26433753630107,117.7265713118536,246.56523290247407
122.08654261735366,190.08214093784062,273.0989176244284,228.06446310654073
39.940015425706505,254.90911935945317,276.949642526392,269.9935533874238
61.88061125756505,134.77172014288598,91.47601979154828,197.37384605582352
153.4216112790172,110.13616176083104,394.27450452044206,284.12830720946386
354.6150796209071,84.88086965824172,363.5746141911794,319.449560362122
102.06504034121302,80.41664597503473,121.18560219527753,173.8873611628683
390.2497761664062,124.31321015160542,686.5093570438855,167.02759469416333
130.55985175448134,101.90695038118798,386.90573662459497,168.98404887571317
106.63114546592584,95.04882137347117,185.59296370062813,253.57871207313724
192.48656664721767,166.50754431505715,353.6762468552765,221.0404141963964
24.359858448740432,58.557733486832625,195.6278766308119,96.03611355796795
4.768280054783452,33.280288990063795,261.72063943034,61.21656615236765
266.3979554000176,55.73759698992967,311.2853317906131,118.87652430176163
10.390540555661483,156.71264066886624,144.09544510695034,192.637996774244
108.91832861942996,80.43892876529817,174.8439990679227,119.18600366193152
33.81842547707596,99.02490863119323,142.74251738789997,201.21500428283392
174.28367065872845,106.25468566762495,260.89312488344046,125.22185830396693
218.46452518717518,131.97755464254766,270.9491911521408,250.5056629239707
265.0812646445377,37.14722775457279,353.48483936607977,90.86609697820722
3.4785933834686165,345.2110645275029,31.971821724505904,472.3169407833269
80.27950316427157,112.5030671936929,109.05477734158525,238.51089387163802
121.00662664454974,145.12917530611017,316.7752450282242,186.30832296673304
127.67152780053176,186.02628626621708,159.68558256034274,210.89919837572785
64.09243746864752,82.9421104775207,111.56396798070378,184.52547105023118
11.1043351652342,36.18791479337811,196.18697786953646,403.10124297711315
86.51014638252364,242.37293488523096,134.56614808012355,249.40364156838288
9.723968225211816,193.8844070852671,324.3856361332297,316.9538006727423
250.27100377349535,255.32080640690378,273.200769118349,264.32025340087773
397.34291034474523,112.29473114001712,421.3986645274417,116.58683135788898
7.31963580548633,51.225901733164136,69.2137891895731,115.42520072867211
14.409753572657872,129.6614749360324,144.49240367187,197.26226525350305
27.6439389045832,112.3982559240141,62.91786973522979,141.04613321853327
132.72844063865102,166.1165307860928,141.12752011471446,280.1369264243582
21.708298230305015,320.1022626425838,148.32048671936684,335.4653530339548
190.18660830966581,217.98154783053118,322.5207988842264,256.6378539232516
52.803486045349096,98.68279010873808,193.26817633527594,281.54056778118627
191.699872519213,115.40856036177945,207.4282712011756,198.4440695094815
104.47050083093218,102.75645261701528,232.9137832124045,121.55359731824403
16.739256855021473,328.944273909591,95.21667820672829,356.85591586246915
77.95193832500733,72.91753419321942,244.67074459979702,203.71095142048142
132.0317119120922,172.9416597663085,176.03765222622658,177.3246557954155
26.06620382467002,47.204722687722004,42.990181405573196,207.41419835966994
10.69069315457705,86.86293444590736,29.76932931937233,205.8850904390033
165.39180375872638,170.44490979038812,475.4571173277341,178.96850757140825
16.372293730117832,117.5926540741356,46.76436596450099,278.71378887279457
168.68976232194532,137.06087286903426,201.11695771529062,334.4019442355973
23.188580505223126,103.99426377108635,107.50016241891733,298.1438978935351
19.321391848753965,113.71044832227469,216.5803352854141,126.13918733010276
219.50060876762495,118.60854763388355,317.66081361325877,187.3588537705423
10.7287318101923,201.92399775991495,82.3024546560302,323.3816310987442
14.872718600271535,80.17701367871545,200.98658518186622,165.9754440672627
17.046983305524442,32.75477346202552,185.05533779278466,159.53980805148774
228.22427574294704,240.54759135060098,271.42818611831154,252.57696051385673
20.14308771836183,210.17723898340975,26.698115473789837,248.9969359197169
3.440653311377888,267.157257681188,302.06536878229525,277.4425720511643
483.789485015137,46.07826888527766,587.6326138636415,93.27704636216197
77.95678634823777,32.09263617641727,155.08130141021516,180.77425703819569
43.91728526171354,217.94512531806163,113.37248006643325,221.391982158733
123.19615155456303,68.57834669948498,160.451118681854,136.75435409220268
354.41094647342464,42.05398786828572,378.9133634871842,82.68430570873616
102.66061640363485,254.04989978518614,127.02870930098648,269.1432806081868
10.584379830063272,182.7242948507736,148.85366360523872,219.20480133357958
58.48846652291111,193.34836512959134,129.11077603525186,205.55760706257092
161.08260263389406,71.06205705234058,199.17976499153778,73.86937112193225
22.63511157829405,142.79649304991963,148.5357241239773,150.89541647617202
35.02350751618862,29.423208239996537,69.51554589744559,212.52007937652618
22.020020672378166,64.15817964933375,271.600174934782,187.25427119805622
20.137900088803264,41.253865431744366,82.87578906010305,192.74275747577374
6.700385351791368,119.9194515834772,170.13717228647607,218.60808922685234
9.659735799856998,8.566164990463303,115.5585542689952,22.572528128551987
250.55135006062633,143.34165169781716,274.9941645693837,152.27808482037815
83.08579803011574,218.5398754491945,84.28549978828465,229.38744819835844
101.5969903012583,134.1435218127866,235.16239288804692,206.90270167406663
342.1536613833415,161.87696987004765,457.1312066693871,197.72711522057406
246.27666827514997,173.43010631797472,253.44400295671122,231.1127235691924
59.16630643504859,340.3189462270699,152.9974000697659,412.2278111903067
48.47975690483173,229.27239318743605,186.20670921622406,266.23778695285006
98.7477357351777,245.5853258676123,159.40934752847247,309.5803972201558
92.9310630855726,124.32923396335318,196.25320952415464,209.48969247566296
151.78631839160778,294.0989214375172,154.57471346479937,330.3185972480533
175.54909220451032,138.09598475080472,264.5331912544277,140.1674876093922
212.5395906814811,158.46249164901198,285.7664249590064,396.4421955277903
121.24779052544454,170.95070676059376,160.22776841282496,236.04255691865635
37.89534779975695,210.86066411683265,70.95354842159674,232.02643152958873
158.57411471290246,33.087226147211595,186.15968610145586,249.8292903102962
74.3456860289688,9.510853159883697,259.89355196885975,143.984723197403
142.73095632921803,258.6613313873989,320.73173498342646,287.4098739280768
121.6418016328927,157.27723376689602,143.6546779733831,243.86455114788563
19.220231562007463,38.3368945831803,148.3212545634888,172.8429808949095
56.33107788634464,140.0263088352562,153.65809872251486,255.1580646992384
167.0974668220852,360.69951040218024,238.47632700820768,449.6494042518398
128.50459358643388,192.4506070975253,152.26371639525618,236.26159479869767
23.80700030727217,187.48445794900596,94.94126890836563,198.77328622619933
18.604353278613328,245.5411712345732,81.00505792908999,271.78383350284
8.43867495138614,88.58535607575338,73.54617403829366,208.08810229532025
137.90428435002835,211.4733867803768,190.55918952333562,275.3382462236064
43.43498311752888,159.52753983101698,77.24522222128017,281.47052847977227
6.738642850464876,55.747149800688064,184.35076092761423,198.86195414884375
27.37133493257402,167.1612677690696,93.26910259987585,168.53399657994032
142.35699950134537,341.519909574472,153.23476401936296,390.0743063340982
8.20216233673217,50.173401762265016,250.77509527650622,226.9847548537366
28.332450941496678,117.39770425695552,228.48597901212477,140.61709242843548
85.41777084308188,298.23732701034044,292.29902525498255,337.06603520952893
53.05176590603498,138.11258299832153,148.72103763682804,197.7930470334779
99.40995164134728,124.2059291041733,223.84105164999775,173.05521514623447
22.45388667407442,129.49484961743684,276.9723948450159,177.45867816433355
16.16203244783067,98.25577659952239,107.50358904799877,99.72548451205351
84.37048203462335,144.21233908088576,228.34438022004886,221.4321994006449
173.29178345007514,41.939481240934256,179.9311523519863,243.8869390285265
11.243242396587018,99.15053868919202,105.31784324165986,184.129872197985
60.29846352518544,285.6680141193305,235.76290864582612,435.526502742922
53.81321928960889,77.94065910756629,284.52532739947145,140.6384175326133
23.19164400441559,75.16492484273303,111.23310707346174,156.6647913346874
78.84002662262527,193.1056673752158,135.1318574121572,340.9525977028209
36.61960951582717,129.37759889724637,97.16089757394349,260.6644111510363
102.81571169549223,141.06968388295178,146.83546456698517,144.06163053867016
6.096410674222042,157.6081297759732,313.76466901814587,276.21284367660513
333.0406896473269,170.2183624421878,350.69444205741814,279.3767387670512
80.89081950256089,244.9965955204409,107.68599446285856,367.92958272210467
62.73652923669084,79.74831185992797,136.6056985011982,146.87652317089245
34.001245733894386,124.76508333282152,138.70083470137712,153.0969967353446
63.30663053748359,252.12095902654957,95.36106663536344,496.84014792707495
224.14777235753664,206.99866430582563,271.4942459894478,280.6577999306807
16.101493422135892,55.183583324972815,216.0124346435552,77.26904542419751
63.251145375735604,59.26717840622035,353.293563959531,120.65037429871713
156.37669687567632,58.88556767509457,157.96085322257758,78.61381742295644
498.5789407069016,187.3207238991742,563.4207704509683,192.9783119825783
201.58382305507322,79.61792271672425,285.4420826711749,221.8134689240068
52.47025151551665,190.26016413525116,103.15486581188414,248.36797668758163
260.720515859781,285.7030493232999,290.14057360590965,363.2590352896568
270.6690084233913,97.97132341921007,377.49934854267883,244.28272822797405
197.18959376774413,266.50423346144777,226.12169994287177,301.262306283321
293.7235248411318,167.04151479363796,437.9836892789092,170.6182316504069
108.96785203955065,56.71122086328,150.9747726773103,247.5377262415727
67.80089365940125,245.56331599018196,176.89819307183626,269.0307930060939
10.641387168403547,131.16795797634774,127.7624847771765,182.7792599921417
169.3013851301547,50.739621551307415,480.43354701962073,83.26607331782434
30.402783393537607,120.54644756562607,68.13593763438752,271.7138374246559
14.470779453345113,151.64827185271906,274.37891961254115,154.40690660205135
255.54593768670568,61.19186591771114,262.3715864877887,196.29197822224359
9.157540055115128,102.98323806910047,155.30936576285836,159.91900734196298
89.60865617246051,84.3337243129676,108.13142482450668,84.52258369204598
424.3789200722166,49.2506904132648,486.3021965381241,102.2009663222987
14.441610280028515,156.72747910195326,69.27523582595651,158.62017094281535
50.22237167762606,118.80324786303393,156.12669361741425,167.06320570361288
301.32271168405185,30.67858774934982,348.8544721210107,133.87693343260676
29.186763391942055,77.90338119226872,561.0291966883145,117.18117846347641
190.69405375542175,127.51376442512158,204.8478686944018,243.85725892430563
24.470071230847253,120.437244425809,84.73949282440199,204.3942673155216
364.0271310351023,141.44497092466972,379.38100334958585,164.79148752125053
85.23509664069309,267.62938444287795,165.1571724695244,275.39744930913537
106.80816901171143,74.74501515295375,197.56384620941753,96.67004387367622
228.57858062177252,70.00750530480242,261.40545711642454,107.607747393993
159.3074779247299,26.00510257527104,182.89629100523524,176.67792425624873
100.57730921814114,38.484895229677235,130.4794992062656,183.27803589354542
54.088910339323604,97.22624897021602,93.72207393842277,193.9897755928134
196.7549861837672,121.30733883026696,217.26126012455592,262.8144123262979
282.8619186762647,7.221991736180888,363.6226439967566,104.86181336552578
22.77333008986241,188.2835623503906,42.986614679334025,200.6258219969295
192.3743360022935,89.53831367024411,212.24447382596261,204.03602143683244
25.595860816709227,135.6443334754351,105.61279365778569,175.60801589348605
6.282318343594364,178.58234647930868,204.0915874947442,252.81111231009183
424.9946811778532,124.95547150917523,471.17341259906243,235.83840488296067
141.24539381589045,193.01295805476647,248.44159955983508,373.8685472047793
18.64133394164571,288.86938682443395,144.60992785845772,324.7498368147707
16.51626485523134,110.60899831031274,95.42054169263898,198.15136623498205
36.54046545184354,197.9795719574122,133.53217826132163,236.81517191841738
129.56863795473814,122.3970849061024,154.0227953788891,198.46049567146062
21.475490752487698,152.0718144131384,212.37936853794002,213.8589829083223
254.23243175711593,101.05263920998165,278.2454844233839,141.4481633369497
129.25802751652515,191.4610065072146,161.05823172836008,258.0470558377243
142.59178681603944,241.9451144702923,157.12531189902572,294.40401696254054
340.8491157701003,131.974197841346,359.5598471640409,227.1390920364849
152.03594684584652,154.4838310337944,207.52166985456785,187.17947476649434
192.90193436642795,141.53759106441933,202.36960157937324,231.2905564698324
28.456990324587945,259.9632739122175,198.5561917111006,290.38626018729155
141.2061135901423,98.68721511337733,141.98340929875386,180.0625451091087
135.30284452338043,96.04874830440751,152.63220119480818,246.30942987044727
93.1737691262461,207.1982504973258,95.81913926824241,382.8856477605734
147.37334933385026,249.9538164222587,159.69512062480342,262.9640754399844
3.7262114975983645,82.62103722275432,60.44600067111216,102.4386011018568
40.706344248848765,124.47397916619882,77.6030981006533,195.28864757776256
188.83409503421117,159.67608426180337,377.4629781055758,177.3752590597155
30.181335258611558,110.68119567572795,140.65610226339186,269.4266430017528
24.96998020273649,60.775534892244664,83.93505899584235,204.81884569191598
124.40869495554257,340.72786442595145,163.936042524626,368.39215682083835
23.256809079774214,158.53318158547089,124.99350332076847,160.2586229767563
136.83585853974523,168.58103354210897,219.13236483779593,187.62807300985838
78.58916208551697,61.11127258909327,161.31269694041129,136.99000592057797
30.572478270439273,67.43010100966713,98.29891231502951,185.6483098505267
236.28724780174608,35.91257755109338,263.88606986337516,165.74237545391276
14.104344126193558,293.6281979655894,374.06194442185637,294.7781904289303
41.719138915729,167.2513285578349,207.11399607225118,258.0729442324954
24.219026697323308,102.65069458461738,175.49787347192904,240.36378655569933
283.3154835301746,153.65043073037955,422.6168429909733,167.71921080709487
220.82917297035917,104.6328412578386,357.52502497003337,243.43349903325728
19.82061403658111,166.44806948008704,95.57829518594045,212.088984723634
324.87340373549443,160.18159230099576,361.0013545650804,162.89923284383323
66.26114583132141,193.66063776364686,251.87183010207846,233.05069588506052
44.93969441831919,114.56748914958376,247.21011556110014,127.97940067645266
40.690050075109134,47.18799561456786,121.24295267107398,308.2662665260382
397.65892000195555,174.41650060953182,411.7291093629315,327.8599594922145
10.328012756055235,485.8517271186487,281.4221477140772,524.647624019428
163.68110957620632,240.17087120289767,203.95104740826002,367.47862349024257
39.03690214278226,89.56878789929333,131.2594251877242,165.09534387200287
27.09884385901673,107.52887670944844,218.84664387160493,168.34218535912626
22.719846427548458,101.04063836210885,99.07745200310157,184.10223623948366
193.59249977888982,62.66530790698778,260.284778490409,83.18705788792091
155.27987472846937,101.71654283971858,239.07423473026165,141.4749439173013
69.67692326975835,93.63959357956989,143.28540231088624,147.56602488357007
167.06579723781113,165.1725763021269,192.22457320239366,196.1302055759829
287.6619254441612,130.49966022788502,314.0261289288848,176.64549061314156
33.73204843780359,242.701258320084,178.604446213166,449.2186184678196
113.55846342013757,167.0132101152443,161.46095013016304,342.92262837879366
11.177907631778371,174.78024088751283,159.00829880906159,344.71441183523217
71.7941229178271,207.28650314938895,120.94095639836208,255.00693032880832
17.870994056533682,243.65684754290683,201.0172671690467,265.7259349039889
6.396893434475845,138.25574874528357,158.05022942792795,380.2636172610043
36.93587469212671,235.0927165185333,145.4193294176056,253.7945805544732
152.3157173839061,82.50716998360159,195.54769104807085,160.86643988883426
24.930915045541393,203.20387983928833,75.30716705782743,203.90650714211594
141.02847810791917,68.21313946459459,249.86386337572569,85.70729710681971
161.8402740209053,58.54475156781955,212.8940743451898,158.9177808770097
26.481771022728083,288.1410898914461,210.28736741431078,340.47335409933623
33.367987551878784,81.46702902343301,245.47231975252802,221.55546224533435
145.18482870755767,141.61262197112987,162.774151301159,147.31278779462957
393.23430315678013,80.43138019256858,413.80854101760815,277.4570686037838
26.865591132382377,26.90290203823949,189.03515465039192,305.73969806122886
93.03094770153125,135.48795604177903,97.43280385891616,214.63444550933696
261.4370700604589,195.23630900298292,272.22103462098465,279.89094123784974
146.60307531292293,191.84346117195207,162.40622481132635,292.6874502007678
25.92304955459258,34.53108099475696,220.54515314357735,77.51918479045699
163.69162312353487,208.35853191362511,186.67220630538372,257.8954642089585
38.91428655269117,152.0228561677699,49.88063399584851,197.9630214963909
74.33581488281634,139.67315419480875,119.0734298504803,153.90518392249461
16.687298144245236,248.22145778187783,158.1274775224668,348.3153335202488
104.32885120841122,130.39560415956902,264.1621236933749,131.41307020531403
99.59780765215167,143.50788893306614,130.29033665372134,231.43035789751855
168.13459123466913,196.56723696882923,268.80624899312596,302.652119331196
258.00244869077403,308.6159827896784,462.45312515341675,323.5157037534609
31.92448634858239,160.32994496607427,117.97808036817872,172.9531204952752
22.772394872040458,101.2187936723256,96.98568241305219,166.8072166169903
106.24074260012702,193.90852369789374,138.36068024155958,252.02109460338343
198.5620843678277,89.46445450527233,275.17046378420304,93.46791712871354
221.1150530400033,170.41063708097414,344.57127565408825,248.075176236232
462.3136032576407,111.37617677760025,576.6122703695379,121.1414964160209
92.49344689001354,81.02321363146442,110.79849262733293,110.96959057008905
16.714090454929465,197.59588118033903,244.67873731421736,198.01854476324274
40.1916872721802,214.61768018539408,133.76326185659477,216.1289702759699
57.66305601720218,343.9826487957456,141.8830761568832,353.0310329248178
177.68862060316448,344.72507909821314,188.91638375807634,357.0688778232176
37.59024284999415,137.20153917994642,122.52543921331188,193.72797015290695
46.231048474210084,104.92126233903171,270.26719022373294,186.95597430589302
89.12724947941894,100.8510439105072,95.29078558544774,237.66757101982137
114.88201789515189,57.3733632689803,187.08300414912043,137.15409234540343
0.775719974836602,211.0507953906124,95.09028278570221,305.72026236079654
46.01591238179688,140.0555323590314,208.9473850992735,148.40415214623184
17.726169466719735,46.197718554050915,29.221895765488036,241.00640533722412
11.683418414517433,56.98478900535755,80.77792469770324,238.68489192111096
56.541360033911666,76.91041457147999,137.5454854026856,145.4944222750731
203.487058381628,77.54018378129543,236.44966598439873,92.93693909832267
28.205629433644944,140.6707564977774,262.57439702389274,250.07308815458845
87.12159382891672,133.07691188988125,187.49081438621627,338.3193247338826
151.44951202901723,120.34934216638848,155.9392523097796,168.68511069092995
158.00506784494434,19.846816363591625,275.28640493422984,190.5077882149042
24.547841846236736,195.4109782569636,236.03191539738924,288.5121183691076
113.03268151297377,150.47446664558362,303.7905454405233,216.362937440973
221.93762372131755,181.16957356392237,379.3486003057807,474.8587056164133
209.47847646611254,22.442341039629586,251.7786203519498,194.23593148843906
180.2179134590468,103.16602307223594,296.26039806625056,136.4449363867223
206.34726117238404,31.56513027816705,227.27837976337383,122.58725506234757
121.37134231990716,191.0151862891377,183.50585206206614,197.90248615092793
33.899644967827186,234.70228027609323,171.5886199289004,295.2703155110426
18.628780305786307,176.1286850746801,226.41131340981545,210.37615677736747
74.39037721061567,22.79664202060452,218.0322148687837,142.22376295325387
101.94413279549293,82.74171805150817,182.50468633744165,219.98624693899035
278.76682308603387,120.51502807137435,357.0656429811346,329.5872195488933
251.31415964737602,107.15326447929014,275.67495352204855,270.6348489609899
149.76937194649383,210.05181093778637,163.6643743604115,211.64822832607464
38.185450320360076,163.27018797220705,123.36510693129452,290.1457657783792
108.17248116819452,148.45565454776607,110.19977053499963,193.67399807639063
263.15133506815926,119.55009395246977,419.98960370346134,128.59867751274246
17.97025533537959,62.10772408218118,30.933860243508185,277.6130953633597
14.643146908635552,170.57780197953215,18.664450966260627,203.77424559899936
106.03119565126586,19.655426712739928,349.2037811279297,136.5626862901548
166.3688836103433,99.06978062945872,320.2164948405049,236.6776144544352
68.83135211516336,93.53803948088544,216.32180227078095,207.11523608624847
347.1437936606173,177.1333635791359,439.6443392590597,223.90714061557128
81.49431032012018,107.30041106142015,249.4326638236913,203.2689147016645
4.314564761740379,60.86295177917996,115.32700248848549,170.91652082570351
87.24881384204721,89.84111932346367,139.67032481391894,285.5456181137488
145.21074858551393,142.63126387262815,151.7201840325483,157.80214789721424
6.62101405048385,90.26519094148497,225.01059453210453,269.89908584362666
170.778615570136,239.5666657605007,175.31168805594123,278.40721763840196
192.71753162989498,68.49539150395444,250.93802788297108,73.81144326252941
18.503781487769036,228.95588382655248,248.6395956536332,285.75302219944575
21.896063550451494,170.6035339436226,47.53112254174265,211.32583089145456
122.82602909447132,268.5313388060076,141.51894424478445,274.0664325913226
41.0043274302958,61.58434772463141,41.80075463628926,93.12211220394188
146.90242035648163,77.16441130411589,156.5210586931875,152.7780484472381
264.6542629656958,244.65794432679385,307.7891927486502,253.7977573450651
143.5790691236097,74.96724978239574,164.82074290812386,79.23071941202954
111.92993848088771,113.55552680839271,167.42033719473008,181.85482014566367
94.28177822295889,235.74457536765362,223.5740329159276,279.7515096134736
15.741997822718279,121.24394183963804,145.50040341162529,215.41835655940557
3.0182094104276396,139.19313473276094,41.25103292253606,142.44435373684098
29.70348901352531,112.56250992050865,240.80040038393034,314.24961720598895
173.32942643000158,61.830586506189356,186.7047217272134,259.0258216251204
29.991205790008394,230.19141822452468,79.78394716522284,307.55182033991105
185.5126253361734,72.81391075872274,303.06240044223307,114.88089366178905
7.273497261973836,116.08648447811834,252.18872936718145,195.410887430681
91.88693898985125,281.54137125252817,201.55831321651598,289.8151933040195
80.3547633685192,106.39791892472128,173.8749402407106,127.9629170831315
118.35652575356814,210.823277959241,182.89010270107727,242.90794694148903
309.1986501270282,317.13299561252745,348.27861087693583,408.66130654673555
28.864115971533693,67.04406062114015,95.0044550665904,215.68776443131333
79.93680662505689,239.4505559730596,91.0785316615989,289.24996430480223
241.01456984154177,80.83572345442157,532.25478796438,231.22512654613527
8.496276667577717,61.15540560298308,130.7416913414973,137.3184630060411
72.18833893322578,360.6551495726444,141.54372916864526,395.4597237304906
251.32208562301423,204.84257495555315,293.99565292397455,220.1319337201626
348.29751561457664,192.89576811675795,496.31679741414564,237.910322335429
7.554357052227988,301.3397657263433,39.60528029968661,323.04101648618393
49.03247878088699,309.3844210874918,70.1711310707195,323.23301225685026
8.34202390686773,315.6089226272574,107.60474617165944,388.04569033201494
99.4592286283624,175.54517371155666,228.07470502752318,187.53011669104356
219.5301128952293,125.04474790763282,229.11764418552698,139.01260887274526
9.739869256349358,146.7792330188666,143.7926832379053,262.57761607728503
29.414410221374624,213.51576885647268,177.65731815321456,217.77642119528537
72.31925530115582,173.59326392904407,191.23869965765468,233.44945831257607
147.68782982061248,245.77341178489633,181.49781119715277,246.30256081838536
103.48311703984953,148.98225745490788,340.5941132510129,211.41073954301177
93.43107527857795,252.24120566377147,114.78812494873972,365.9965654435241
12.204891874315667,221.8440277354493,203.21467921023049,277.61492895795215
116.99934660393058,53.95258426840915,282.5311646076938,66.59770114578119
99.85223507123156,258.66484794836686,111.69020540506472,358.4876612604833
267.58132693915707,255.06621204670267,309.46160906173446,308.1982456916355
37.1903005696575,265.9808305143921,231.40632238382554,268.5030150979661
54.91372773950812,37.31540867653235,58.57347965327494,227.3215634348218
219.58400029231,181.37753682722456,220.47119562089074,215.92158383542764
3.3065116824300724,63.6616881777101,129.03010006432783,200.69105500577604
22.66269946266039,150.93562045774556,130.77664505845058,270.49004437019903
125.38457336576698,183.1327981434423,206.33879996026522,342.64448550169845
10.916433853227696,144.1120135311764,56.256092485228834,209.6810206572168
92.46599753897237,125.7691481170337,203.3274440451638,199.96782027047553
21.436621199527817,126.4667185759455,21.817377111722244,208.00956676155164
7.403605008973403,106.9143502327087,169.6161455738697,262.36384298105463
80.11091198035159,122.29454271385994,141.8882942171183,261.1063854056633
98.15981000124732,232.14806203414886,215.4362010434782,354.5748777202092
20.2248334078466,131.76415912666366,180.33804124712034,158.19845864251042
359.71652609721843,105.66177892627535,497.0646934291752,252.63166506009551
107.60828322917392,218.65262251531254,164.46611354515923,253.82238484249157
179.70877398283432,88.3353919575533,188.06476248708378,140.22293746758018
268.2178229818098,105.66939380836,310.4019909618148,276.03169433848353
72.12298544542853,122.98421463327873,88.24656223279011,169.26499010060715
142.21944333661983,318.0442562278366,225.6940530904189,379.18496754537426
29.488441236115097,25.898917891073133,46.64353105502045,157.37540963836585
342.725492916246,293.3313612356402,342.7355094196427,323.88462348898304
159.49201003155716,131.36536193469775,325.1357781587017,182.21361530625146
93.6957879540925,52.195927055349664,104.66623613402021,317.9627522720262
30.643707301185806,57.68681025772798,177.3439121917921,270.55184028246117
25.119149092843823,89.7750564575493,300.3426930448264,164.3773558285125
250.50181354727263,219.80536973613792,284.780552468858,259.62348969435914
168.34440443032213,80.28340794609328,182.18441688377925,173.37380725553658
281.415079592308,131.59115280486984,284.3186320661242,219.63404192478498
20.849622703705442,129.47798059131395,34.25905140271341,307.8906788835167
25.988947867951858,130.59599312459153,216.34653762641415,169.29682770551722
29.480107182646606,203.2503486564806,272.9063947281933,303.6120960840592
117.82661822516994,61.080025551141965,129.56418680691897,109.76368100272674
335.5001349152552,120.12961258416499,336.17867593959767,224.35047971279778
191.9983516909992,125.59256945211318,264.1156102558953,289.04331490950136
7.292403312469856,26.329822693248737,99.81336830529223,120.5027597374098
175.40138582371102,77.34082104567243,392.1260692189728,114.14693688997491
232.45318058910374,176.92711947510332,261.81061065451,208.2912408249481
20.758879948473957,74.78555555938301,98.35371916059556,192.54507675816552
1.8173738400090726,175.34856828798397,350.7964520278879,281.17257130168866
147.6481026636334,180.74387250178265,153.21591030888138,312.1496276574718
169.09635627635367,16.099445063051338,303.05229486870155,215.138656426051
301.1208450145534,54.635563545821675,431.5088726303388,168.12776846659492
93.30966243182634,114.81814779455284,145.60516860736234,128.17621057226864
19.136967212254397,144.31239752151586,144.17924543084447,208.71157352489698
27.6953418055366,118.81200764687334,84.68837820578,171.10459751099702
81.91493704016162,256.28288514049314,95.84201505103174,320.8506713411327
86.0594717473098,57.007750906879714,178.9961248691813,69.70661026547658
189.23590686301955,114.48305226081513,195.16126642128887,155.03970457178738
34.869636925588175,290.819158696084,106.51354497098424,437.4621399036636
126.7108697970108,171.74852822674723,155.7180394892696,246.29523592900645
12.973207559981855,202.71592112101868,92.36391495088965,274.3638066282589
123.79004532633833,157.42382760369358,125.0269649209749,237.30322969918274
84.62453057322392,136.50742912454407,104.63256937615131,334.0442138655563
52.529163006317134,173.1900920651104,132.95187127881613,198.73132804269207
77.732066573117,150.9113828297348,169.67852944102478,171.5781733632325
157.19722316346179,202.3990033385143,226.6351520217024,210.77559799248056
191.57338200446256,41.23743856051466,273.1246234422008,221.14185642117508
141.74559002153802,93.92768249192055,184.40090434607592,146.78636087611716
270.5671926067951,401.01794386253215,282.3203809247216,415.50815458636896
67.35819550542934,201.33476139366365,164.4357892410289,291.75967669529575
407.1793465132109,64.27446207649666,439.76165156032334,239.75096593105064
8.029406718435682,153.34478557084958,307.31129567830226,196.97792257388406
13.345956583664986,193.0864774217815,184.02577679616903,270.83726412815514
167.8787509936615,1.3936400541494485,217.1893953994341,72.41945153650809
300.132995738893,170.0319668860942,426.8473081293573,224.39810197147452
115.6270754723614,91.81413720934698,250.4823314931034,194.2374847554245
92.57648295474634,123.73260041886049,139.1067699286726,149.48108791788061
84.14810805796081,218.11264509633904,93.30095469143723,239.9940533650489
11.288035274051877,49.68190771643508,187.1968148826968,94.50258641984907
21.52074371028837,81.42866453562787,39.196806255753586,268.3294891042216
373.0867254113638,29.16954251914072,419.6835014454058,186.9309835608726
69.4351890501726,233.4719324433531,105.98834763413505,276.2932572139175
71.76330035614451,73.67045818256834,78.68245722198508,172.76280494425896
241.3289349869548,107.9708786267704,286.35524098050064,198.5868602047102
280.07832839010456,9.45383969831267,340.8727695895853,168.86958713374213
54.18652680514245,124.56241804486149,175.24137135997586,197.97558990084912
94.84161246036632,117.47911967973855,228.76610226708826,122.36021455127887
265.34605285871754,175.44934020988717,366.9304351272792,216.55715903359354
134.0912221261589,116.2672491968064,271.09114187854954,167.08436484835568
207.53859753027896,118.4148937895085,243.2762313462014,159.35534878773424
63.901592465224866,121.62800409852821,141.8555580314321,187.5307009685523
105.32582558658589,78.44542272827587,218.33706533259294,194.43631872837156
37.75100880264969,49.989301812684985,241.59155590070876,177.42625982128615
131.4040647617164,124.09421313860622,135.79828900353348,266.15167235344836
13.655561516981216,175.85273302162025,207.9798336283392,210.564616613433
226.34464740184487,32.722010294438235,232.74237021699446,209.42773935294082
149.24179574661247,173.50061399208224,153.59015191985398,179.25712484871676
35.108162556108226,44.647722781776224,69.0079945632953,124.86546083705548
127.44672659038179,228.53287933908786,171.88528719065442,258.1830137876348
87.98920698661057,264.58159232893854,180.37086446646956,276.4198282059475
17.85972448534659,27.635441096822728,164.3627909971291,202.82272992722883
43.07085427767778,213.72648487757948,89.7790931657822,223.53691201662804
87.82368191855555,87.97375748574768,220.36932577465774,227.41559533598289
62.9593603542215,80.44776677447382,172.67931128870444,115.35452198326583
45.263558335521935,253.75386057209738,144.63968914885302,259.31608059204893
286.4769213982066,171.5215962107361,314.22523058175045,313.1875352107639
55.902388087002706,249.9466982624977,60.840017625185595,345.97569445876144
352.5020068174667,142.90283874614255,381.858661508603,236.01499646043982
106.51992259177523,37.837164910165896,136.5539979045044,128.32301469450834
176.54990333022394,87.92855659508201,288.9020694107373,127.00648168668289
106.59687248858593,137.13278935981734,270.9535272846809,199.40483112051785
156.60352085401885,207.77973854545374,224.9169270148055,285.0907744460235
21.068546243436845,100.82135457192594,127.7896707069791,216.9814888718047
81.6363676817619,160.0949115496754,107.06875866636665,215.0740870646068
132.18096503895907,71.2257826890843,159.73606323155187,289.5163921806936
10.06457516479918,263.4249055298332,176.8499713299112,311.20057322973577
21.36835169740609,262.6412270684845,37.512841155611255,350.80708495752964
306.1823756543683,106.11972893081781,353.550102920813,162.31302637683405
259.097123196422,195.1852267972983,263.79216926829264,244.69164440928705
44.51100185206763,28.458658121865614,99.37301093419079,379.08462784266646
222.3864673418217,189.00085446503527,319.5756619538162,239.8517289751273
88.50985660828886,270.3435843066321,122.22290888605939,288.18833795059186
