cross_nn_1_nm,sim_cross_nn_1_nm,cross_nn_2_nm,sim_cross_nn_2_nm
40.30981699941568,118.66528717332112,74.91464711724568,174.08905559796023
55.97450955869061,195.20487087388764,76.56334101451013,313.1342319390458
48.03531871038891,54.900771023608264,382.10734104353537,235.66989740457407
11.131947983296692,157.90989367231577,79.44999438162085,196.53342442133808
61.21482314247365,142.08145331739155,114.55885443031171,175.57026098597333
531.2979290607861,82.56660336914213,534.4533631354044,110.15790898637064
31.585281943343418,255.9229159117889,128.713416117282,312.5502122515694
34.6537139383374,360.2873617806946,88.94041858949076,437.8459088094717
23.736182831601543,102.52154816159546,49.453132095499306,196.88494531489857
123.95875133547526,231.19604396399225,290.7188041015536,246.5268693753773
26.858732316009093,260.8909113468638,65.0359536586435,279.6199628933933
31.81144791220942,136.7737684047073,186.62394336551196,142.29852663296333
56.92269997302793,31.557257814325858,58.44152459443824,326.1609950527755
26.205898107907082,240.68455463759548,28.399319575242327,325.1062827031271
20.06836325681375,110.78535564632149,285.37540030699586,186.5676037603681
211.2538097441236,111.94060166130538,265.21112107999716,140.76092504419447
276.7686614979025,239.79338170716332,620.2195978641195,382.87659018603176
65.36659267552159,18.453182444360145,65.55569503095474,38.85006283423678
210.81493098754854,366.26384962172125,218.04379336937654,483.6408744376022
31.860266114412656,327.03736336283504,116.22681686551931,391.87099693230044
26.294101316956407,165.64809812071462,72.5848521362581,185.0161060336041
14.349416855046254,213.1124576775359,108.80304462943955,311.0698940464491
57.631067325514664,379.8112718160174,58.431861325098886,432.327332259256
34.31792521033604,268.69223009927276,47.49695871107971,362.0309254131486
72.60627211953992,310.3724324639241,151.77846009556222,351.2544852063745
17.623935912662354,172.62505131632633,98.54958275228279,346.62333566178614
33.76676192470286,375.89323967347354,102.86062256856212,397.666650343666
427.08076784902954,207.95429878890175,634.1967172078022,260.36608150830233
144.07359204669785,253.25396532567873,197.08300193277137,299.69022606760694
375.88235940907356,256.9996021196798,476.9622255961511,297.1492095225934
59.89565878456929,96.20226108002112,137.02268944736477,244.53812477893996
14.644580310955641,74.63470434744593,131.00390748978643,327.72087913309946
24.74949661162379,276.7094012591062,148.46233563329213,350.6851317669022
32.95415649211656,253.03364968940917,425.41543213904265,378.1081719164739
395.8984455605019,129.49986235796587,425.64367021585764,272.3927435658511
218.26771180313452,267.34859388421717,237.98313239516582,562.7927941857766
51.972574764016905,300.14151081093866,84.05966333106129,495.1577983289938
35.85473492028957,176.47140979518352,244.5176359988746,240.47772723351852
10.471214978758436,150.62306378838335,56.57471403646389,183.53275361342526
31.843938760276515,402.23776363820986,136.5669599261502,403.1373820491945
150.05767342539423,238.56431915803222,209.78860645176735,284.19868075493173
179.27058702557966,318.1316746986292,369.31625814050614,323.5314924973156
19.390191126458646,324.00529722590454,28.46824966358715,337.53694594840704
8.337208205279966,178.42148987072102,114.98790815118399,352.97723684325604
41.961789019828316,315.7787405554437,156.3807495616529,397.4581708837714
21.878346943278668,305.1493819476298,192.54110709766573,373.4021062081676
8.438710570925956,210.12503447069614,371.43377753632456,351.04347375220954
42.95695513180659,260.2600719242125,220.4356916617446,410.70570488941587
24.910808048276948,217.16834839937312,240.1684615072073,266.4114009391672
78.75347635406462,299.10108981283247,616.646843106699,337.56577394997726
52.65365955298348,177.94150927865903,56.38565659353253,228.6900454126499
17.323694086546674,171.60097156917564,35.27641360792256,272.97218227295383
117.1018767229535,134.49221934757418,225.26393418897277,327.68117358572204
500.95826115884825,78.4160742048562,558.9031363456529,203.2215569467889
49.26031690181789,240.92741753373298,229.0525212922425,254.33679628611245
121.2931801978833,142.15706836221065,226.9046125651237,300.0796420586107
81.9590852231561,163.78666626432724,187.36078611990584,294.61254822364236
319.6174444535961,304.4607480085476,678.0429916147424,400.0232820229943
290.4070340146054,183.95003482351044,564.8242696224662,323.35034249302606
257.8629174314562,131.414856358011,288.5762501689497,436.79864008812984
18.45468407366016,107.97572425407827,111.74232719483821,196.1062060768239
256.3895724861016,380.76310679160173,402.9043756717187,417.84807569898675
200.6800169727588,149.07822142409208,511.6780999334899,230.02676808411877
410.31867860590404,180.93926736452352,1128.5482641102324,452.9597552042683
10.537589784647379,243.11147131905196,138.6194736614396,344.0156626105169
8.57869675701147,165.34480425946546,59.395274949980305,267.3830019565277
10.85990367141114,42.51956400276707,213.21382785071532,72.95541732370998
408.2037678991076,178.7125789134648,497.73194907299614,524.5747512475014
242.82036761144343,330.9900353538235,347.51640768908607,349.9863946567474
771.4861278424562,433.7277732276317,1061.69422289705,437.70991217556264
48.32804338208042,42.84998696354468,112.72729202166687,204.9490283477105
104.06831132950904,225.20542941401433,126.19329487774145,452.0777310660054
11.933169719484226,84.38048731068673,118.77163444963342,160.66083631015007
36.95039910899841,297.36878630822093,102.47849243826118,371.3982740196148
31.41369305291931,153.3864030044239,117.11768906164455,423.31125645287136
14.487658024089662,277.58315914436923,33.79450892163908,354.58099360409216
64.75161638492177,172.5445089841683,103.70194681351727,302.32255584676113
204.37344670824817,214.5779443143726,262.7500524185299,321.0826541886664
123.63617783357604,141.65692311197546,343.21768778135305,198.7509737141343
112.68507516962592,352.6679396024217,167.89005676129574,402.77804718710547
377.0333654296994,154.2866768879181,579.6727922587379,313.80154583299674
272.11733903394435,59.89222242476012,749.6049296958414,300.376114454802
19.709655958411513,230.75839024720918,75.8055100915166,271.2066957648305
30.071945181279077,329.43347806022945,194.94511416436814,425.31725336224883
257.8492456980949,161.29531349911414,374.68597669631976,382.10483400167016
7.421957248358279,223.23848002101124,683.3937191393663,340.6360584000732
171.03646410614664,194.69377701258253,277.4019194963624,327.80810409143953
336.869179311293,376.30610735461977,398.0968873631098,399.220547374295
512.5115934020826,392.46759554751304,592.5825290446672,581.4338071919955
167.6173714357249,190.35467701802102,173.75049212041165,322.9884869836206
250.1930854717461,167.1433320229577,530.191857485547,210.932656562235
236.60051943350842,116.87693962230657,280.5128553838986,298.5578740481109
58.86371737472865,123.01284184489779,247.08454413664506,254.47635308984766
75.68566329235973,168.30793037020385,175.31546121287397,183.90812620600056
210.01518859375253,60.42051201310092,325.85487468009705,168.43236573739847
30.9296613317658,38.16816884166793,63.56213730062295,269.88504880736303
6.436132989302391,84.3168003579504,50.15751145957125,215.300281525063
30.722342669117563,198.49440069009623,70.98204602368614,291.3142865389075
81.4655303107934,134.75270802431277,324.5537306744577,256.129847809136
147.7757508245937,229.45465681353954,409.8739384588433,407.438049359111
942.8447950026804,201.2960472193603,1013.0069622611845,240.7805436699584
619.4846944297922,118.93165827530018,789.9100895388598,172.98255034487968
33.93303452445731,32.5264078124844,227.6413147099496,312.1715847749688
31.04224635979478,182.18988720388072,117.46731462952032,345.9471696310462
167.54136302606187,172.85018791427785,298.3028582568959,226.14608172044603
267.4387972147664,171.39707444062688,332.89200584501947,174.53034224197967
239.0323192155768,296.4027818669081,366.67730964037924,370.19952719938465
36.17165875648629,96.39615533237772,673.2002646110426,122.10661786003598
17.231602551713554,38.37502642743083,330.0888997358687,289.9982598906627
44.29209311854062,141.93392825626148,264.71589843372806,152.78205200845562
425.5969788687168,385.1940116314472,539.0170843293743,445.61318743627453
40.52140179201901,212.55844363476572,57.168183328137474,290.49197120662683
61.76098040431747,147.88273499843967,130.32620410872286,202.86105577216466
40.153924720652284,128.10001714454094,339.68710873280503,180.8264720931346
489.1774585636136,228.14502380064638,500.4105814907673,321.25779435702236
8.037570675987187,158.1838417076171,25.959570913533366,233.31558668761082
33.60964201160416,415.04318360270855,114.14570447068037,445.24670528165416
268.8979915406137,112.70139270677616,296.13960194768026,155.99676804112033
271.34920869279404,109.69908424593775,345.3045800860632,115.2596273120868
21.747501191952317,218.28886004056002,123.3338115881138,317.93829365734877
27.72389597847052,199.38016583342994,107.4454749218159,360.0757429244236
36.49529399024446,162.66630162545707,177.63261818053076,313.2791806041426
415.37869179004855,120.85174842577578,557.3604462320247,261.4403431119327
251.8367198807076,164.4857147613306,412.2050054396512,239.65314103009922
14.27395920166141,249.77729104835134,176.0754491547564,302.8287272790244
24.90867618847253,53.41187473683092,37.31670817176177,222.249556097412
142.73189751896456,226.0842812934998,194.70103595535778,284.5584251270955
44.37870831897037,245.15541018630717,49.39704616247089,428.0430814071885
329.1738201017138,358.36185549095654,391.52093471337406,473.5404133478976
813.791225428832,181.89043215039078,903.9033640899843,328.96273306328953
558.4017808004453,169.65390784762914,705.3977178094361,279.64890853632994
66.45650466307342,224.6892122202629,109.61985344529197,307.6324176463641
39.66329238456207,133.99628805859126,292.5871441209862,227.90120001309825
372.95263528197734,232.75965645839904,381.00661443967005,325.2035854881192
198.19015889061308,122.27933558345187,296.96272592674217,377.33667999071395
170.8052871077161,71.58711069415179,310.3055322882244,183.69059101679082
218.7188583895091,273.5878787019066,222.2590030807579,397.9834356404615
129.81251785999666,162.25358197025807,154.1632640293755,327.6163353654883
35.81016975225274,227.33903353651945,175.79517340757144,242.26392208132256
6.589262735235296,73.9890873088486,368.36942669635584,79.59906981134193
387.42158050237634,135.54749159891347,406.9190215820979,232.4237607657727
689.8775534786862,371.50706662680034,804.0185076884226,375.1862350690485
46.63033315767594,144.7353161230898,499.9547158750961,240.45245121937575
411.35936064635166,138.97854580765986,453.7557458192657,352.5999398283953
20.771304719938918,196.90064044740507,46.199500676662794,392.6419582846572
19.7271242492029,99.64468359944438,219.00775801647458,225.95905169758126
42.8199367821997,77.30699951743672,71.02743861614414,138.71454645120699
24.291622041393428,186.5348535937782,234.55013836693917,191.35024804546796
19.727480733788155,185.78005152210554,50.93509554907575,279.9377042398727
418.7804396259748,185.60292721470762,654.5188958422024,242.9032541707863
35.03380353740636,18.949815185383905,137.08258698068892,160.48166891107098
169.33472588190494,468.59060049339604,181.59833030716786,502.4832967452247
28.327436106297856,362.90459405181,147.82095947039574,447.3395456358869
45.55146085237725,187.89663461238666,62.169072278613484,248.12491209776525
45.36833475457333,136.90023997083253,381.95482118068054,195.80801157332925
262.62420972864555,146.95799987975766,334.29466002118033,205.00422363967846
47.44398752581967,131.9507751738601,217.15066980390418,246.57353336293053
20.631719116902552,294.13847870255205,365.74734987203925,462.07965327652204
36.5811833769756,267.33800090726936,187.08178564202328,346.3200213020309
204.8144116327631,256.1557223328982,478.3877713093044,338.5445584260024
5.758337457509208,153.41650104673272,248.34723622436215,289.1407134496013
28.655064352203254,341.02745668320796,168.87306975052664,396.94781999544426
220.45075399396453,177.89919980647093,286.3380518983578,319.244690943204
16.436448443723506,161.88314507744604,117.01785865211325,185.29691443498467
209.4729109865726,110.49814596517402,222.32392940754644,326.3221730913967
208.7319236969157,300.31925368096205,226.16037618912577,587.0248081262422
151.29761870596568,207.88564390978786,187.24161621743949,269.6314755142764
33.109307619359356,117.6368575289722,194.42860101958414,205.70606443828973
30.05901089932493,235.5878016205575,206.3581209728328,247.0261637865762
218.60884754657516,137.71252978937605,263.79786974028576,303.7753662382292
654.5116411821122,272.43590125621154,681.8578453845699,323.2146331825095
322.80576316468415,123.54721669838179,574.6402313603091,274.265459739327
16.947401857225586,270.737137263365,54.25536811385831,328.23205536409495
32.90814397947965,199.96314344567796,156.62813513891197,340.9582146206332
86.0206965536659,313.58145166694004,94.15666264947615,329.40598753942896
593.4882735727425,172.39092933302302,630.723778488203,185.0491150925272
8.387479382366745,123.19477646288313,213.87544251810965,202.62902822282376
27.4910582094929,268.934328882392,44.461821484865766,349.74163985192627
38.29006798538642,242.91326489190322,141.9933194580711,373.6043383347881
106.43294177351355,130.4382580091735,271.4545458299337,270.93473022630485
23.808536446568304,172.3028415298538,363.2446621065422,224.97788982187106
316.75728827340475,134.149014093459,357.7198212863611,169.7959616949372
28.043459926794572,260.87718859525785,276.37882598754544,301.45434083987345
23.07180386974178,251.28649339898692,321.2377324205369,259.8632920523197
191.95974570297875,160.9289658486728,227.52558734061952,328.4248087415822
240.7650016764009,136.27677290942376,326.4752009507934,322.1465972086052
268.65279181540325,128.4595226342382,273.99780053522096,235.32012475120735
86.1442596226255,246.08719676694142,178.42995414018748,267.0513265037314
279.51428859936055,234.2110526671124,343.75834562006474,276.4353947640887
30.455202125729922,20.468329572386555,315.40785686927427,297.11050591729605
305.32499349154153,157.89664608116092,876.41780370535,300.35562649631214
412.2590552165371,187.75753143475617,417.5670250206411,314.20749639809753
85.01290678413221,337.7394001490897,198.14119730579122,400.1188343449787
5.521304812529139,128.3185204723521,204.66240020547784,278.4850691429726
219.78699686984004,296.12751553911454,260.4837398017042,308.9498210719715
248.13208264845034,311.68595761377424,351.9604713702788,322.30388253175806
293.1526874275693,114.71941181100244,326.2693670596466,253.65137755952858
157.88446698025152,103.25678839276449,167.9924959281255,269.29176428783694
32.737850230245726,317.48770575061087,50.0441690459724,404.45634921895066
25.548170399925727,179.602008430022,80.44547691092104,405.27794963244196
15.182966591803616,244.43725710805717,174.61172790092672,371.2167411483387
5.636694269440444,103.14405517822432,45.86877605171538,143.72981533978316
450.2393165765348,284.60332138114245,459.1378378712974,322.74709928850575
33.04407806371597,41.431031530159224,77.40669848479658,224.95813472426727
276.9200723678194,160.5963048955108,281.8632602977307,261.596398563165
280.7442281652979,218.75338840779312,338.9802312041694,409.13949880539707
9.417804113838653,200.43546714225644,199.73047777081032,232.58198087014583
41.74917856507368,220.84319939135656,139.25158963734927,282.0518903515863
40.186366533994,112.51441897933515,210.63309834504463,306.9720476838381
275.2662861592412,128.73175431278133,345.53472049999766,239.66487198004617
23.026181436285793,122.41259411981373,25.393913070910692,143.18085298646434
22.229430620391188,236.51924617139656,205.642442260944,310.24556886578466
37.88791845305268,310.8286298217302,117.03788519997492,349.5258672761611
44.64354058360069,316.70970362338767,60.17295099056477,325.06291023717574
566.4525590304547,91.44351165765079,607.1654330008608,258.9233688244577
37.14197773757394,219.889639115188,81.08358664052311,230.29410735493383
16.60019553910635,94.58687685456903,155.52743271907624,187.98414868415125
277.9378443622405,313.094852232722,323.67775365773633,387.7651997239278
17.568252233664396,316.1583373021598,278.022006569767,379.6236686684695
45.73006914769016,105.26887309408752,155.9362343555888,149.87166396886786
184.4089347687634,454.16037083241054,245.92960211416303,470.3981007412261
58.33338267711371,143.13835204340276,69.71779561133938,439.10956539983727
117.88522205124372,275.2087211003176,269.55052915248444,343.27853436474066
136.27012171395535,234.50142322541754,167.98368867798513,238.73145576849853
218.81996014580747,95.91246396113524,319.52376445457315,110.52679201357044
218.8276438564199,240.24006893582438,471.9962913805965,383.58118263814333
217.74817800381092,83.94401004429015,244.24900708807772,148.32657925469405
307.68939474916704,100.85418135979862,546.9735198471436,180.3868851467539
35.85177437939893,376.92044380155966,60.407580142587804,386.284531158095
63.38222238261569,161.6780865478065,90.10455695435293,221.49299738505132
354.6785870486724,177.59672151184543,447.6626698737601,224.37018949338156
10.333872725380843,344.0090773210342,250.93402515817624,355.1403208488421
30.368934316781424,287.74292018655393,77.61226568335663,472.67678269500743
9.427417544156684,95.30919662230451,227.1613551413215,294.074883555258
5.172093347192966,185.74958055974403,250.59888672202374,505.3173844198113
25.35909760916226,482.9409666934214,146.74117172932912,574.9247146734847
654.8179982631705,115.88176034410148,756.6614306533114,417.1866208254427
493.0436071454826,276.96910545067095,508.1860113744337,310.50740427379947
28.625708488679823,48.48936119951936,63.41840622145876,312.2960275315079
96.42556113046567,254.25278581238564,120.48742989858621,305.9069938486684
41.406971690933155,135.9465313027471,111.879006674373,382.91378683598924
598.6382669904311,258.7816245099695,630.2435320627076,310.3405257085837
20.186905273043838,324.6509422809254,33.24919216006084,391.986618781868
371.64851782993827,176.8218687315144,411.52480283072015,186.8086098086981
8.364029111104403,259.6102718101193,49.016954932361614,305.01141823042224
325.4451522969642,183.02945616001404,383.62117167309447,264.4899900665831
110.86600662872036,163.52986169052664,181.02291119024358,334.3449196057722
152.06869240580795,223.1421625228536,161.29968988481335,249.37457165702065
21.145585009488325,377.90687429163455,301.7884416880861,414.7727850284589
404.1411829961477,222.51987623308455,507.3001934183788,265.22354677999573
18.08054645454151,115.61108497387683,252.50583073089766,135.9771015531647
8.725627620292734,107.82649374140335,44.477483260148325,112.90674001797014
393.8877305964742,275.550665610266,423.7658234069685,346.21283549319656
44.616978490120474,271.6652847670131,252.37555208268196,414.65138913269817
14.293760579227696,103.77148492276119,63.72799110049002,244.73129311977814
40.03123726887509,173.84040578901354,196.06434651047454,243.19317027954696
242.05220918235938,328.17555146424985,263.887366938132,332.98754691886785
266.98337537899226,157.13232442768845,531.8519779922058,258.61368332857455
86.7441978729361,246.16971921509707,230.14039511708913,384.1544076720853
16.093599242112187,191.42871133643587,194.92045138376537,326.33715122883325
677.0809802096206,218.57346058551656,724.436761613486,315.87202208515873
13.438347965677911,161.00580967808003,216.21023744137366,326.97289713245874
343.0308743089361,182.27036044264975,443.3187650089229,265.0538172896202
49.066675344977774,48.336097868694495,314.9375288619722,142.76551473770945
261.6535608571,361.99577956058477,287.9280224235642,463.44095265615147
422.7955824505726,397.5662940053864,604.8263843049159,414.16408780756495
37.923759554987384,157.45500832363598,157.6538588896718,255.57207108101838
18.880678906397808,167.8738618631721,321.48185503418176,190.7047419471
30.00523970429714,117.47370778735677,387.17474245733524,217.18508583081498
19.41282604337186,87.67506663350979,46.528280561934004,214.0226059738832
12.413328187106101,317.03455541774434,121.60864786475099,380.03127476367547
17.689419148777002,345.55391257956023,49.29607763900994,346.6343086873881
28.340265974085394,308.16514739437486,176.76526062478254,474.3887040896578
414.0097396686382,194.77043530119204,436.2378552750289,460.39834258939624
183.15171805022496,259.41673218409005,283.7269196515548,321.10330583450076
105.67389050532589,234.75967840807388,119.91939082839326,290.60473077118513
7.503623720899033,118.69415931405048,93.33583395820436,184.61917238848113
132.99389513455705,496.17863752619814,347.10332162395883,522.2640842084511
119.06140801406316,104.21266062269548,192.2652265088108,171.54762499803357
59.08431153698878,165.29202554716116,313.8367139609471,226.10919490066158
538.114156676095,316.4938154865545,715.0012184788391,372.8218076524114
445.0605511979775,103.0077386186231,499.1934729533344,341.87931280895134
155.12404398293586,317.2413474726894,361.61513914416713,353.2094881517645
39.80225171535932,231.65113482879644,87.54377421095958,457.9610569389645
156.0683634700129,97.39486298112472,344.53891690657105,288.5095151132787
10.893217792296488,56.49651111544799,338.71037401637125,132.76979256346576
203.8919549166798,343.96719774355984,348.30523775990537,395.1368719802734
29.662065747591114,58.996641662760105,334.7963196829342,301.7549878573126
45.68940792115507,426.71097470640103,186.73542133991043,521.7643161046747
47.75003756019845,307.2967867903323,75.38854309464395,399.1027613542998
190.62688345975926,158.6275722709447,249.13192390978276,194.95827713785565
128.0355321654237,304.9379553996363,153.98593295901145,442.5155990493042
35.30645356757124,200.76967729700445,150.940124152543,224.5878628514249
12.778366875675264,276.45157216628894,184.76151271570203,355.91023147969156
16.605185882163827,256.3621076507256,26.51722038245521,283.74762408269316
254.6373765382226,188.28688251505142,406.08230430334504,272.0546240581083
266.5034757115199,129.09958640717377,319.3686294341619,176.57663904183755
509.8819068496311,274.2876704787845,530.551442479077,290.37262643939215
99.42703190493447,240.32314119775367,227.76223244541575,288.3648895824549
307.011878326707,271.18427345014834,338.34306793892034,294.6844349127902
373.7860024663775,103.66271616028425,566.2053854438689,135.52543515655682
466.5630018079818,118.78217578794688,498.5573742566847,364.1168696531809
124.84532872285071,175.58320635012183,249.14284111664557,395.4902395478069
25.364857821486606,79.82765693651956,59.27983458769462,292.6559725493291
44.62389755696223,106.08511255666276,117.8293975835979,185.52146586303084
28.877440746672356,381.81560773844103,235.86103303179607,465.2441909397325
34.82589353851159,52.94831377295209,41.54566102462978,380.6063920057492
16.771819694565835,353.06071841831925,131.36669282273562,474.4274778647377
15.179146500320224,131.00583952024655,274.53527081274643,263.04619024013306
265.82854289179545,221.8106167546749,293.62234699150065,390.3221217389829
246.3976107170187,91.03460386211623,251.3416509246586,216.8302694644575
17.431470252761862,118.13948873054832,134.2793205169001,133.64280036239924
17.90084476865176,319.3342123798344,67.61197970189899,388.0678733411117
23.161532129170343,234.43886962532324,94.3299020134339,244.72441993001442
697.5329286905036,445.0815415094073,810.5576748979519,689.1263373829618
87.73044083114306,228.40902887802727,142.33900431155737,303.81831769416203
203.23459747211436,190.49204743037103,237.228598302844,207.76345221412714
75.36362478726848,198.3530925817168,124.42154453555779,300.4682358318567
28.382861471355593,215.59965249825302,41.119912292879164,261.9668178640482
21.39333852072243,236.32737660239437,35.87869545713111,250.8689325848753
778.8475533047596,108.86884527746055,927.0860888119379,241.66948003720785
38.48160465588909,213.07723754259143,152.72143548667455,242.68882095831347
78.48589881983303,184.53533947283393,476.33979756893945,275.33904365721537
2.3776855890431894,282.8260484001618,32.016175512336616,299.5415285075776
20.289404693812063,199.51939236842725,192.589005889167,452.31064507989373
111.44864335852547,65.45270378241881,159.23731311229915,153.85840417107943
29.74086748504015,340.3992403352781,127.00574984572445,487.6366920093913
370.5324831613496,205.1778914139226,472.22069276317626,223.38308101894796
471.90406581669146,169.58392530549685,654.3104975939385,186.93795504294184
48.42509611732826,466.76899317725866,259.7547661088739,540.9870370732607
593.2465771488587,175.14596500632518,681.7073232342341,219.76996918963022
286.70383281369885,144.54247943688065,536.6238075853935,180.0526200394923
183.99085788759257,231.78032401817794,701.6010981159374,232.3809470314877
154.28615486060622,172.726801422966,343.8591901509424,343.3251066757156
18.095692883112978,161.07678212453158,28.32306750795,200.44563039356152
286.85658336957,327.09709055006107,293.1939687104638,395.69464487847915
185.4677557669793,230.08204827411242,186.78375238360564,258.8081094303873
282.5538171933355,189.92668611985363,595.8296199479319,326.7110713307316
148.66195231968746,377.268952797375,269.17850110397114,454.0259695153906
22.359944923135593,112.7511647935953,54.17912468167578,245.4314516741388
25.734078992448474,205.72053826322298,182.13753726093393,234.1672476774048
31.34359325482924,181.96276939264305,114.17924537051167,241.12276051029968
34.38708838587935,196.3077623976631,154.99815201724377,285.09106224019354
371.1772916083401,109.6248309649222,618.0033190850531,151.96490269585823
50.89521128210981,203.54682449062562,58.762486713945215,305.81351325653804
92.43808776245056,171.7000679501539,256.6564512632399,202.04646225596863
15.14526822633791,94.4630559281057,524.6404052807146,262.15846027249574
29.45938103911044,201.1973453994119,214.7482777297204,321.4182825604503
19.9791280943651,137.33803532132202,110.60505867683696,350.4690532636378
35.31832769351103,305.13979150171133,45.085194768989744,325.5723024728531
43.527369137846314,129.40363257103752,161.84918083701763,358.77845415850857
164.66593961576865,182.5506169663607,169.34316501112554,276.8217561903169
47.09364844752279,108.29278080190089,289.68855347881043,166.14264195736584
246.37473558436665,192.82050762586587,276.8440793233317,248.00434358134385
425.8441889529492,304.34746498257846,505.74593312701074,390.0045924068435
30.93532468334806,183.4555145430244,406.5979505018007,227.64803237040618
20.889156568317862,125.99637726058133,289.74439515910535,217.3062985198588
166.4269538005967,105.96263537895969,221.37804508850567,377.5946898097927
313.1171906504259,250.31422963449674,333.08449475716026,341.8631105758094
179.22151801176042,123.26859082108199,216.5627851696192,222.81415059769404
311.6822300102484,286.56400579647254,358.6740906481219,351.40793909153393
260.64797833603546,194.534851508339,436.22286956079904,232.18430118477414
90.413573736607,74.5439654307164,405.92690100422936,213.15156285653882
17.594530145637467,66.54224724861692,64.22988716895671,126.5281486053893
29.283414777033023,357.23343189440726,152.51640288575447,405.0962096019844
17.945324020068128,162.9078850243879,49.953907091885206,220.796798192129
23.26593080739105,377.3686976428587,174.9925710257911,400.5379493321989
24.91666299229463,212.22404184555367,291.675774448944,314.21739384523113
287.0609562782581,223.39880530674947,398.669092008624,447.22512138420996
7.00497908095969,79.0377555189596,382.0601103146878,173.76476126413087
17.17452776803244,233.1665593477966,288.1554871961893,381.70420518504733
209.52255641937361,213.9017313113432,252.6667255226729,341.45076768001024
186.46540493429,196.88929552189953,227.0251549140495,255.88439003540526
379.6687220475143,71.672521625008,415.8182242506264,283.20725989512266
21.25576708576334,163.20229774035488,237.72115855370004,317.804746539674
238.66905048212251,108.84294828213955,294.78887237082716,134.81001838360368
181.84169554209825,148.46255148650974,182.50273010268583,226.77233798193
272.88728295627806,247.9112321407086,333.96378916926386,370.5209829421503
30.061866059976545,331.19313824682786,49.10037733050921,376.4046149066753
26.90677380886143,266.745429247923,101.16405028932333,338.9897665628061
478.71176440273,210.51608272292577,497.1579267585108,222.84124435840857
323.10169890746926,63.869778783295175,554.2286632821407,119.4437533361902
356.66139806453225,262.3764231354967,405.39754286676475,308.08444502963624
813.4156537461956,235.26483986192852,891.8961798485128,357.10016416110545
48.69885835102308,106.56053892184856,108.83170410425265,419.0866050356164
12.445789744955457,88.19848073999316,37.36042143019959,199.9496964497446
12.974367407082617,286.83456572638977,72.7494578564892,468.8265534392285
30.504651142905143,79.99861943100102,315.3976002663752,235.16442528158422
18.519632183648636,89.23095861731247,239.0699420446029,201.7927540753262
43.64304949552788,378.9670425717795,68.32527423565803,423.66730947575974
264.6920356514016,116.08287347774672,273.34894175105455,371.02496659543164
113.71001467744946,123.96385778997461,268.48833035072107,216.76492989068097
36.851761989976495,273.3683912214345,135.64349484058044,374.6279236643714
292.298423131469,45.34218558139815,318.5037159899437,139.20640761491669
10.939639335104273,136.0234619227374,97.66773181725898,564.2938322553844
152.08503755608157,158.27545331862945,242.88950529678274,272.41639872690615
82.29843781001733,178.8452641109646,173.5744976528608,352.4832687859921
220.74883631900406,317.99133250223,244.47136262172629,395.51654213238464
35.89590618360671,168.66203284174907,245.0503498323877,298.3254660194658
268.5896282452162,270.8724637365023,305.8040670720296,282.5524835866436
187.3824254396869,139.87368152600274,207.40266069319782,328.29823292133
14.10899604485852,195.8594159260504,115.2711702086794,587.1371188173048
35.169678440254856,282.52131911046416,423.35680423473303,446.69813019420394
194.20048184710438,128.63427500305806,424.40816579186225,181.9985987741282
36.430025012645565,315.4423993571597,41.55580672676589,510.8757887107501
128.24230685511108,123.74930246257895,202.7501627976386,190.1226787894085
46.003353448500384,108.77085528956874,394.67528583228153,427.1749586158429
171.97318348980102,196.81751017448056,860.0854562700845,234.46127207940856
58.736055530899996,146.56297182994297,174.3390589490177,238.81120345100967
26.677258353330014,19.396885738047523,124.23242081504618,214.46719041234948
243.43238886211122,141.0936042664439,262.38750502818806,148.85900718884656
49.43447399565273,228.24157896182479,186.2563851186845,451.10684255133384
430.63650324340097,100.97100184960918,581.4412075845366,287.9584147228883
28.80238948551785,183.5112710135223,121.93774316054646,196.31664813712462
112.41790627063027,136.59736767703262,163.07601125600704,174.8675071694898
288.7513532084741,193.69938637308042,295.41268594830876,385.7162645086568
276.2807208218555,212.70938982216904,513.3370273409572,233.00869492270516
620.2031173606211,66.88986452767958,808.0769441671539,109.22128506613235
155.95307954697586,227.51510406911947,679.381772516974,337.49803524148314
19.00445881811137,247.84314120991712,69.97249662308101,299.0495603237407
16.05809169881153,241.92991103948856,45.42417043460497,344.829178761116
8.691964570071821,36.46202236639405,234.52274598882224,65.07154865698872
31.08567711280558,188.5207364474967,76.31346627239408,220.16444039140825
16.031955039081875,146.9379419273972,145.20832909772588,446.2553929937037
24.06917658119414,19.12575013828549,307.9640754570031,70.49195416806293
30.21568198877209,31.270535023649348,194.77231983936267,160.86919912246256
41.19408574510279,169.4345998078108,87.71046118872734,202.6650501865999
163.51917142217013,198.18729804179338,284.774198332158,207.74405105438373
28.62920334092299,124.25929107697812,35.325196632940674,188.93394944658894
475.66377411106464,89.10039226133233,576.4438292755775,468.6215511072551
25.34974901571035,85.13557903303808,119.65939231616177,201.26719152682867
47.06990339951751,166.63760910406523,104.0926396402823,342.50070865772045
12.862963449351069,213.6680889621402,84.0506529983204,250.6643552111696
880.512471429144,15.924016908700741,938.8269866300726,274.98450404461835
12.522077762732447,109.90253073613559,26.896276676523108,212.85575789399567
243.38884774811552,189.7233319400678,259.64008543584634,279.4768177611226
19.18853851136471,85.25804743085389,50.25108629454164,252.85288720567067
29.915046489064057,496.5171790537623,626.356163209112,645.7359573746874
550.9197340647478,287.4867868960581,574.8569164460718,345.3636297057793
209.53223250844053,128.36910440498235,348.1722634744693,343.3120259248572
24.443829906225375,277.59395000225754,170.41509456317877,298.12511266436627
33.89820611971192,258.52083313883253,137.7386516862694,276.5931684300545
143.12494786675705,81.47650736915732,218.936393619137,235.42877117685376
20.93852105155343,198.08458681279967,124.9773207885978,261.09671156061233
24.326695774973107,153.9356561389685,62.34698460154837,237.77584228217373
26.183512742124986,158.58984478769838,98.53144012787696,193.82455203111064
24.863528978601835,112.87402534956819,54.24979128594563,292.86114240734037
526.1595669191948,177.15073722047828,637.2145383426185,188.27089221599442
471.4780620327096,159.56152965190944,498.1420131154918,294.6054629142901
833.8575417612909,209.62675323149833,975.1299366241257,536.2410394580189
165.30400317783662,259.38426094712736,194.80659487041933,338.14051014538165
13.033179935476566,173.95785119267998,44.056216637246365,226.81568005721394
21.73629503329975,151.709808627185,338.86551622310134,353.73964241898653
588.7120902078403,79.82873618558511,892.2709746024871,115.32459169663244
9.644083577323173,125.82158409441939,146.49379226039068,207.88812605734114
39.727459264160686,126.28615450123442,114.63122035510065,492.62396055635617
38.971136181880546,152.54197282117,163.9929480550321,341.81400408255206
273.0787615791228,123.87975679729891,377.9908464477191,301.7350208485871
453.2700289044854,43.95168967841342,460.6583911021665,232.90914745733383
230.90647511267218,275.54410182655323,411.09666351399005,278.8657289999358
33.25495123247148,240.5588978885792,214.40096169388733,255.5118682612027
74.92510150464186,193.712861839069,180.48019199617318,248.14519119930785
317.2578160591061,93.18875662086131,363.9494671113903,124.09391068768782
71.04228057619032,142.68142933496202,188.6763356925018,279.29855663328885
529.9826093425161,118.49529444486522,848.4202502129228,240.99673845939353
4.191285077088408,156.12765375643096,141.23483925240495,174.64909950646276
34.562863852473036,162.83116362810384,249.3046507378301,180.57496056738253
338.3434054123077,404.8558925882053,388.60916662732427,406.62650085771577
32.79406738055566,330.819881345274,197.95231806404297,393.58370373396025
24.81067501585871,406.950324721741,214.8101303342225,431.7830818968886
36.12347065197993,230.735957873925,299.75291929243906,276.0951620704525
379.7262680877889,288.80470292708264,400.624084157686,526.7402961411967
522.0400044694894,231.11471363044222,917.145528238515,294.74936804610974
25.796569062571756,107.53896943463572,40.82531825290582,221.85279771679035
251.86435249703115,73.9100822026049,329.9947457020817,127.79062254982635
214.3297359856062,188.23184440499784,238.3917892159725,276.0183205036761
25.920964442023863,164.9700070650612,509.07292310843513,333.64034934296706
165.6740762202821,264.39715838284195,268.0956304889357,356.9841803827256
324.1925615120003,223.27657523349646,348.5614399404958,270.4089138555818
18.571833860808553,178.560457138799,46.54949812294779,296.1151005804412
296.7122926620162,292.5647831700214,378.050815336553,296.0054060272555
36.20949232490857,296.00443889833963,293.9666783576468,339.6037387276057
33.02556186324728,116.10285927776894,233.67050616068133,208.15399655083363
153.3814741510529,210.1919303167275,216.6526839944941,307.8240299952627
14.944393519191717,207.90498007450367,43.352822485951926,314.56605420379407
726.9640337539647,194.44801511440485,842.9050474009181,347.20012430089
201.6080024360916,132.01011038245207,238.09481752734425,376.35170906215734
29.481617358794228,343.1605944747501,206.13648439057792,396.02100357777886
133.21264828258413,79.92359889981005,449.2725829353792,118.78918168825739
29.925909424410243,97.85894163482087,132.23705720898582,169.21945286754428
24.033333328478598,9.796283638208918,63.36895985352056,218.09486272518276
19.69281339755904,230.66515749294538,172.29630271901544,291.9902044216038
22.305625833429573,159.1159638528623,133.64823960259076,237.91839497609854
130.80777400605498,70.31484389328031,287.663997591061,148.6784331641334
24.443575750233208,376.26870671266664,273.29902050635627,430.9202850668171
21.424985412286155,94.14168370834888,135.41616814753476,149.00820014450557
41.092378483440484,195.36757577710264,86.44713580035715,398.26850380382535
277.35015597818534,175.64870207576274,317.2905159622229,302.610190385392
310.61785930175563,195.06071316154282,327.8780164570987,225.91893349296106
54.01114332543783,44.98316001505151,159.88182668536373,196.1756192011934
32.262096702393876,262.42454533664056,200.94807289105603,270.9093249030373
16.79287835719334,133.98165034109942,132.12457951006525,346.79873660316144
29.295615979563827,247.76308020926058,249.27065619656398,365.72138903727136
248.57747853162795,256.7664879600145,283.30801734003524,362.1009615533663
257.0283042290863,306.757987927395,324.3148073573531,382.06473519717036
242.10719454293917,182.4410098245135,283.90567563458313,297.6091494577013
101.39888569548603,131.47150951810056,239.73132584310986,160.61838937628963
524.9638074869281,272.8729653471991,699.0727051709498,515.487064806998
12.041872618483255,134.5380828332554,309.9340406186866,181.72832763614596
4.428421628166631,281.9297809371065,147.55781552652098,380.076673339425
28.38338130005159,124.9746967720658,135.60516327907166,178.37059905336784
61.75033887129743,631.3502711028632,133.07840215675108,655.6198003694491
575.4591717129692,78.82828251634953,662.4077108924521,242.35721573217333
42.67687160998181,224.21848000821902,92.18493590186753,444.03540577575774
31.45168963780595,48.701663204659276,89.89067489267156,208.7324149287484
374.56025303229166,547.3558680513196,377.5718326264861,666.5387436776342
29.515620929312494,196.56662431840653,157.62094897618584,224.41253941313747
267.595402239325,274.9611794513934,287.97841967191255,406.1101758360178
46.73575090401071,219.73121854789912,361.36488476472164,301.3703571373477
32.76786970118361,245.5542505187498,304.2290479625747,441.60788122841
25.222848501705514,352.2895206755168,161.19805295459452,431.5516115219162
8.568837320749454,134.02157774960577,41.872217564331606,189.92225184156644
27.910282454087913,172.92323462406793,125.45458054604332,218.19726300893353
30.64573513339002,109.34893320350241,127.1171164805578,223.64097706216452
109.90814514264589,284.96422973442884,175.45727271251081,291.9595570374281
38.93447451819627,354.8379139989024,293.9031101308636,392.9053619264632
15.030889216600942,215.24830963283725,52.095506293382684,220.06805227204924
150.8041143497126,184.8955042202377,168.45449462540145,280.61800993906166
33.67068346672681,258.2983706224315,152.5227858425464,324.8719458603086
113.38794878278792,54.083030380048704,171.19551103498006,200.8175314322988
7.877825163785279,99.00486517685296,140.37914219486353,271.83222836497185
105.00116100959173,121.10611902233025,137.90753770946162,227.02100982222845
221.1060261710265,181.8868846353702,328.2634003169233,210.29640807859948
161.95753116466366,121.53365904201533,166.41369374827005,481.38055520564285
20.326543902745772,236.33661538902393,150.5013801623538,318.8152958095656
14.612306678535202,190.72212156904237,44.34753027772228,378.4772601102263
452.5246132782859,142.59794873607612,471.47048407015353,468.33667033936536
21.42969131535425,227.89396532741821,43.68140972012673,232.53168505096798
86.48061254626096,164.6902362771535,103.46192091053871,178.64063597700985
12.835914797693531,176.69720683009538,114.70801137375962,411.74154673900955
93.8129257040254,241.02443223106556,250.72229426542845,408.24532298026605
4.71412545045036,31.668897375798057,229.77360315831217,360.98349059354615
59.10202790157516,221.26076951989373,94.88783824058855,273.1126332126028
202.18714134241074,219.1142885941414,204.17050632466743,244.86242173871824
61.681857138495445,56.08371098093631,140.0878671033974,124.03418505239189
24.181849253817244,45.46199048493188,226.02007195265193,198.07147290643147
31.1721792425594,260.6806973465115,290.44608571187655,268.96400045394864
119.56639276553275,134.17964577374545,355.9373662658357,367.1896594727012
13.538421526812874,421.216527517963,33.67370864565878,470.8178270857437
315.1315975204728,106.95272183185655,416.4322501246478,274.3165736336862
21.640798667290916,147.49671156232685,62.80441573824006,237.81010487167606
11.445542904358232,33.113871507729364,236.1719946520672,72.93414680837392
199.11900979896737,310.21626966328955,205.36742802313276,324.67564456393785
36.44584867245859,230.7018408669011,208.11534245869805,389.68968926769696
13.742437486207745,68.42331850038818,188.11477824739495,344.05350305383524
256.5340750490467,151.7810726344066,300.9895860230073,222.86626004956105
243.02378446540564,267.4478809081579,255.44660786289057,527.1778780910475
168.91940551939038,313.46076123145934,198.55387831850712,490.6496803126109
29.585590295202373,42.63752012437319,92.84506852481628,330.4506503573971
551.9662508005515,130.08472734733755,559.28086489237,201.8559034592045
38.551465401434626,208.5887386325627,49.14287352256174,232.15536074952604
13.622401923094623,122.42371135020319,232.18730440829222,414.96999750748665
519.7063532128128,219.80138874782048,559.3153921364816,304.56107600161096
101.13634560506546,55.58665922724521,126.05793808251494,285.84161938868914
29.345874484580616,250.2653390217171,448.95926193081084,344.28601606319216
382.3201339783752,211.2344372267506,405.04918876223934,372.93804948363993
10.228631896523613,77.95883735343381,53.33838415020623,101.33204295740873
29.44622273466994,265.4633226398821,234.44996266379786,282.2905556799405
414.200229573155,273.07734382081105,706.6586902897365,278.13821506625004
33.03919073953283,71.80877568453859,334.64257757508943,144.0818203626344
105.16997584714198,127.2629304808538,144.81443994106073,202.21213095819175
219.08464427503154,229.30086103052696,248.70635983006102,281.1695049656687
198.81454490785916,83.56556054613354,451.634228827874,203.89771628095204
116.42287615652266,273.3059586447684,154.73533404654586,291.7410458683649
62.11968199863888,208.4982974995303,82.23656229165475,300.1390354949653
35.35745196127042,159.75964664813569,71.64462192217891,298.9369052827705
29.965284110896434,103.89894719768672,184.80565544847914,151.53505828692616
27.26920843109304,328.97029121619994,140.13755793056973,334.218288303358
622.0790454261744,176.1365961706524,650.7989967216347,429.2784411547051
2.9686301008359526,70.5725225850155,219.33703031899933,456.38573975464425
21.512665777716688,207.78734817119604,54.84509869940324,287.62876391566164
35.08823675563345,57.52714512508075,389.06812018440735,93.98804805005351
44.123690403024206,256.2467769283438,510.1670235694253,313.40220397309145
51.584299916459386,90.96027783641021,108.98579959705683,110.70669723820082
31.137284808547104,205.49725357627034,76.91257594197481,265.8832154048881
132.8032979646177,140.1868052153148,189.118666778094,485.4262829075935
24.708047898799673,440.7591490905566,241.28756210835118,509.0968418149792
328.58513527984525,275.0075464560561,349.8151876776411,487.61055934605093
39.75585900997828,180.0858808408684,63.214649022471065,388.22930588272266
100.18439345819384,142.34171893951626,305.8862631576525,206.3556059457779
218.9540097498695,236.84190410398725,471.692340838295,275.40165314119906
28.049964758388036,185.0749775570525,114.79859398282984,293.11128398056263
19.39386062990424,157.04877530854364,188.08897644777062,201.7367825811441
98.6774532070507,79.90844252550905,113.63742932409211,232.23735109283592
125.63097121987732,253.83498357919308,132.82522068166378,275.3927047694251
346.8148271869285,277.51169750847873,388.3598479777545,363.6257158196666
304.7085469356612,555.695111399268,474.61574045013066,597.561456422777
317.8478288468675,373.82349511810327,539.3471617069968,472.9236807539871
296.3621527471322,141.83701214236973,334.0811246712526,212.44566524732141
46.15681736280065,80.92879214489125,269.3319462377358,132.00706077968994
160.54434865249092,160.05248749989036,594.8607938545885,276.57509522919446
33.990576013678506,160.0787720248452,169.48909246188904,181.9138574965786
80.66412175155568,125.92757308679782,331.42353859887135,249.62782911814557
22.167915944419107,227.96318240794963,454.6124606902305,289.230779341635
17.10882483545228,160.2160890896401,163.10417799522426,223.32829807908246
17.423277835881866,77.06197810431684,153.2170768019649,104.26209011436062
240.03195027204006,120.72686559258719,244.85648611968404,306.0409145960866
369.5242234944815,233.4426571119641,386.37725944349205,244.53254822139843
26.040862338984812,245.82238357788952,80.6859133910595,421.6471692223927
149.69040529472866,238.93571080991873,174.00962285486767,405.62011778331396
416.4196457592071,296.0356601317371,509.17476028377496,376.7883489012762
425.0902618191697,161.371860532439,726.6058252183319,386.9822355778774
109.56469235189186,32.59704778222591,425.8548481436355,169.29163426450611
293.04088069414263,272.587614828966,303.9470959009115,363.86030279434664
30.19949920077151,117.36126601741884,31.137391618420395,231.7775766910629
48.78224672991466,302.69267292156405,146.96673225316636,346.87462850547905
264.83898066083333,284.96868815355384,651.4270799745718,454.57063855924446
15.231655561734755,305.36245775980393,180.9144684739113,521.5500814132624
148.19827607139538,153.38897781136643,286.2268661512473,201.37786887318603
9.469393197747147,448.98638881842436,75.52384629589817,605.3564658673859
199.1136063716443,197.44531414898537,239.68457157919966,406.678083424217
51.33764563874751,12.310126906542893,82.67412682891681,203.3326514777777
283.9379391920443,295.04979971076483,312.7868131261085,445.50769001354905
29.24709184503172,92.15471163920098,323.91138592191385,247.7051744392661
33.136309933124814,529.1787771966109,215.48665414724198,553.8592734143278
395.6590559392908,180.81737407214774,467.08163091597004,319.6597155089989
40.557519009539796,191.18133878718766,270.3612081588451,247.71952629694306
30.643732045929692,222.12382186947136,71.71707858642995,316.06812816612853
170.38345893785228,282.11163686345736,261.27908763547237,430.4530531936541
43.85279939667076,346.68489096786885,269.9203288318196,500.13177342897956
49.36318379836371,116.47358616655526,135.92697443812037,117.19677680075692
292.08681109626696,164.23004418421823,321.8789207963602,268.69933228126
255.5293557991894,43.58471732584497,401.07510339175724,382.9111633666556
82.8335758871652,131.61542157673242,185.86533258762287,144.3969810844483
82.28338994642212,245.65502378153084,208.74758131587686,273.27753916318125
68.70017351930015,187.93354186253404,164.8407203695439,295.8129325830606
643.779066219085,19.530828783076828,857.8451323625405,124.58524384094106
679.6653584951005,294.37208128883213,798.523608828011,410.67909625106137
16.864739248203737,88.7136447272061,273.21583660903696,171.19543921124392
16.749680856621886,168.41528722620748,261.9542116906131,226.35197446563006
30.231790336652846,221.43923338851945,146.5397067943351,397.9241857241021
25.596744919472588,208.3523141182995,105.1065717594205,488.9168449532682
5.949861150693493,304.2376246462178,43.97250426851474,325.4443600512141
118.7968746849474,75.94065008379599,134.29474851421315,247.59685291413115
15.210812498665751,42.06573616080578,162.64380947228636,162.53309298973878
11.695610336158152,172.3033500405221,98.91166829494797,250.79070142202252
327.07061697530065,52.67073788610899,452.60180038534577,273.32040906888176
2.220980182607988,237.1401759544874,113.30105687612124,369.05583042951696
22.971117329652873,191.6572402709721,116.86632941687729,220.23213513983876
20.231639575105003,327.9054805407922,178.44966081263487,363.06576362637946
560.860185202018,222.6465704307427,677.8892319961205,235.46013731871432
44.07769738571564,151.5116331741459,98.07990802725831,395.2254968763691
22.160232938371617,196.04852073816545,67.97643518389586,298.4969244355492
18.011656347874855,173.36085197077819,187.73532414630807,246.25873447664495
186.10547592614267,301.66233027706886,224.08699756429465,399.4773313937759
218.2858639778039,336.6512599168251,256.8913551302591,585.6904591275945
91.49308559092745,240.83571851811487,120.40461839768406,320.3052325179464
49.9110037237751,165.3166510525305,52.21591439843787,278.5863844027739
211.81678799532926,95.26897575089511,212.28280757079497,120.98280169988126
931.2739080570204,310.69493987442485,1091.3502538642954,352.444494033429
299.28890630855597,136.37753471729235,394.61306424044835,367.15956121642483
39.29301734504014,101.55859356723855,171.36302377890436,395.13644979773574
289.17353003072185,98.1679691116815,301.06796122027396,148.83187973384287
129.21197134471302,252.44345587403737,133.292935826884,301.40473843824674
235.1607533207484,100.63687458870123,490.15064648483434,112.33273030461693
231.03119065084414,60.23157467947386,244.05989958937826,361.36071182574904
18.36295470760365,394.57153347072995,123.70459613574593,458.2298284145134
36.16018223304741,207.73022856770862,125.26151476464824,266.5181805868351
55.771899130935566,50.42083301363732,123.79430400101528,391.3067001070144
7.171901832676103,125.51633234021386,73.27453018138024,262.25527851624594
293.63020646980004,276.81107293684016,306.84352638690683,279.91789671985197
225.8164270602397,623.0872528461256,256.3484081084647,657.3620075071157
159.3199008473684,145.2970118296968,366.41342893360644,200.11558165433905
128.92125597374593,366.5972217779357,586.790678598469,497.18996095312093
276.55601679267687,155.59292278958284,354.7166061412538,317.93279474981966
9.428659943146897,312.0569273075024,61.45312328212114,438.8634442893379
49.906487693281974,189.86810489348156,284.24330543067316,204.54713789387077
406.53753784746533,393.7646200293666,820.9872464073195,486.3609153637259
462.41737350253703,335.54411319549786,486.4984745762097,405.5209730878244
91.36331565404124,261.5855356899083,330.63073093187495,306.95337625456824
289.6884414273315,91.90333459715364,390.39542185821966,198.93329463225763
378.5069306548576,184.98471480859467,674.0328190624168,378.484259800797
222.74503455192408,85.03574188348732,335.93451295246336,138.4156861552101
36.41275498685834,289.6400753424871,42.135590454213244,361.6183043273469
19.440661667698777,254.38492566109426,355.587329480455,289.53118359384086
26.178412240500627,260.25644010206975,232.46906239799782,431.72623151482367
36.357720298301864,116.84426904790662,360.34196055361684,120.51313395621861
7.892725047075881,280.2530676150807,246.55479757700812,344.3665251787485
12.813986872515754,335.0313877109428,305.97919715801197,405.72946464072186
383.90945559818135,112.73609031457818,393.10336054644495,152.49906448049353
290.8942776239839,229.81417573406108,458.3234738415693,259.90282001311704
90.79309345547155,197.91681223605855,124.05801603638676,213.09865828277367
19.214017902430555,141.58335689696273,260.665606659177,221.13366494110124
46.40368457215306,249.02515299415003,234.07808305323704,259.1796408628872
37.932695717003924,170.7214542602246,135.99752836793965,371.6035839680771
13.909314120422883,218.2319531065707,253.26041394833788,394.12453000882044
34.05422310683601,494.98858924999485,92.36265949445772,527.3832659264211
103.16727468670194,42.568736351405015,132.56998553464638,375.05284650394145
104.29406723633964,82.54437785895598,246.21638850491033,256.05033956559475
174.68836710421178,167.33380400037467,365.3864237164122,411.26145637864215
156.77872738938996,227.53111880129177,194.29168042617684,314.56100080691215
59.36397692832879,25.656950553196875,105.86339424892824,130.94452825593922
293.1151446807961,194.43323562210745,373.75794260686376,215.33559119140375
27.055754966364546,103.86876605373286,94.9781315322445,477.3800039747198
376.2250621301627,513.727779079953,529.7870666471772,557.3955970347474
220.98460160562243,146.0733247237319,304.0175521698755,169.64053763016702
31.960247330960968,10.855836397427373,154.42884553393765,169.907833842158
12.58929009437787,171.41446594988054,293.1537800164513,190.0112971043563
413.9936483186811,166.67773240676436,503.30280139858934,217.99505715256896
220.5571247264358,412.17996918474824,306.5417474956656,652.1080979937859
46.42930764690096,122.4230335552296,127.84810804328443,373.6427829252788
145.53831862527952,153.48109029325408,194.3237665902084,157.91220526521982
282.7386010343007,341.256408855619,333.69325644510525,545.0038647485073
195.67227881747243,152.48742593937888,223.30419349283588,162.34168222614275
453.66336559908217,390.8404191881146,481.2058112492401,458.22242090655595
535.1490338093607,571.1002790839693,694.9494034457572,581.760110518255
550.9367449222323,242.079772097752,638.8146053889361,354.52043630601503
243.20497304491275,314.0967094130327,271.93355314911753,324.9412257129161
333.7382168424252,289.76552418924143,556.5483039527567,345.02361198535004
382.06623986040097,97.16868063384523,491.39228610695545,114.17171093896535
269.888317041301,297.79513980642076,580.7664430584035,443.3966870333741
193.24076697939793,239.66114737240994,311.39214435083807,240.16883439951505
15.021421574869397,310.9965760542749,59.54645372440732,445.87735177553543
14.409784638063188,74.21733838023762,226.56056746696083,257.3944949195912
343.36529157341374,378.9737381290203,537.8347613010933,450.9253008617441
295.0985842027305,276.11699578589696,397.7183823423267,396.1457645682318
407.7562694539664,151.00923913423048,524.791994706005,284.27939227046954
5.051989957411718,165.07523321885787,351.49643505844296,257.3424464286833
51.41742539593116,331.2591969384107,284.33541435369705,433.4436968416259
24.76388473353539,160.00150645318226,458.8143730400682,223.16274310047675
346.438699438256,248.16356379891417,544.2920571137586,300.59407934667695
5.526525120367819,475.93997842512556,37.44177424274834,624.0788006431487
257.6322270877732,101.93916640702749,315.25012989376177,124.47381437618313
31.365893589408678,205.35623433510787,101.5500528382233,216.31885049334016
22.04790211714968,197.7149793701618,150.76719952817004,231.73375630338782
193.5187806418596,57.51715854696697,659.9656388934601,209.01999106822308
193.17240478963862,201.27300230459778,351.2406847708527,394.9491011643847
55.90308336005273,350.1416638674863,263.5633900711024,538.7377076190547
124.39649386832282,268.9525688659453,209.82042777272156,435.12869330338884
175.2281122763961,335.8366324042121,340.2924195944571,364.461200939276
534.2463717045961,39.017219111802746,563.0875484302279,198.51978223851353
204.0372289684837,259.9724107730236,257.88885349438215,324.7320926683615
35.03371444272029,185.25862445007576,185.61345331686644,244.93964940690074
164.16260315746337,120.52893209847875,228.49621848137352,408.02956220185314
116.04201500460641,110.95278594156271,416.49130475947686,208.83061641360848
516.1751040185488,429.2959489650616,528.7459863451211,453.9217581912058
29.753841286269587,96.80257637734691,438.1966672628666,289.32617088328186
508.7988058922725,135.47013179504592,601.5946664823035,170.31158161413148
123.19695006430081,150.7300871569233,149.18189007602888,357.0038499143228
13.951316893865718,335.1681020840283,592.4301329266078,366.53341032487447
589.4816651712395,172.39055123165,626.31165235238,299.8266008833663
534.9751014150357,222.11266253501466,575.9444318953167,283.73860602291086
11.594358669127603,50.21391244794244,206.89110156117826,174.1979482756991
16.191854190010098,645.3513289028546,132.06329495356462,656.5596600757286
392.106296621851,137.14956955401266,459.87679183951656,256.21234588430474
100.92490383930581,70.60776083706934,175.1658612985503,188.05117332754364
109.96773922504364,398.71154090258364,261.383311388445,707.340877756146
363.48051671302323,108.97353813597299,581.8503306373531,142.25268957717424
913.8530956366678,122.53195969759444,1224.7937537387247,494.4378123983036
28.268799877044007,115.29142041775096,339.39430344944225,140.84540920717114
233.18507481120983,159.44952951708083,244.40155030058236,261.38008262161816
31.73271438166954,58.61080136291713,161.41216610874687,464.5134446271701
432.4366657304275,90.9770947845276,452.09568050964407,195.25544470861075
10.810576276439825,163.59568052649453,440.95219637055436,234.1753673987716
354.448137257396,100.35351219312224,360.06417598983967,116.7855959139837
405.8237881758539,183.44337143357905,482.06900575890546,214.16920418900906
21.50192713565912,113.57029797002306,26.849115508284626,167.35398212230348
17.548316141403593,150.09889737139923,100.51686806403684,383.87684060839985
27.751642053222405,324.56289484452793,119.29262400459218,413.759265233866
218.27079880368163,331.94520573149384,253.9277310336198,421.66289535192755
214.97131797745283,440.6722335525805,254.05736787713533,488.2122160141412
2.03314223329141,124.16430690930478,152.97300831341917,139.06924749197935
231.39370663558378,280.4120727092874,430.3860864674896,510.20168619953483
7.447573695762667,153.47024013768902,119.6453176992887,165.76585238532894
247.02926517034538,479.1965206689176,254.62799748471622,577.2791929959592
95.24373333748554,124.35606677887273,129.59855482335558,233.30225319748368
172.67004061439044,134.634224009722,197.33042459830264,327.3767444668793
22.71573359430398,47.63575811799979,170.31388834380397,72.52198342224341
317.39280370576836,248.21620013274085,328.77842353988854,512.0144126685004
40.8331482643687,235.2213026908821,339.8572861989819,264.1226361736249
247.96180768263264,171.77566493503608,453.70896814767485,222.390524721238
8.164283882812338,63.72591293954352,105.04559240463219,339.12477231217565
25.274373533595963,82.99901909165216,315.007198308052,386.835769846504
196.92945414122738,240.88011981405182,490.48664222353506,262.97658330491936
247.11455065414975,199.62437079838165,355.34725360875586,231.7706740689025
16.652983297402866,209.79436756747916,158.75321478620256,353.50461714029154
162.73110411583613,240.92817195270302,169.36289354888095,340.12860750870476
184.09978945221792,89.73505214663072,200.3271391943922,114.65575984701589
30.814386104221775,349.76086688823636,86.28368776445872,367.9063071787451
20.47052544137812,118.91715648585142,354.60578706986536,177.8230308700585
159.41300758562318,394.46309354396465,327.83728529719315,417.2297100120344
283.6557326227564,202.78165463170768,379.0052869787935,381.160618009673
128.90482799042815,156.9344651723535,538.454299223331,252.28425299655288
17.222800743471566,145.51682057717656,77.43708791591429,467.4515431595294
9.73100641561713,204.24023662556255,284.03069018987765,230.98686070164945
213.4898235360299,346.7861017867698,322.63521968045876,380.9879818111592
63.62530760935019,233.89199812646024,348.63634330835407,280.0897388963556
497.84187092976146,247.2073016467011,550.5847654746468,347.18301116625514
20.17914692673428,88.23748517351147,52.454765264831025,89.53645756873735
26.221167574046575,219.69230559957003,442.7732821903045,230.67572518734028
229.3708795017703,243.82132489154685,283.3108151872752,302.7163388013732
27.408834504157166,185.56160152941177,85.96195206102719,458.0585136872796
28.632688321011656,59.04425168995271,157.85453453495148,272.6959608066117
11.884714416090514,358.00488541522503,242.97828670800217,383.102180930536
22.977917051423752,401.57867696456066,49.632529957863824,407.75328206924615
14.958033338849313,324.7682857003335,175.76606572830647,410.2376971817036
317.5132796797934,246.74598286059924,740.4677538704735,331.4878091044196
426.9817245868651,394.33530210103294,602.8274540050749,425.29281453835097
131.8437397832934,129.24301307057297,450.13161992246114,223.66364157154953
40.11101123091044,114.01161503121754,875.4421120725101,265.2573842119017
4.476320336844395,312.341861609146,48.34635647328583,357.58992948722823
360.51672660942194,215.05492490554423,532.7442455988315,330.21525733375074
41.125751143259,138.1195281517695,108.1080391302837,196.83558085461436
29.582506418442666,236.62793494791825,380.6797300591565,264.075739574263
128.8652275868848,201.74803031889246,167.85339567508885,295.92171097298876
342.94812283006667,191.06722652515134,394.1905614196973,304.3668876173155
207.0254936608421,167.25353315882302,237.50105224899238,195.09340712220217
21.36542803103536,539.5924818830194,259.6373124364668,539.6726548477849
114.22638539223516,218.08950749151725,242.57345841625536,219.40614653267778
24.308123056102016,52.623570721586155,46.8405430989705,488.95430994586457
16.35794342223722,176.0433454485237,66.95667738074721,276.83905196791613
10.303778185036101,77.73338149355529,180.47913682745414,251.92362475613842
211.23581100576928,123.46348734777858,213.8667732330397,231.72087031568697
626.0717696953874,141.58561760190312,701.0345575655092,296.19961323175085
687.2851216425495,168.3694879883734,874.4838695620388,182.72407833816814
13.234042809119831,333.224918106726,276.0157653345737,334.6799104409088
150.78673549478745,384.13249947866973,246.71704409770572,406.4073659599071
208.55121320919554,68.19003685362377,326.72549490736344,211.49056342120983
34.62361710065465,106.12219799555741,367.73878704932434,249.2360097204462
719.4878646064183,137.76822143293495,796.8642315667319,414.1127398372055
191.18575353236335,113.47221347437245,270.1389002987522,177.3542312327797
287.2337285400204,130.40053661145947,296.2874422732148,440.3255605811463
16.359496917710164,86.26368955807328,176.04924559282784,397.3664899551415
583.7441187588004,241.538829367013,650.5614052674578,388.72860803081176
27.306558084319683,132.26052166733302,117.078761387879,177.53578909312907
498.6123533115799,80.34225209485689,592.8326202406524,434.07619786660354
179.51141817799387,465.925157918736,181.0379438250068,556.8588697037989
30.660420294611598,302.54427494296414,129.96240774814441,314.164821159137
205.07264255389444,255.59446020151444,360.0915980313003,345.86743595432887
215.34740940843625,243.7894552311076,239.4925356346932,301.0360317098394
19.078155205038666,52.317893299322826,210.0815464745822,67.1200061903437
11.243337083499382,186.29378520786776,70.89343737972817,197.11292709749318
317.17288595836885,197.41792979837084,321.2751995460149,206.93924453035794
17.648618516623227,223.28559977481095,53.71465024344093,339.3252653227322
159.99753021284585,261.2866052726225,438.82470650593933,318.8828477767132
116.34984008633526,90.19292135757672,132.20623541960236,128.53028564648437
18.345183215049687,150.1081385856956,55.11604216155784,358.97107717314753
23.45265862616629,571.7710483034606,295.64668161292013,593.32815745663
32.562634872015636,191.93635983537794,128.82277606548328,222.22525442309836
131.14269855105582,135.99641501109554,184.89933920110417,285.8874841603993
18.294959740321094,310.48906845552364,333.61025696203296,316.4695652939322
23.188698652534917,117.84359244438328,340.67760548655696,374.6640400692793
241.99895205060497,179.86522392245413,410.3939578530398,340.2878464859305
10.366746405610945,221.6081467603087,36.1154304083368,431.58049050704636
15.310768766786824,344.86119353357975,224.2611315457547,360.7078475612285
27.88687962367033,28.801452171084986,102.72458597319073,177.90603861856172
23.489901074032765,137.31826390085263,208.42992908023214,154.7170551563753
301.87329814914733,231.62592617725096,383.58834918557324,268.86959664736935
284.77342614091526,240.55206653484478,318.14883729521927,302.7002746369154
278.11720028734095,127.79810534737982,366.88219644461856,189.9039452412698
17.244145936934878,81.3956821002751,181.30761967520564,117.53549050899012
35.33732983537513,251.7618878127284,121.27117252049152,272.9387341639996
254.8326249304654,194.08562734814313,259.9584722929277,387.12233904241265
40.56323670379192,49.89330368188522,489.88978672657106,281.454449352412
420.11354673276566,118.31047222658181,505.56971498736476,125.54301747126098
74.31804115464618,197.42351431226982,91.00874607990883,262.2241287110125
43.72366749954326,174.9995694165063,283.5185511446614,189.74874594245625
328.7573432674608,171.44076228201803,516.9526930731412,178.83827135058047
228.87147080159235,294.75939330833614,290.6454836552323,421.62150559561877
116.63119410447,210.6108310670396,298.08004187766716,258.96996063462166
177.7195666678815,243.11480700740353,315.3719983605891,322.99164472681775
11.388242484819147,135.02291090855346,272.1960160685152,312.80820303645766
24.006254468041046,47.82022609097358,76.95275780598055,52.79292099714721
48.48690702528127,113.33481098245105,120.06575849041386,185.97531334324708
408.2890948526919,282.32489611453224,465.84807818322116,321.95414029706603
252.2556734841959,71.37165568001092,518.5527263260099,147.40122289782155
229.11818569486763,216.86419641537793,394.536967912121,285.52001579256404
141.70711473494356,243.00757821303276,355.59420558389235,247.66995636729087
234.9380921704343,168.9832396433368,332.3102802110466,284.2231852411741
753.9254516145511,168.77948453010012,843.7613458590353,181.51995335148527
11.05916270858594,354.18099261837875,250.54805408354903,444.55342730522943
14.369246249980916,164.35050513725935,197.49385009615463,250.781695057463
214.10447244012138,408.1079425285457,407.2340947488169,468.43682853791375
258.1053766437739,398.3409116897574,309.69341737815756,477.6894879705325
315.93388671599376,234.81323592071047,381.1756625459948,262.8875454536334
41.83908340423364,227.5939903045596,101.20693695211826,333.3095327077627
45.05810535029644,78.94520234004169,202.46414164925315,300.32611413744723
202.29523553718133,207.57061982974318,215.49748300387455,214.28647273952717
22.593012565895595,157.11766990330003,153.6532670307994,158.8718608323555
127.82427862956749,131.8771311262303,317.03245948568434,150.1236784407971
292.1710935002652,326.4741014740544,642.8312953902256,341.0213300266801
35.3248753606109,464.15756843199466,40.072578688302954,490.6016211425044
276.2006055494731,245.82068802674738,355.7025758020708,333.2226327740446
518.5178789743715,186.09791952482527,595.6038217630546,264.0718359316543
87.71182138005379,66.19600847633399,399.2161224479522,301.9282053846592
320.19686087654236,98.45400312747728,326.6126055003135,117.81921373690363
37.33298057781834,432.05293733980676,124.60992420599054,529.8081166352714
70.98519364471461,146.04369071019696,290.30513455267874,291.72263498536836
24.27461477794953,148.91428611659944,70.79809852350338,350.8821164339378
174.27194790449533,152.44577545378493,228.4234671839312,223.6068887608449
6.27898122653111,167.67074237958377,41.71547653196757,205.09297293447742
345.2302756595524,95.52746821741421,413.6480582908109,303.3654577846729
190.17519776563714,316.7969578312345,225.60649351276672,321.69496792457255
69.45290164043881,127.44479543627816,96.93290387893444,238.75901549218025
23.656394133893112,103.11542864778241,338.3062552075092,180.49985685105915
26.329166930212217,126.8529156674289,143.10098863308062,242.80872011437046
39.821150104052016,380.79603503175673,290.5098483669158,414.09070264471865
305.17727532530154,214.32938570594982,532.6099202821666,225.3501531026197
294.8331217069311,411.49094203971634,305.7841270331807,495.2068821904143
122.21542742918673,48.630689539133165,181.2263899893843,368.34667596231304
35.322230032889095,157.31110438511828,214.3880608345051,215.59171386395005
43.5985028947277,205.28580148325992,283.3636852169493,294.1324617806444
33.90486528703729,215.1556431481285,49.21436326718134,224.4086344142156
227.31587877921282,130.2652882892546,290.70485676976034,290.7667749425387
88.88532527027968,313.3641269239375,257.0840684159663,406.524766181158
107.7732798776603,177.2403722653327,197.48095941359594,426.6944517556195
8.194141004100677,165.6736992439749,129.95219110393563,177.61484925119456
140.93479070874338,42.64394083740006,306.8166679082783,146.61574453224497
463.9755987140571,279.9502900383481,477.9744631813541,442.0411072065798
168.47202643332335,223.6923216967006,215.25344320881257,277.6455438804364
19.662387367287756,60.731030857017736,242.16646156354517,219.6135987917667
35.81590165793699,435.1884300875538,43.355741050221006,653.227103605187
268.991866964781,282.666198072459,293.6030817563921,405.75842653752443
597.0319013727964,136.11549399339492,672.6890107443754,227.4757956093748
173.74173214714472,332.620314925616,185.08687763839234,370.335804316172
364.534377763297,207.9653761072647,364.9619444959292,268.01146308888735
235.28426213066314,265.5349512060287,322.6885788129194,374.51727494864406
17.379828380422957,218.88428975621898,190.70665506461523,376.4259403837679
237.7250448743444,427.90298724556106,274.0359773012969,451.7222403585411
124.76804279070113,192.77624349576456,246.9242979855911,328.9223235744258
153.10775472619173,129.77828136354344,346.94466920571296,145.2386902249518
48.87614114013763,197.15508429809177,286.6390917312078,226.3944440839484
250.10166420025786,204.2777792417052,400.33830653013365,367.28982191636413
15.053312042218046,67.09683751091961,27.264661091428223,236.78471868068436
33.14621156950478,61.700823929340004,184.2381320820105,130.58489418390826
42.31835679080144,224.09697324001937,352.3409832748516,232.53168080588918
26.268190904660653,213.83842633049244,229.75688835374532,437.81412167448036
22.547587421115978,135.51349172217786,415.2942024528675,221.96795491363815
145.18526540468557,168.06670881681933,180.88851474841354,194.93136723170113
52.80452779816122,103.06262984999796,212.34141566564696,503.6817818652933
26.509419313987006,23.25063016856177,26.76266609106172,231.40878270099938
110.93111931636768,111.84055958104199,260.3228399613259,148.54134230955196
31.576263503096225,141.02287942468885,314.66749851811096,202.7038643616685
231.66080669330586,329.06478977040814,262.36227460078265,341.31359090574796
221.92384172498285,59.253869835850075,356.39384709300606,170.68794647016026
147.78868800033246,279.37637453358843,298.5521052317673,288.4600972259411
247.39010545086862,92.9594738728521,271.03003266231644,324.1374259455923
104.29650648091082,211.136792628557,107.38910232527752,230.77847500255714
42.65304115813459,269.2078287397055,184.5350501224234,291.0228118549667
209.3961172073265,338.0468652857425,297.70561645827,350.22837637275023
16.91706808959032,22.05214002512181,141.07993417970138,198.39363718742638
36.52085710544393,54.223331024557304,158.1575913717782,207.9039136678223
134.65544712852773,292.42541021641637,530.3849066992548,377.2350419596079
103.5128494204488,354.3514186545879,293.2676271530224,496.3414832083984
257.0088925408992,115.06714680229149,501.30479447588516,139.1945249661207
26.221673953636213,271.0735250585972,53.94735109886093,314.25927488718844
210.228237888902,271.1495874242162,225.73981686803546,285.1208814269643
50.792045343433244,38.886874402943306,53.23893713659486,215.41672581431425
352.56232619848487,123.47008983544865,370.5812415235611,150.95114174108747
199.42385274642186,211.5560729624188,239.23363518380577,264.75306185294346
50.45794455408742,174.68883881972994,107.12865653291892,289.4408995619663
61.97726601706772,29.471507736491798,892.4077106266476,166.23907441603964
843.954548748299,228.44142281097785,950.7009395692145,275.5445097225128
168.33635838949948,59.09345160141977,314.3845640672118,293.8630058077447
32.46386823305112,137.52282892409187,262.9813246926476,233.18614449680794
305.22831494427083,125.78019270575821,523.4714299047566,167.92844959197024
22.46857793308887,86.52194418803201,197.31692426984927,307.23908311932223
268.8217820489992,418.76088493533,323.84531681865366,426.919146637332
189.6530575554245,459.4963112957303,379.1177992187814,476.1830604748106
43.20438016475632,415.7691457320729,120.31625009727449,418.1051586966418
87.8804462789086,34.265641867257564,234.3985324304429,181.39114296615801
18.012258587125746,383.11882205173816,176.11361902977376,393.9014786528017
228.6672332259306,239.33146556564145,272.00024416831,351.3645900201451
177.93414390134384,170.70510015618578,338.2284673783166,246.74082572785872
18.203258296156246,50.5765299726583,133.2899788734142,61.07266146208228
46.09638402936643,341.1207349837139,227.90860820149896,359.47756015835535
152.8369697999603,468.0996713485156,619.5160915674829,468.12777568771884
27.69624260267797,359.06960700986815,179.93724400590986,561.6229475999669
66.05597449907313,224.7475003719786,234.77127434776128,242.82868307003656
86.27135352382187,133.0220240153918,121.50279867618063,391.63181256024797
121.01068219157048,209.03915802121028,316.6637416516447,332.0373217241969
148.2560335743487,166.94677755062114,150.97537962898153,443.50002170871556
189.73282760615913,382.03121177048246,205.0867269045679,435.7181046683576
137.42578332274087,106.50203907967591,552.136350921539,199.00825608363616
447.27790120716463,180.17304978956616,452.22019989577547,220.7045422577484
25.43678873248421,91.47959175365992,285.64736794481894,162.08668212225933
269.4650158388691,242.7132051987558,304.2594864017434,382.52547914480783
113.56009983589006,115.18525872771383,168.94029808755548,231.30440495759944
330.5073565510428,461.955100533565,389.6476635529528,570.9575758242823
234.70092933623604,173.08456681748848,529.8172112891684,195.99004765356023
99.89909116931948,76.1692010078109,139.69661899809415,87.35580797798671
16.688158988834672,361.0095267033587,323.48332640860144,411.13929936375314
28.120164622201447,343.75687281609413,36.5284829320178,357.852993553468
22.97252037322933,342.4331116049816,41.87515885581072,385.8643413759801
17.1772322472359,163.13962114852362,157.27954633863334,234.6785886798583
40.95908062703156,169.9106668799244,451.84237470007855,173.13555494850348
479.5800319700799,149.94074065252445,559.4786334558755,152.02422329709003
38.449552589212665,120.33673860028108,196.13542106785457,183.67214368489735
67.21402244576127,222.03657945698126,223.09174228003067,245.7135851784587
174.1483390909663,144.09711028874904,238.68460125982372,240.12065819987762
116.85852240495323,441.69699981336043,193.92572239517756,506.1865169032964
152.11924754541292,80.64649132228365,442.6433537132357,126.09811423967238
533.4489118166408,108.76630399713427,544.8484020003621,333.277914036539
360.5860245713411,371.85273888576154,473.494694890772,496.08380385122877
468.8018667849464,71.47003915509659,609.9099733707013,79.99710485720166
130.86774614113668,80.18308119338555,391.50386890817146,94.99944509856809
169.46979026665224,186.7430457133382,308.0690719185775,192.5702746249698
134.7939525940113,224.47266183857263,174.45160794535963,390.3868287550189
28.208759561334492,262.67823444800234,35.23887953865417,333.13147678020465
5.954321206467411,220.82944769250167,72.35884042973893,407.0766710029501
202.2946069324117,204.28094432175243,289.50907769486867,245.27614045489818
23.002015074474226,228.1935701581416,229.46281956532957,372.4586855255454
367.73612896657295,200.70283055948735,690.7089525036379,214.76081832434176
64.99999272940963,204.80321567134612,485.50487595514295,251.50916951952655
522.4748396470163,208.10869419221189,1320.3899588005195,216.4292938341975
471.4277504534153,104.50406244283117,1027.3266874579388,130.2599658543013
280.27529154912145,330.8705191864668,282.8270285273403,420.670187625801
18.091455703888677,271.1083535922034,41.43491030037069,335.26482454665137
35.14858630595387,179.26681898891667,84.33480186019837,212.56876374987445
51.780259308696635,150.73819550200076,117.81184366831754,322.82394650774097
191.0384103180031,196.82505125704398,426.46812637931174,268.128512437072
498.32778821189345,208.4839182863649,612.5016524057238,311.83819166239306
222.17596651767047,257.25340552549375,231.81875464711305,354.4765592700573
23.506797635753358,157.16657437932543,260.15433490060326,282.1480061284338
100.71931787414499,119.93468056497876,155.55186632156074,283.35439067476375
276.60095280244707,123.74751009593297,477.4116842957458,292.0729086579274
245.69273825208194,269.07592770486025,500.31778144611366,300.1406185798037
485.6359027285521,132.33251603294244,522.7681959412487,488.8339946626564
38.81113785906318,44.85327831793626,233.2139541880412,52.64696453355497
33.21278158119562,306.4688870857161,71.50088021891419,320.7738325527076
178.75598356929513,55.5328918975916,452.78175680248364,88.02395464120238
248.13872463659646,217.88066959806963,327.6137306170842,331.3413861437613
176.85044318996313,256.40195570457655,297.66048515575767,318.89858782445754
30.34728195225384,256.5425993631904,140.1101483821004,271.52382678867696
213.1660465320221,363.33546076920726,243.2337639319284,368.8925544928537
44.53988328446846,142.2310824129054,183.34947603478642,160.14342887888984
257.1765191788497,395.76134047436653,291.69164179572937,516.1089866597054
107.72719965640931,279.2966302643238,251.50471003001192,316.60385391228954
14.469661804742548,88.68834689763125,44.12488264742165,105.7442329740886
268.74786424653723,194.91364105510115,352.7718444038276,201.57957036867523
224.69031957451406,123.48216144522468,253.07806951059237,349.5055170790946
36.53589295028469,358.5645184777708,205.6377582588494,452.5627250343031
260.09551524090875,122.3331688279158,314.2431800632251,277.0605661074692
24.431530920636007,41.784817272817904,205.5127225281328,201.85758902448757
125.42534211349964,331.02606984072804,487.34918561776715,395.1763912962673
615.9313913176644,145.9381528009748,616.7889664385895,308.23821755762197
331.3074158785019,227.49608875551215,471.6770484597759,369.84460271301094
268.4403180133195,198.6261680371731,368.6030165796392,302.09203384589387
229.95633355876978,300.171100273896,395.3495635584683,306.7096058605937
185.6045281002203,332.3887813170172,191.09102317695388,568.0883333642648
339.9120621375997,107.13622030016018,479.78908709205103,234.4278149317439
45.88229751557022,315.97026545835934,156.0314285876709,456.59389799424974
185.50583520720295,178.22761991169673,385.1383872563203,422.65174774429465
52.01813478796933,409.59331876141687,235.90397685685653,416.0848196668776
430.62505072701543,263.12860921847675,436.7671072868139,269.0470122555473
197.02895643815233,242.3651622608267,464.5564716426326,392.9830435581551
494.66969143218347,167.39734516139933,584.2302994189149,194.63172780191553
16.295991420603805,285.94190345530944,82.09236560222129,432.79020587853245
180.72744235928602,191.46599696769874,301.0295982319202,291.6031281047336
309.7286747817983,171.90707994409865,505.46389016747327,226.22410740726278
43.53196935554222,162.5622060544423,194.9302296882359,305.32311699316364
130.9882813360884,65.35356511518043,422.5299589250847,288.94915633238907
206.56602666986805,106.56817588242428,268.19033001570057,163.11165749410912
11.515500054824363,325.36619499743176,225.5216757351526,345.51198469768934
76.02777978563576,122.23396199449118,365.6150540217095,330.7179647500451
16.425210678660815,206.52199310998103,173.87610317930705,240.17490905832386
239.10424850989205,186.9792992910796,243.11801077513297,299.25749253466563
358.8127495467657,160.00204072970175,361.2075006306279,204.19814483082712
133.7691229675213,217.25419327334802,337.9110756052462,313.1485043681706
20.359983837030036,150.76083907628148,173.27093235508957,476.8853637246853
16.20960014257513,260.20807321496284,129.41783185913184,317.5249943478473
36.26354220865959,77.4403377750237,146.42918398308134,256.8184836312717
20.360697294351176,225.04662496274767,67.14719883103338,246.820268317972
221.03176159735474,180.96188573286895,559.3108760121377,203.65270522622612
131.44913084832606,457.86928586029916,296.13082585895324,463.5487693990618
31.849638645673668,286.84356416185767,204.52470153295909,453.0365688423316
193.14139994686025,221.41807943395696,240.9642862915785,225.86477910142938
38.71223008757551,131.8295631306166,212.60661839587087,227.2717587088455
33.310214888447994,143.08440442020049,84.84602125978725,189.2389164745869
44.56703258095737,206.33418783292217,246.13469742732272,231.01397397652678
11.13872710232377,104.00648907387465,119.56608328691456,331.44750232567844
328.52621566109497,12.881785719420247,347.6885862616465,487.008083358652
96.16204330332238,188.26626305752316,255.5451539136435,484.1200969410225
177.5258497464212,446.4925596198483,260.36283973001514,452.40017397358463
492.81199815240643,314.1001633800667,564.029731830057,597.9426543665599
262.0706587624725,362.59877411061444,357.25217216959334,411.51972005733313
215.08610984689946,131.06902041762046,292.5874144301671,254.9590463388751
158.12865744672257,100.20907120798084,321.4333801827007,226.62486581775877
32.3538517343102,252.24596853890242,222.9551274183919,294.274194576824
34.81562504624349,236.63292893111358,78.37095896437502,292.30482096016493
211.71567437208492,241.26193835999527,598.626122493109,284.73735875993503
27.789504511720665,110.89976654227682,79.12024394117431,411.55064372599423
30.863135218860425,136.34019703923687,237.61046919485034,201.80264993047075
32.96180979343546,130.66381544825728,177.21481245846215,156.57064608597344
17.729863680543428,139.5404014319307,68.84275347930688,322.15472070960675
26.79433546353751,184.29667791043966,114.14271840829595,280.55574831532755
192.89067287879496,355.61018834942837,282.5891611854729,358.17497335895126
106.0966066489179,158.31651235185672,187.6839753042507,196.5173402584522
48.61564779783329,261.5163009949691,231.05656910587493,272.83841529640216
181.67445042126923,53.520430132721046,377.9452140972063,205.5237103020417
28.334841968988197,279.62340588512023,530.239519380956,317.19545056816304
301.5558854603891,71.486250173127,317.1597906251479,118.20594084960771
219.0542414057137,169.83128105874945,439.7526643904705,353.91768896576446
73.8995503869013,220.78020665341123,207.08221025615345,292.96424011361376
292.58546851821404,116.89017989430592,343.6297546837233,332.5704586573957
29.8439422125058,233.1360363005939,165.69736047413505,260.3134340217308
43.932283932598224,60.49593950529127,67.11871672115838,230.8160008855847
26.59904031508436,61.204778039033975,119.39146110833425,109.39784254992007
140.3382212842148,44.45863411235728,224.39795910795863,277.2778146182416
242.51141507823948,129.60442974070713,566.8358722070466,192.63402476452507
31.166189109729185,249.9083052100291,70.82250423293077,269.69482818693103
24.048936866945514,254.23251892377448,79.94308437118494,444.6070349439431
30.64306154292394,178.55797337530973,154.4216581079658,305.5915834030534
248.31681844950052,149.44364417638266,425.7895995887044,349.0587179567516
487.03421751695385,183.155891099779,507.60328678861435,291.0630884052166
29.840859071473293,96.58822106978432,36.38767092570916,197.454183342585
328.8603994370503,329.1292359578277,401.5245302184573,468.4858396895857
53.381750649790305,40.74845867503963,171.90020616326206,300.9398135065158
361.43998465638754,152.8091302347126,491.9203825550815,248.6393550080077
32.40371486323533,514.4499791650223,231.29748311560715,608.5296036937292
368.70483518006347,192.0970221563558,653.144893515989,203.11905607370284
158.00765852528698,260.1885841438797,209.46160892229392,395.83714305482806
58.54002773651071,199.05134824262984,213.23618932353332,243.13357098611624
365.72683540931206,263.73168484515503,714.0348015177708,285.4313239960145
21.470796071636926,330.1323525468816,23.972927951183085,431.84385052112975
42.44940783351636,314.1276913835989,154.22049975598156,368.27073837239334
28.37606405042663,311.6726164844277,172.36632150622748,320.560365879103
37.51586578851843,270.9864720723316,268.38281040967934,311.43894571482366
320.59072466652407,101.93790147999059,432.170437411756,167.41852822213423
27.333411335654,280.0052958088949,133.52888896644535,323.62851308743535
458.3847700209401,127.77838520307525,917.1738019032001,198.77346855200196
146.38922662330685,153.19950337740124,187.4257031713215,252.0709437851559
23.961330627192492,186.32413031089723,127.78182566006556,472.4778004806422
363.4584499727122,153.75885436084198,442.3477708065904,209.41382363805172
545.0629408205438,232.73621699302203,817.5776274303222,318.86633165943874
14.367994483364008,82.96662662516458,573.6095136864766,171.09019399909567
24.814707493379057,304.0289856125244,201.5249219417647,325.87228838624924
85.96292125642353,241.33913326961513,113.91548747795922,353.5810067130649
212.83061456889794,375.08131186093567,247.62673242095744,501.3861402511187
112.11454984687856,325.1203569186733,180.18947431546076,401.6436261247454
220.958292126663,142.51403977296343,304.2831345497683,163.61380949924487
6.622090952063788,185.4519067070454,151.19955967577394,318.35968211708075
15.384521356961146,195.21236629993248,87.5619534019293,455.70136554261705
25.056572181751058,92.05917322304715,203.68423188904086,163.4762393986131
8.796981594546105,314.98568549640356,66.37646320474612,348.4794391902418
367.04789921840006,252.3958715013058,464.2992546571077,388.5684611117979
471.4160135727197,203.80581214841197,504.7644958649432,266.79982130201404
162.9973505749322,303.27370211405844,543.413764401081,317.38583934099785
19.872284158303987,257.53843561047387,539.6319633675208,331.9438076433638
468.41103437889274,164.28636917708886,509.8705120112232,322.3692635138845
35.22296044414827,257.27211890651057,167.82634591986832,330.1984981143791
15.39565481201332,391.94295194535647,152.1080434331983,481.0857442192994
251.21717412872437,95.43619740422638,285.6131250632732,386.9298559941243
144.12352155967008,62.70924058743836,190.91675122093756,155.96950541460785
139.59518885376988,132.9594178263318,719.1069784545942,391.8044581946914
110.2301062395993,258.6022583699916,410.3362590619634,358.4693415823487
239.58680818651314,255.05648756442363,385.71692054956446,261.8751560350184
252.9737498759985,333.85064977580896,954.1545964925458,427.36905117635877
306.08227320532325,259.8166163801228,322.78317473827553,292.87901215109594
14.425938935848668,259.62935524553365,43.54697646121202,531.2634870522197
29.789303110649527,221.37004066123575,51.047536124244644,229.04102857559843
221.16975820483265,276.6666431057364,342.4007802100651,304.3732811200149
333.0059094847119,311.8870667398463,616.9605089001809,315.41930319154864
680.9776266356828,204.91384471818174,860.4980367907294,342.732808162206
104.77314998162248,368.1066787812011,150.54689002556077,442.97853272661683
202.56958830877352,159.58602973362812,214.27028636382497,194.94092638273062
335.7524601829186,317.6510879473448,342.30175807946176,365.6897899079217
131.04680402249775,166.13421188591388,188.25465091289976,226.05189127420468
32.10054831332748,82.41611032477047,427.5597836511531,228.1188650284889
155.77412235891362,141.72444057804472,368.240482577732,344.1251619080363
19.17513757532813,243.68929509619917,248.55893360432623,280.24476665888903
10.786466406300312,169.04353762234334,169.25590816025004,268.63962445229754
398.7644643254435,206.9883381783036,490.6682536473633,217.57647932121372
375.27774759554677,146.25011938542158,427.47271378434095,216.94208003585555
29.96156900380328,178.53819075872576,115.59231113990742,223.41404770359352
247.43635862759567,492.24483575096104,282.53378580704236,520.7491698388426
36.986498242750436,195.27791222114178,97.3307531127175,201.82122596365446
269.3942275158032,91.33732227199643,338.9547437202854,109.91728663035555
25.298332158494286,97.88852425336043,168.47746660077217,145.80887689118998
21.93000799487481,152.4028474287823,148.7701916269632,176.03472772563845
28.89160646616978,393.43240871379953,329.488132201304,427.1744224346493
29.009290895622446,274.7788964369253,157.8551615565369,362.37444083328404
344.54960549540647,130.1962309459273,394.1498988121238,133.1410237136553
138.89238027915323,236.45189387906612,177.852579381313,251.00997691709816
426.1714887910943,189.5004691937622,536.1424202775452,484.5766115634053
14.608783004435237,17.567979787747504,24.603140823369348,215.55396352389363
11.04399335239258,253.34054948785206,108.16287438597516,339.3182082748064
15.851549128614725,35.23900787296395,164.5115188473965,147.7256086085109
10.32991383106895,196.2415762938388,170.31241827842862,237.95466906537243
16.32660612370426,345.70410585830166,50.80735946939297,435.0092382348703
104.1294251200752,230.4583101722939,138.38134640851501,239.07701911879775
19.894448214958,281.2547793355279,31.28208226476854,471.75298355801095
43.65422638310833,43.466600982668226,290.01341129381603,466.36716447368224
18.02522930536945,584.7635664400312,202.6987670696167,638.4563092180546
581.8140061489306,198.83022856853964,1027.4274948176017,456.596027477786
110.74104060136635,327.30372967426695,193.7083519776384,334.89420771566677
605.7184402379754,286.6639921746363,718.0143292297003,463.2722064289644
893.2921884090418,81.89093844614075,1112.253037675291,299.52877552367636
340.54339555991635,114.7110393553612,379.14668443938496,167.3759576244558
116.81994189354192,281.54821765631476,237.02408122321935,458.74086510337077
145.21355049688273,376.7646149559313,217.5112196294554,413.5480493357652
172.07231415699457,53.147670841168015,232.7801711823018,358.47834239099654
254.00877928205887,207.59041441770808,397.92194559548363,270.8796712119217
338.04789196138734,162.79445016317644,420.6656757065618,369.4924654452869
106.37915653844145,288.4203448562638,371.3185293357394,385.4205064829203
21.254850924596347,362.51555979516405,24.11329728499591,505.3142980349617
282.9670440261748,93.02323075199925,325.0602779635259,195.6185541550858
42.08280143045012,149.54659177683524,415.5761733631779,157.32724631574413
171.77449594916587,83.41540767598738,345.88656644933394,365.2114539563885
76.5639752792118,184.4447382307828,95.45501562586233,216.3883084209119
676.0142214032187,26.888758359638604,950.4528673917428,124.61954524552543
719.0069330615564,302.2474410568696,916.7147011412517,487.90567410618735
385.88204775103526,94.5013076645397,395.935974737669,205.82783953755742
10.633402026760754,219.2965407798252,314.54944199376047,224.86441462840537
104.33554422646696,175.02244335870077,427.8644146894021,229.17789157043032
17.68073337778907,258.16685691449845,48.936211352558246,303.0908465976554
67.6997184814217,87.89772091828925,281.2774013367933,269.00129677951884
12.775241279693676,55.39763909701926,146.74996646161398,321.49892375145646
20.5966847895394,82.2397181298521,91.5522574556886,198.58144732254823
21.80629930531925,311.28182063133534,267.0900992041039,450.09611861200835
476.631162112154,222.375579908487,820.9326316252569,225.68969920754918
240.33086620295418,145.9191616771028,518.5292693687885,295.6550898625396
43.10017962064084,321.74279707533015,117.31999188989379,558.4290020264924
435.60162218551784,134.34981615803858,444.5204171007396,285.0422232525494
442.5711136797246,561.9765764261718,499.60028059370546,643.5533381406987
64.82706145945961,272.6492356016548,200.53150398956294,280.35414544625553
54.96539410417369,136.99625517154175,110.54213995722507,335.9665878184271
405.1982395327983,341.6469996931158,423.0241220781017,436.82987684253783
231.437769666381,101.13103280065766,315.36784087251635,170.24213398724868
31.224208629352372,196.4541437874831,280.15587372292583,243.26629039128906
439.33939873957746,290.3945221621925,527.8924939215029,406.1764078900169
142.15930662137382,221.22505125932207,158.8912484913881,363.67551681541755
97.71141837569556,162.4413885154235,250.01885143495775,273.8925588469132
136.22352389834418,134.47185222154909,233.6161183026881,215.34702831083632
587.4744998767401,250.50647297134805,599.9417149494179,274.14440370035175
106.88353884485294,171.67203369202906,124.06248488577123,299.37311530994066
484.94357978262843,223.43017745352458,786.1193743772462,280.9358824327995
77.56149297478132,315.20069262650145,269.68095223425416,346.5628424283679
82.81164940165112,213.98752779192486,307.0402780058385,300.7453975795984
16.18309856985484,169.84981643106923,27.33013957998618,244.0080610774563
40.498764496164746,30.918597357170334,301.7443647759561,240.62668021881188
36.26400748799481,34.11830698400226,57.024491641034786,417.154620564051
151.17069358482482,54.781622823202426,482.643806317939,82.876330228448
408.4786964685573,96.32280892040198,416.7357472087743,148.3844277164145
44.61147377298488,221.6040363747269,86.4227021366724,269.47594563441424
138.90668671903418,71.85173190510315,336.6475003213547,248.69267087159648
463.8431073800348,291.3070393254702,589.1098030966558,379.5935501502967
301.6684039921928,194.64546459886967,375.2012170121005,206.40661568725795
150.09744808301795,92.02016332974671,170.8440648157725,207.4299378734403
402.1240107876854,273.89687272472844,404.5663206941939,337.5655251279863
215.00820106376247,206.44707177385695,367.298807766378,391.4491481950806
162.30585917484657,219.13141910656094,176.90692673247088,379.41907505185736
301.26902758075835,146.53983301900504,366.76509981483093,292.38405887643137
641.6100147655645,236.03150568237248,656.7950294630293,246.5745086054487
180.06890389022354,324.6139475772523,491.09618967560397,360.82786179431383
79.26922504260068,108.33634879530436,234.77575426684731,167.3552574679865
39.67269587688196,220.47391437520787,95.02066743980546,366.58686525835463
133.02258613692874,263.54467047110876,201.97450135849243,343.5820408696551
14.54862837534333,147.69375412912683,22.920596914694293,254.62068001180157
26.74400730487411,111.65771915302955,103.35891523254244,336.0013115385016
160.84528218182402,472.59603517127005,179.60209267730983,481.2501540090006
541.5713340707623,277.52415525572997,553.7003939234468,376.38120792277476
205.12327601928894,74.7424451995229,292.6950824408851,192.0759241774213
30.475138523083942,200.9828787208755,224.6195490363596,286.5680888199726
229.66832323841845,325.16766343016053,274.6366775512135,492.60629567263146
84.68393963199816,377.13470492695166,120.72203189194842,432.36012895699764
707.2143783970869,87.25086906227972,822.0465970640882,299.63535243761737
18.547603238775665,173.3783314465979,248.3388791498802,243.56337771905476
31.09685505352909,268.75545821812943,247.50368600642824,305.4402355535577
291.2276899944114,357.37054989106775,378.9541928755796,378.19188866560506
43.53372384792085,230.55690619583393,236.37880521461418,274.8120717571341
183.9124647565057,84.61554959817128,224.50219395623733,201.94921597037367
25.916850264070394,91.78462360880994,41.91017807375321,177.5623118701453
355.81991057321574,105.3620496094722,631.5231635051384,340.9957815274531
20.892267468396998,89.90027033364944,26.053572343712723,115.92126612947189
227.4150997239894,161.5679465162604,250.33451178162701,317.85710036881966
42.15467214947821,285.37060861791747,239.97360228088644,356.1920549504849
492.35724962929925,295.2724778994262,549.7622202895476,386.4501416876768
287.03957528066223,110.52834570541998,382.8708643450583,242.42629309372217
49.48397173807931,121.9582426978422,601.9628231142823,227.53034251775654
272.00233346528506,66.71940281873356,312.1815070142451,349.89381674866183
287.8041254175256,312.85847638760964,413.7334200318538,349.42810416373993
150.1765720538269,463.7177895219071,490.22095598372954,617.0988922966536
138.27297404771917,73.80780460665945,347.81244655426065,233.400417636341
241.13157114076265,51.50649915235469,387.0703384812734,144.37748526107802
48.47072147587831,258.07790901033246,170.50278716286968,310.21377207040456
149.44620957131787,148.95755835363798,416.92371807089006,158.67275498454975
388.85295383796,155.36447474694236,675.3968474388312,244.44860303848645
153.5260128758253,241.19335819101636,282.49744024757155,264.46429455399226
12.288970001067959,215.15150421086454,264.8634240822099,376.7116956412404
35.76788632031176,171.03468624543325,231.1248108215577,195.60706525850807
180.8336283277624,89.26097426605592,191.79600876575648,130.3742412270836
21.224809471736364,61.42646392017058,45.864511107583674,269.13575958155906
163.32493547744636,209.09359135899098,192.49646938033783,313.93148272479044
23.008693235143223,298.98794801374305,163.30693807383707,312.37559859053556
42.60436181123235,582.8976414122894,88.80524646536279,614.3053529292953
21.0757062157961,333.80226297087904,86.894476827045,628.9798562730397
57.49519105270728,57.44678805043552,148.0106596769493,63.96410560901498
355.3423832067301,45.93406881256205,418.14531260485,57.67265834844333
106.86271024549576,39.370142685547286,287.5300946253782,172.76220354277712
94.88417184868757,400.87702496493665,167.93013949471214,442.68355289944174
113.37339903862011,242.49122307319954,139.94251329088274,322.00930862894455
14.491681782636697,303.1860963183021,203.76919266773302,336.0373300895677
2.4704798865675737,204.67217508434956,44.092517318806756,223.87092859481092
444.08868503498275,79.16243239688609,788.9973600790005,168.9712330357907
18.7598816360315,409.57257326952464,61.261931431640335,593.2835021411305
116.24832667750788,402.09504935704507,151.79258368378692,559.8318867647343
25.424689363471185,300.87919459579086,268.9556380065734,331.6566886020123
442.7796305011967,25.33810097689548,763.7666601727052,112.35704421859234
394.8732948783718,389.0093034482243,607.8438221588144,415.25591383530764
95.48558896017339,46.79428541817339,106.9400239037583,232.46455642122535
247.3629711045967,337.48996139586444,260.08352283135815,359.6016592345083
108.00111079500773,78.68063101979796,241.6220472718937,297.0885483654906
24.10773534116764,386.9043505559783,367.70141465282575,422.14847511475176
190.27059077832908,208.8010144452926,336.4196428003673,366.59652302867374
25.13101499565382,258.43459228218774,194.7326857253045,325.6181744835611
15.34866455598887,177.07058542421228,67.82191684683342,209.18980496110711
241.10769683216947,234.8717751520883,272.50784670620527,282.9978022335647
798.7482579415245,298.18600863119934,856.6842233809149,359.6521866537954
28.937904273710117,195.36536504399587,211.4962919438027,375.6360083941415
26.538914672774386,299.1189317904981,86.92538547675039,305.91749972604686
149.31030759040672,233.92140331359792,187.57705127826574,318.7406564662662
63.64007128783018,134.109697414512,570.8176834000509,149.32757182680365
26.37850038137068,41.111475892719206,90.49366259123931,144.9521928374654
21.237375111700377,136.43051312134133,159.0417865643784,183.57998529502447
16.93126889088321,96.0342584721612,455.33171908388647,107.73798906823401
142.56126897682816,190.90053884430083,336.3295304553261,268.4822904955865
16.479356740905306,69.68596197423884,88.95676084681423,342.584503266518
278.4142644247774,218.9372854097301,402.12855520467156,261.87910539828454
145.962513123,95.14684457529788,307.9650677826589,209.79294144886904
539.1322230585854,286.3340288107859,562.1236018759088,430.4899164190973
83.06038204496477,100.32862192033738,256.35893798966134,243.60019778435432
17.58154060372653,223.2874393640101,70.65379460379056,227.13023084217593
342.4431524682056,61.81871685546836,432.1405848908011,119.46165638926584
156.95300659409168,305.01696460643177,191.18926213030042,428.2147548566962
121.38634201188714,217.149229836438,173.5721895611815,303.73358133369004
259.734056358675,274.0092881694176,283.65138181691145,431.7480822848746
293.59982072432035,158.86819065167032,393.01352909257525,192.54492170610294
181.90825119657194,242.42414370674936,274.06551036700773,258.69333125027924
42.82995971549769,151.24331034680145,256.3349899671419,253.66891558916396
56.342505871375764,120.60219556768791,87.93904922148914,200.8839183601497
28.304726255561697,122.14933249540178,81.40257156337155,143.6191316619787
548.4309558676073,77.01547440417997,695.2549262319983,258.3141817420304
525.113953523486,363.5640893347786,616.4445768547614,393.29885366377044
320.15601207461157,283.85206286174014,327.9611370800206,331.56458951237374
447.9273738163149,157.57876041991,479.980014388981,193.3199162286574
21.407355200955198,223.33996923575697,343.2022189267694,413.7559991165807
358.84881479346313,171.8453462129845,379.76073906902155,180.07384412373216
36.56131262031201,152.56119854549414,267.1626710992733,198.38646918897163
109.58622366693339,155.3986395428884,146.06632624727828,213.28008660063463
20.988286628439354,360.26785120825406,290.3788981291499,376.1942469398716
132.59777426444398,237.60426939755868,133.56917929170586,374.8438714077154
25.781416641946684,569.05183244973,171.81038296306087,576.668203673686
277.7623992004192,98.72949672799672,385.44841355347125,154.85128425239236
0.7530208222021857,196.19119649057487,204.42623570282365,206.15277695865385
74.66306306049555,98.31099122344432,320.7105888033909,166.95257854956435
194.09516335671654,96.23531434350058,340.73737775942175,265.07275670706497
105.62033236667631,82.85635055967579,214.44395309897078,204.7876593109169
560.030382412376,73.31416931174454,762.5947402157981,92.51937656084147
291.10090048741466,352.0291494505153,418.6071053603431,422.00916152032744
28.945042984632106,43.54695545722508,114.7609887607633,118.11386413568522
639.8422020125413,262.81661190736696,926.0391239213347,389.99064798616183
184.69749646893425,224.53607747163494,256.33877017140713,294.10537604720184
122.11005487002681,135.477114673123,131.4714444324058,148.09313345389572
233.8498917437005,176.17616192556952,580.8498434427145,393.28801037496095
20.066320007132436,115.61764431633776,130.94239994335166,128.8289685985725
28.41493928807437,68.32771943839056,190.61348803812015,236.76478052231192
33.99395503176269,403.1840022963353,62.69106959490381,482.7148236294484
257.7401974274605,225.36848492451946,312.8774146277793,351.0375576866253
36.061714546697736,224.12921878212097,49.21371802774741,228.91466165185523
210.79754371412815,73.16885507701042,322.59361597204907,172.21099055508867
34.897548351312466,170.3456828748926,199.579233391967,193.01328643558162
36.10116348255888,235.497593796646,283.1806077943305,259.6030562989336
1103.630641394721,126.97560475800248,1288.7810572378944,260.2855272709199
282.6149579733555,125.59496091470412,1020.1315145042744,386.99436238013936
269.5272709244501,200.2534423762225,291.83027248331564,253.8255120457628
537.0341387238274,244.67106399954358,573.8649940733867,360.48720710971537
22.670764018036575,304.69253888727997,200.2268703599054,321.9339670072424
12.976289495360517,67.04096264726813,239.36363649816474,120.33547688457476
88.83106938891761,270.13843694962,89.08383139501125,356.47850338708497
181.30497949478442,320.3419155836198,246.7398668428649,350.5163936823427
275.0992294680551,296.53411729100105,520.6518769181744,297.1346673715555
291.4444687457008,321.73499339597106,552.1548367157928,338.15411955950316
343.5149926016247,275.81794026623237,351.3797848234386,298.26979878174444
32.19891090744862,197.22583694620212,98.57931810477046,237.13520895953818
156.10573263188022,10.842963039242651,208.037494546102,213.79186563352698
235.27552996673995,127.98377535285941,285.9937826979638,348.92762060466185
606.3055411154543,189.08099803750704,767.2463857150897,433.90880633105866
147.9523367774362,192.61050240403978,196.42746242127137,256.62979019995083
203.68132174838271,345.7879759911699,204.1164532471292,481.23864184460183
160.70730796513357,226.8626776290758,181.757230961831,243.4855027214789
211.93210193441737,170.53924332836635,841.168890354316,258.8829114482359
29.0620898445436,214.43955846125803,137.04596360201708,296.2559765394922
258.7467412970989,270.9293268781438,328.63680190542016,397.14808256562117
181.32688437444327,32.076826801929535,253.53523047240557,374.5206230393266
578.4446461395597,257.8273643639372,664.1086122505253,299.91400209567666
389.00140034951164,300.71156294470165,493.87463861296084,302.3524851686626
38.074833716555354,153.4144940401784,346.1715122592355,256.2508278938425
362.72569260441657,247.20663824169475,454.33708204600185,265.57205229224104
30.43732917732462,329.96305459809355,161.5561245075565,363.5670007226273
128.65794355369485,273.14041949983414,319.77847041409757,313.1091023539785
591.2574152760233,276.26799767104836,666.9239813562216,323.0245644480172
376.6442606458074,146.93719903054523,454.787590395333,152.05893587721374
109.1456538484804,312.231149084431,132.47119140058527,516.6543997210624
235.97618605910313,149.39529871741377,611.9896643110303,239.82190326519228
20.506450885217262,196.2075705137512,236.4053216223657,299.61955906677724
205.1087130263925,140.64939230510743,313.63023229035934,321.9452343889114
148.52893845892171,26.6929784963958,162.47014894689755,134.25715453656775
93.15682328872889,271.658083492096,108.04138738882035,402.3604300632349
40.93305552943387,158.3940500837141,284.4230524842869,314.3719739459451
34.40009368162271,82.72458138738699,146.892872516109,147.93050664448324
98.36881613123178,36.158978226352716,615.3390030221648,73.96300956807977
323.0344769695753,204.19704305939283,473.915917672938,319.5187504995879
101.61786270698593,97.19287368185987,190.12995649389705,247.75929361114297
17.48061594348344,242.4171115157692,217.49485141264472,366.9463512589737
27.47211881929099,365.1212296229081,92.07616048233314,460.9947735917582
325.0994054184759,353.9862647984494,414.38207183392586,418.85871101937107
306.6033899555742,121.27444253839887,426.44517581562576,217.77899766457412
347.5428122824564,138.7229587988096,455.816712066262,161.21200824975375
39.12877338665367,241.09108188109084,147.59800286819114,273.21017259124
332.8610240267374,113.86256344333668,349.40205060157507,129.88480289063938
17.686355449297842,259.9952144020502,99.0100362447056,321.38774957825444
316.851446024674,323.64661132338756,341.17506901123016,384.81427144065213
73.85484572154569,320.9009916633105,111.83193822652204,392.5021592484998
431.0629178535275,99.34172692339791,545.5196736372153,140.7814616232719
190.8071730001758,154.8468997056645,259.3102310154643,231.03778243533102
167.88721979374998,159.99310106676847,168.90968472341984,401.2991753384878
134.77869512874423,190.6634105167445,210.7008397310602,265.5775704830724
124.93892788325267,56.39532525415275,156.3404672857973,241.87443032524777
93.62425781625814,175.6954249557684,759.0470797702928,271.17049023703805
23.523791145295032,185.9586361802923,42.67056513068047,373.72374863068995
218.06171429693768,147.6124522623736,298.2838782845007,178.55455300343888
14.109882560824,91.11943281315915,132.25767857422187,202.50172563667005
162.30398354518707,305.37036412993234,186.3680850305398,479.7808123484246
228.41920450876145,411.7714463042804,246.92278945161272,449.21852833587167
337.3262205499308,468.3731120410382,361.42050285068046,470.0234734392141
31.297010502995654,59.478965196416695,209.732079434195,435.2702430702927
16.198391049940945,365.8285059849295,20.191274987641425,406.22745994833514
28.08247116898227,111.08648766705304,323.9196959101624,161.71987827365345
25.420859077838532,354.54107272785376,66.45239394425734,472.9368270594034
197.4480299434033,190.79418957571627,204.64338169310227,333.53417451581385
8.959522287629143,114.71189980047107,366.1835217054955,173.07596840099228
16.12526239307136,121.55961930712698,52.05360851599333,371.1725969282059
326.0915492310752,468.1639729671926,396.3535384905871,533.3736048539732
14.099700848545506,135.41790761300757,57.899490432751804,315.40094959631193
25.63558209492763,93.70584726864747,73.1216891026258,120.93591518529318
52.40098065768369,163.16848542337442,136.6813545093216,284.02402241836285
28.629192992115136,105.97171479089022,759.1101923404068,501.8109347618446
39.978201788825984,190.73119743340598,184.09068132325848,260.62143432885057
122.3080962163868,315.8884204229743,257.36731261691807,456.1356782387291
109.42223659291321,278.76945030281314,169.29132199131374,404.26401594557586
873.3365078120253,167.5124247044101,875.484609310884,311.22008426869365
748.3881933494067,214.22351558450347,923.9734719224907,264.4820752377502
136.49114532092653,547.8581921981906,166.9255007332113,598.6854250119774
28.478849293020943,294.5083992233993,109.49912679246609,402.48004602431547
20.63264785746253,277.35488733964564,90.62908518638542,282.15775786522755
585.6388994614572,117.2665130463948,632.7713934990705,204.7235846953996
183.74433850721005,55.69805258565816,212.01735210633865,162.8288869559582
607.5128752842677,181.82804199782288,734.4116852062401,305.7821268697789
89.51476771827623,272.5272258055863,133.7033613700084,316.314191566395
309.45013924796655,178.3033753876462,323.3023078756964,181.2517184401007
739.1914551495529,173.44232643587242,877.0034991716564,237.10666407925692
342.9219048047352,342.7781440069415,369.95965633981,393.7822371639562
202.82987345784363,165.04998814164412,553.2907167003204,401.70403130415764
275.45574591970205,214.89083743481996,398.21927428190014,224.45321919783825
27.68208638876589,156.118893247761,117.11659700845328,267.05175124254595
343.2261707883139,180.38703438775883,474.19805513031855,196.58743269461752
22.221395464610076,286.45282872513513,501.06629627891436,359.42156610675477
36.82185725940151,210.7456505946436,232.7851291705731,287.54542135056573
36.740941086135074,144.96029564429134,376.688454153743,406.6796085143953
69.48296650099451,79.76589112273163,90.30285661626003,239.4895965002693
44.20475340300981,208.4147808170436,253.57936559952103,298.0194277504625
34.88754293154226,27.221499586789328,75.15864942223902,211.24344947582986
493.5957322349087,195.22562528498509,553.8114856579284,250.73986816195742
409.6174658573099,151.84174136641175,415.2913340476319,248.2999028271669
28.909909163103894,424.09545950395415,60.33752689532319,489.3506575504733
216.34943745815207,278.43480719868506,291.1489919792453,321.6841548750485
639.6613378211715,212.32237761351678,771.1141440244713,258.6104261104985
29.84063975189317,151.78964975740618,152.2458962082669,185.63907015715498
1041.3368982267996,354.5643189431094,1044.8230221638796,378.49481479829035
242.267114111169,122.74097367918553,426.8344407622514,397.8743665687106
342.250362742303,281.8115559028422,358.5884745469843,338.72711130553006
188.45150052899325,149.8926765946735,226.61051954367323,198.54954107915566
56.025543970045725,163.41694103194123,201.2416698857134,215.5515035413323
112.06531616438255,147.99341062559995,404.4982034492176,227.55787817544655
434.6881818625894,207.6907384325578,500.9659307451813,233.91618764785346
38.37734255499344,299.1633378137883,396.91781962505314,300.00262651827643
97.41935341958566,275.28097240104324,163.30220679977384,279.9091908146982
19.501111967779515,161.3258078424206,145.89429125303937,219.2075116066958
254.49728815471047,395.69254731114444,602.7989409955117,476.55352852020746
43.55222242921541,202.43367446511465,410.9351683423535,211.42358802331796
61.45568003155322,159.3613469884726,86.43674792853413,215.78512531173004
28.442936183032252,296.1598962652513,255.16362833962893,400.6208709773618
407.36089216374165,284.60409069723755,556.4320951122686,309.86046783278096
186.21867702314537,246.93422616606406,192.47751205287395,300.4670266281033
24.416124611484978,488.5218770286247,46.504178700987396,529.0803718767527
125.8375271999376,322.10340043744435,176.51985238266647,449.0556425528273
178.28167441127036,92.76545306082195,325.04444549827645,312.65941998397193
111.96767425416787,182.13372288340216,306.0801187454298,356.2069226043741
232.39528681125617,232.40874137857452,306.51089569496264,365.5836108651673
373.0566078715362,522.4517170080995,373.5330298310241,528.8513671401124
34.63308191733817,302.93018104756663,113.88736478331676,311.7742331943019
397.0022993190662,17.04517984714114,415.31260416824017,291.105746975009
255.05752921814906,329.81247869903257,282.6571382109752,343.68888892378226
29.6370615181109,143.15291708704817,175.71099191012243,304.3353748258349
212.390867524591,89.97528296228975,329.0350154175028,100.26041754078065
1045.9450929289492,271.75498363834873,1132.2212435601405,306.00977044209094
64.74374952690006,309.7711659804333,198.68106568137588,325.306051541837
155.72968746277633,218.55110380055766,293.9609559426594,354.56281566447166
173.31205997367883,194.3310033062983,199.8258105252404,249.35637772257687
69.43677578805683,167.05703998191788,103.55249786044662,223.3729963802029
322.77076088845484,109.49481480473541,329.8408040064108,192.305515055913
215.86587068175973,198.77754868158794,584.3395699179795,254.94134843524742
173.0324563538871,200.02077141742262,734.3241711134859,251.35869177087127
18.308525952554103,184.1191190184266,199.41619646978103,254.41850143935113
359.8983895290195,63.49856951500623,457.03525525831094,243.99173966895373
82.41043669075947,237.8211915958128,308.19389720352655,349.35182024165516
456.68227871282073,118.51056420666055,475.21305782611154,333.5952438468765
343.2512095218706,555.778073634425,585.4111293486316,646.692847489803
37.52706015600333,124.34422207343022,325.3069763529097,306.2579868859127
195.1142146830114,274.1166638615623,235.32135160122644,379.8972438322918
326.2792672035778,212.47952055586347,389.7443294157131,268.854271052858
186.31389854684946,123.27596287194004,191.55426368749247,267.3116189479316
485.0511313810449,398.9278896929796,541.6201444340084,424.6431072137327
218.08859010647456,392.7729206008704,283.9228758869926,544.2695806105208
45.00218357532438,211.25694722935938,138.59161599452412,249.55369100407074
9.674244306665138,87.02901217394444,46.682078658953166,374.1473162942089
22.98075153500993,300.81581761721054,184.06456771919883,402.678346519981
39.49032313275489,52.823718512252384,200.80437243687575,263.2472006327765
64.76676414390496,195.2358979634891,119.09025017096907,215.16174966668578
86.8230265458752,151.73685574401463,285.6849092276779,341.3955692396001
555.835253363034,216.54336845317815,599.5900163289194,326.56526551137443
384.28918312079793,268.13931062850617,395.11864548170564,336.48904978311845
30.027633804619665,227.50979502634553,44.28038948027071,458.6160620059307
34.841730112738716,309.9293366774416,65.88150627562784,358.5153125390975
554.9958094006347,128.0610977514282,631.4655023729382,280.41315502478204
23.18055469999033,79.91529054215711,414.12003543104373,195.99010362669955
459.7856426422791,214.1516831556929,508.9451656771576,377.5206211963644
24.203125533021936,60.22428452038767,254.58348131178488,136.54514191904383
202.95196546912067,151.68150720144635,300.9506996377649,221.86681002343258
127.80362814480937,99.95954750974602,206.52126207699325,262.14149079891786
144.3516396741192,23.388372718245716,355.7475544638126,99.17038725686132
30.70884679135593,226.3303124691298,201.16247060510312,231.08501640233294
13.319788321895537,231.32278443268348,286.6428234879024,257.3087438274025
165.21171669158693,313.84280681579105,204.5227443676338,419.8771653352744
125.35628573255909,224.73696386623908,165.40907443148214,278.2849562212699
177.4260746197123,199.5772123262032,483.62000620686865,219.77653130919984
31.303260806624568,234.08594690563643,300.4526662526675,286.13443235331493
25.866420033439283,363.15718069836834,126.03383324877763,421.294728989578
117.57719371754965,101.11472072304558,316.55862961691554,169.01027219020975
13.633406587097797,407.1010303601564,206.78771316213013,409.7993165897752
9.405620318636984,191.05650571407233,289.0699687296275,254.21625046810067
158.4208728477902,197.43753020713967,180.51000442518213,438.06961255301
159.9928032511459,212.87503953705146,215.7281100387195,357.427557218894
369.3414274940922,177.44128239516914,416.72012099635253,192.91717609486435
106.29134227614603,159.2690907186187,140.91834129087243,336.10546401961085
306.9354497101312,189.3394752262961,401.1496652956786,390.65343752957665
39.799353124727155,167.9959718564774,64.40663882656335,217.31840879577214
253.4180681634765,90.27786123560692,279.1355738070726,429.0441785155856
24.854539848312818,208.878575826992,168.8718815173202,443.6280490216327
445.7646221287007,217.87389304184288,478.3425463653457,294.4059824050253
592.2597893511594,97.05976529726064,655.8086538162119,145.23501116933045
447.64125108102166,383.0910395392464,899.1801641119749,437.8078006273925
9.777764173753232,68.76782031322725,97.45728549179587,203.79345183571294
425.12091154863094,279.754052450752,498.49973025756856,291.24294614348224
152.7323703120186,36.739727291241635,499.02614901268555,103.52091827925774
177.74109340172328,177.86754004311834,189.30040236262008,553.6674787119314
447.79511183181927,304.4400955214236,501.8086628121375,481.5493235337742
106.78780198539799,330.02825998576446,176.86642463094117,344.96621393701446
157.23517545718624,537.360405077066,224.0206712393962,618.6318245887007
19.791931669787004,149.89867240170489,240.43224020773255,357.5295944640176
78.13571240076088,182.45717096491802,226.52884622012502,274.66762539929795
38.91363026532472,103.32879509501977,228.35185869693268,323.8423066191465
486.47683457495646,168.70670260188308,546.221036062269,200.13716949695768
408.2423035585115,233.07588239362897,451.0941232449501,461.01213581286123
173.54790028348202,108.12187075142386,304.36941944050596,192.0563151518768
136.84044841368805,121.52738815684629,409.4346613662559,379.99554753976065
5.157180371690043,28.445829171160288,193.8727039453774,263.13365666371595
41.85770412358206,167.58146671319264,396.6047556827285,377.4069925158849
306.8487967959863,167.12852926611023,310.65282420927025,169.7247759801643
325.4199050089879,129.89078913302842,450.00935851246925,252.97402065972634
91.34188035081124,349.34768149947183,179.43975497847782,416.3567743806495
194.19001697011984,182.29369368244983,341.1552661259463,317.96289869789376
417.02551967395164,411.4279883463375,485.2256870011483,508.300083493675
41.837376861902,307.2701679300876,60.68383299024503,312.84768624090293
525.6093162214718,143.99710011418142,603.9795529333037,379.31775248992477
259.8942029426575,114.39563291779571,295.48231780159966,226.61733923000577
161.05610184280522,203.95234261455545,193.25266445806358,368.76226003185434
21.37378094980548,70.2661555689428,176.88399166534634,137.355415152649
94.62080129544138,165.32418752327973,248.47605036921723,261.3978097894775
20.606241880045225,21.128115926820517,179.71212603785992,129.37323556441055
15.965042105420043,129.35903976061877,133.75585991655865,211.5914673346918
197.6036485087892,52.26272379958758,285.47133062373166,175.60764506198342
1119.212887090311,425.0945638490256,1145.7514915411289,426.5172520731525
28.017203068397016,140.20154229821378,295.6191220962512,210.22630996273728
64.48751980408167,151.41460539226674,98.8028022430531,252.27874994768078
44.925668242833,237.61554479335962,79.37800839273584,329.4639791290908
126.12683389568865,494.37991604917136,215.0728828378253,557.3118165138899
473.52510833342257,96.16963457030641,535.4408156911002,189.98294216083835
130.1712578578188,40.774826144047964,258.08779289421517,238.29841684379923
81.65444742068078,246.0907527889662,169.00124277659108,273.8236666030533
43.935800128020006,160.45460841884682,264.5962284443094,233.63550853767754
444.2033657114972,95.05176091805424,512.725796691819,201.81978066025994
56.23228058602524,159.5197926794052,88.90118703415415,393.064002904698
283.6236691158316,150.86986095300458,343.1677787933491,277.16640802695304
112.56431562979682,319.46683264717666,159.98817233969004,322.3048180360387
125.16433106787174,43.45274134097835,182.48449275251937,113.14702553081466
320.49347336564296,265.38039231500215,339.28353547454844,269.3233817936661
4.768245975738246,213.3792447562566,143.80161072417627,233.20795766251254
78.18388068609197,289.67622024568146,552.8264694612004,337.13023460389627
547.5755487370571,364.76917296105245,635.1390059385038,481.4841440304154
242.9204115747717,169.50274089831052,269.74187252681116,358.1694731829024
18.7746579214785,257.39722212069836,120.79300091818187,285.671187171215
80.39294484353692,253.92339753500445,117.24364906155603,301.0777929085103
156.5691799709229,297.1727386049104,163.9647713931495,307.45240389687797
125.89552598123092,138.32645340735147,136.13586799839123,278.0501170295494
142.0366858867009,89.78824332225354,151.01155339107441,217.02541722427262
24.92860006868677,77.17731111216452,128.84246495656026,332.3376530724885
311.4672913604255,194.21545888115818,419.5076962062139,252.14192160300047
182.43267164781466,51.93434179443097,213.68779222670605,180.64938170221473
133.2358100464003,131.6323377638704,328.91815472584466,255.29874863586573
248.84425586646572,130.86239409159967,278.0710122200495,371.5983168347197
161.81500776872346,81.87759161820581,234.31401097209525,184.6853529945563
265.6099767729081,199.30751349940866,326.9011269533122,299.8953410925223
26.59015499587195,133.35657674871214,41.597684880538196,375.9320437542101
118.58673709664342,152.54674437029504,263.3575906755404,389.59336759943017
510.89438303244305,271.017614751826,587.1025080028583,407.30724078124405
90.75451241106569,117.40113577160668,508.7901928433733,188.28166079978985
138.1232863303865,369.20661728058815,241.24228906153428,379.94810758901303
10.838120037541294,168.00219682573206,93.54829490358269,299.2461781464258
134.2831999330604,258.0443447760552,253.8840732260943,260.6795263780314
15.026294545127174,176.03794104021307,91.98807650882378,237.95331355737562
56.164381624565365,159.57205541567305,302.8089275908938,181.3064551664318
101.06527296439181,210.00035671026617,315.46260242101795,263.5418499824021
23.63117536471194,260.40165824107726,166.95902851758552,298.8381839156013
32.2457783704119,240.65323605441571,198.45225043213594,271.18361661413786
9.473370176982518,239.3526144818746,151.33023365937765,350.3103471616186
559.4133096533196,126.9521611799941,583.9176899545624,158.9628330366911
136.54205276239657,121.78584476527872,194.94594468866362,193.43919359012438
87.13886969738782,309.7876367544883,131.50086710586442,322.16972250360266
43.51125833840705,637.6807601032806,177.65408738030987,710.4577073135075
101.2034758410389,150.58543915797406,287.4047892516234,418.2482399492242
232.71126688704723,126.11269148857092,238.3004936811215,201.23410779651113
61.19883891505142,61.25377357354707,249.90753910428867,165.59562276015077
242.01464599381177,79.85164853349568,382.4603935470339,277.8154820883962
351.158894449538,354.048075333449,405.22841978331604,358.2972299745079
62.95151449524688,45.370137074502175,113.54663340505556,169.73511388486318
28.10683211838159,227.7469032977741,222.013118046419,284.4642416595485
158.98841013179538,286.842387924441,200.07617999307635,345.54535059327105
179.222709148448,474.3410898313002,315.52182276158794,483.39862008026074
70.21057876050092,110.56650704115462,189.04409335822186,243.8395304968711
150.56340341774066,63.81919595786074,185.22880295873833,246.61294342287547
20.530678499179338,85.17284051937835,162.4885623686074,218.7686190179086
134.66070497381074,196.2059077659232,176.1328701616548,330.4688526407881
10.468123293924982,317.7164033927606,114.58520864490988,336.3154510344771
219.76188643526976,42.18807203172147,321.83923894871367,67.19360427042326
12.904260276011453,274.8047987464254,258.7218015619139,357.8611878489448
20.21006372750638,81.88988436929404,226.52754361961834,113.33716355290075
105.48971699097332,451.45059965961,148.85752265789048,475.4608220153041
80.74925882978624,184.15080705768287,238.10308565361294,300.2674649772664
30.893257473225606,86.6452994090995,323.19409529862804,171.95751902103876
2.5002687668311605,249.7461062589706,33.76553357084699,256.8476743447704
333.44519822833377,358.1605313892743,400.09633832006585,401.78834828290144
172.70130606489417,306.4255861553997,240.55216166779422,338.50087525718385
11.553091026843127,186.4519158251667,175.42183223936425,236.5281623423732
29.376065522625563,572.6607477895625,125.7717548841957,597.9406614623548
20.480579496113936,97.90864238731062,109.37068835683849,167.10213640680047
269.39463763201894,192.72212058902647,329.01589382937675,303.7353218216767
196.4171578720186,134.06983282702586,282.06161607135823,240.83006673542147
227.46570000710892,154.47127728783113,249.07372315590567,206.7590259673583
361.02890513873376,143.5138268480572,375.6943222287171,233.801113610347
463.7093422127933,269.8768948556807,604.8837953730166,308.20128637163424
139.14801036139974,145.9055361691146,167.10952228572228,166.9367149423205
79.93291866565326,145.69500989917177,102.07350637479087,301.89041081071053
228.75170491827032,96.88236765534539,251.02461245635885,133.93763516051547
245.0419378515262,181.3512826956889,313.2829133874514,305.2738303198823
342.0937895415749,248.44906792804952,438.2333338351952,368.150029014766
36.820078000346676,195.32120012868398,229.51506744991605,328.936588053959
196.3685930753159,236.68825865741536,401.4981702976991,242.1922844307239
466.85163251709906,185.43600102549405,550.6068621615967,212.01476484686876
21.447644204145202,178.6023670187614,161.67962145439526,284.04166361966674
229.51088973510105,144.0146108362693,586.7238091274116,377.0809829757625
152.5054565313202,335.7913610966179,464.475218889517,337.3911444090099
496.83305333893014,159.03900224794958,533.443397805794,254.97094544913506
161.8063422266022,65.19734173649837,266.95642415055244,135.09483861006515
4.6880218225341475,518.1628399904748,263.5675661824058,582.0836156563328
372.7252924542789,129.74163886240476,927.8631642027909,359.6340988842032
340.90933391738196,173.82194407377128,409.1211817864399,223.19223767945556
292.99513853787676,81.19301370055429,501.40588765339373,166.16268365763827
156.64054306094962,57.848431163377676,181.89854867701976,174.89173654108114
177.98771395253962,284.86413006962164,276.70982217328407,364.99244826493987
122.78986935080322,201.94295866939197,224.08215318189193,315.8482261083558
13.352807734989332,259.1069713023091,51.318154555938726,302.91538131395635
149.81673673569543,402.83586372253365,257.2539039060139,450.2896772886837
379.4694233805135,119.89662171031111,477.2303134069604,235.19062831094132
141.84708286046165,138.84088708661082,189.36763804455396,276.53231005445633
307.7354332274364,154.4671947898686,511.6828369273248,268.16391210696855
251.36527152578563,137.25649844064966,549.7107121247685,196.02523924660684
294.8453789487034,360.227937379832,421.42751230078073,397.8329884545073
116.01027446780526,210.49981192476008,188.55726661390258,283.9097401167106
140.21428168062778,87.56747644138476,153.2691478508263,338.1828068307739
231.26233543347024,300.3585430496316,278.86159896199547,302.9350228009445
6.3614804683655475,320.356367959261,253.82345515188874,407.0279880785296
165.58371494223294,115.41924431151678,949.6057630110806,250.18291565925944
197.78942062769022,189.77182985338376,267.4422301374736,189.986678515823
490.26723496850667,83.61334218215349,513.8268212626767,84.98890556234478
260.8544844644731,168.5976046773491,319.0947366057602,284.359751521943
9.524217074870373,306.5097659866015,232.49252652948664,387.4733739543436
41.12249443753399,126.27991990157719,75.74611081293038,394.8485877839598
290.85780865013345,54.60087576015891,298.1522007251426,152.86641680699677
242.42534796592372,247.2395257089607,282.463763262478,281.65658285823577
25.247653807830837,199.91410450527948,50.06214096317016,352.54867513917816
24.918637874330624,106.85893284356047,423.7281263232961,362.0382853962577
374.08677254509576,141.48519772368763,382.6540416083851,198.05164646495743
9.402797241077739,323.0790340160243,416.5651445464327,342.96016833356117
247.63479878334434,187.24140094377742,656.8334175649685,206.52453423293386
159.7549648812901,89.55141776758539,291.06706130082813,97.60302354740301
417.6756501453992,154.77983761137392,432.49487974732426,164.21826796487088
14.487705163865428,297.5842411001151,95.8538608752793,335.76407698381786
116.29607542069476,46.50870264603503,242.4423356490849,136.39116073739004
45.51473198117761,155.52302247291396,282.22947647302277,254.38727843612057
464.37411847459,120.36133243652186,1017.693304061703,245.2610742507759
17.702822740437863,216.4505701896398,108.56336591097315,243.20310584587196
288.59734861797085,176.56628289737182,300.9251612210679,299.9372073294513
43.1369330333804,185.46194971817943,43.79752178319857,320.186387434697
41.129563435336934,78.21514968075397,91.34716994785396,309.59545769873284
35.694324527407005,312.3110228275569,192.86253776006825,323.0151393761916
210.99843218836477,67.48718959300888,251.3502894238592,435.7274748297927
235.5212250811975,55.23359993816176,262.1620485743823,114.40375137717328
422.740988531608,236.0219581916672,557.3686862523098,343.46672554968376
46.03414918260173,171.0438899074716,60.8046547052311,262.93848866998746
212.90221151385313,270.0548674360806,216.951074519894,364.16783127016924
230.0307023207022,150.96232728038575,232.10822055152076,197.18188921178694
49.04531561314887,181.72077549466707,119.70128414526624,261.6048320290398
22.64680362244967,78.77741651062598,97.93623499552936,193.94438660719305
38.65458121017657,374.84718973648927,239.10422607977827,414.38910931640896
150.95328800504925,146.2912118729715,336.1020894352066,252.33456625910307
446.6486234006816,154.8773953118249,611.765788510423,399.3356447029032
88.85701470141456,147.5315503604356,108.99980329206207,302.8328804956596
405.7051593279544,348.4340452982759,441.78030720044757,393.2288900431018
101.78099751348967,190.16826711330427,103.61878416719061,253.92347705544572
13.812770686264502,63.6437174642778,64.94630937044191,227.6097464315637
161.91324748849487,199.23479513678367,396.9454797760997,240.27094784492047
252.89060491685586,334.7022211677884,321.120656541451,439.0962840829445
35.49847757446233,160.89036499185653,129.44871746795246,247.1687425821834
292.5710552449696,154.81591243778672,318.87015369754084,162.60817612029052
229.32890069075845,48.78156296581567,230.64576884331055,156.62385036851617
334.0924492583677,255.75439823311805,379.9304708079407,378.6640775497191
613.6871670801365,286.59620314909097,864.8475583283275,307.90138919739616
304.69697655301616,324.08307592151766,355.2298746759789,391.3137676417888
426.6948397611891,175.95813501417197,557.9832339390708,209.4960778738542
378.2864936930753,208.43857944401339,999.4495760536647,223.18965438842372
34.20632532402209,60.148625581912846,214.11116160148967,126.75562178195936
258.4766331921552,170.05523873110258,982.9782836327826,450.447309812588
134.8054693986718,409.84373887081625,223.1385611116827,562.2051548564343
312.4211814096116,78.22576900234247,427.9648304665003,179.3837403929382
143.67634037534836,119.95020765066035,176.18882620852645,182.58113847280185
252.7945939399452,411.8929630040413,294.28270563655104,481.79282414088715
170.8709980619426,190.01055170222452,277.0779038656011,203.90743734746258
377.73469113682387,93.83495681111687,411.53121007399096,260.6129682583571
134.341059715987,233.95103629128806,160.7226151603016,331.19406095393765
296.7785987067418,368.6216658583222,372.3454894157,442.7625468366362
126.04161552003427,261.5064713346881,259.239023699977,265.1012759522821
37.98362591286173,27.359308382330035,273.86768817206325,261.99872941383137
22.48711878724626,278.30492397740903,52.86658217986296,303.04050540634273
317.47810217044577,237.38670481824389,666.911534225893,428.80898286236703
452.57628793739184,99.14608950980889,509.3384624056449,141.81017373382625
148.3677927063433,71.12135349581548,201.6400137168669,307.03626598991167
575.9555637446263,50.910350181743674,591.5749018272315,171.62734056188202
200.38925129432258,79.6220959919837,227.35533780662647,179.33565413634582
317.1640729745831,209.37994010660802,353.4100738715844,231.69866446386894
11.918282743650108,378.13853936587714,46.48974443609904,410.23966617002174
26.88604661885515,217.95500356475497,141.69835245020198,308.2401271363386
223.0097705437135,176.55914107483082,228.38829067336914,216.13060164400736
35.31967797869067,264.4488646203266,108.67460543300106,277.12881641796656
257.46591529690704,147.30238092943534,429.8558092506739,430.3840041837677
289.0263434485936,256.578562293008,406.4530105168425,260.14282388250905
366.5819942798148,99.10393063789648,566.3200677775018,280.42609568044304
209.16124937646143,171.9168764981586,297.0659339676948,179.89458445840026
9.083097359796144,237.29232532856838,237.09822139262678,287.1327842894928
373.1246092155327,221.30699761950078,535.2209930216284,257.68875853098274
18.084386573793086,133.94140237943537,422.3534414582569,368.08239274467036
1072.7881777075122,241.00201929704755,1115.5192868557908,294.22098740473393
376.8091311739303,255.31228826865714,874.0707804968689,334.2082317794765
499.9105142803472,119.51716406282058,685.3443284267462,219.11322077296296
426.04768491473857,242.17172049615138,438.52848325237807,357.81500766090744
51.2864302136128,154.13314809042308,77.54937860707787,183.90646592457918
11.886719821248004,347.9947358481164,156.72793069244975,482.79678078889583
29.556955510569665,228.29491738182656,117.21635678305816,336.91883086801784
28.956903695024433,78.6595545987995,183.5829531109237,139.17841646014716
34.68980486174061,48.29664963571335,77.76639542923523,301.1897036549347
44.836449207642005,212.80807624509714,109.3405634825936,333.0751020294736
107.85783734328899,197.48615888138062,149.99263319823356,312.2000218014107
29.68902596324249,100.22634315342786,294.2008386410379,274.77573036419744
346.37143844636057,300.00508595573234,386.65779167833443,304.0124119023934
113.85524700103434,68.60991037028226,139.63091241569205,129.37625252681798
32.588794443999895,104.29706396381467,179.1471308713329,122.54550564536403
362.58974217512105,385.4499488250569,379.56489895985754,436.1517620849118
16.79338448805012,122.58091652055629,136.09432428402786,219.58873848159223
41.408058186268164,423.6025581545072,113.74528296590692,456.3992400746774
24.242804780047653,120.76395438254441,168.27384311296606,310.2483163912623
137.8584389348331,35.28246214759294,217.8334450415089,300.638300048892
92.21817877537555,53.71654624855228,128.38297719006053,364.96781338887274
382.2820677716995,260.4713024105532,475.50109614454107,261.98206144042655
216.29038990779563,54.43576119289131,298.2062241040626,138.96360126555138
818.6879476723005,419.983989505035,991.2682682611392,520.6237229906868
124.99468238242993,388.7073347808647,136.8459951836674,508.1053595855133
379.90565407322475,187.30385379515286,387.255243146171,222.969306082525
185.30210741497987,189.9641045758865,480.9366779370996,305.3440434550485
280.55104401436415,285.4323508639214,640.1158411008262,370.2425408015592
184.12255736704677,223.20539897813168,377.8866619008174,288.6862238044482
35.17397336109641,55.03341079271591,187.62980785807076,205.0931458566174
263.2398803643534,156.93629073824323,266.9433754075051,171.70647388393812
44.624436217153686,325.42230293196985,293.5910700367309,375.81833136689295
380.5461451532855,188.82821285714707,644.8717015082318,196.78837308570016
495.80076151463874,104.09521358701623,582.6016959071076,234.72969651908218
23.72615290939993,306.7770033076206,147.09117540864943,374.4553171120963
10.71581650134436,183.6362666312079,333.6253893257532,223.12889634733932
25.72917836553198,158.281834341597,417.417832144712,280.7701442284638
31.671626094007024,363.6409070179052,353.2935637057122,372.2194224845424
409.2233711910779,151.54754733819203,512.6287566650465,254.50575773846487
29.715169223654566,286.1331240196245,393.34124552940096,293.49763887080564
17.921840888275128,56.32832887762643,143.2869009946152,253.81655210039338
60.92498459259522,34.2937634196172,179.25619685921146,256.3208710428016
287.94184706431713,226.60294263701087,293.723736796894,241.68845842883147
411.5076884054227,208.44417301868887,462.05612749771035,331.6931817474891
12.190056435571176,343.85419544519556,219.26444515256586,427.5574426978279
523.8440755986544,399.65413842784403,548.5431998703596,411.5823636432515
39.84295676509105,191.8549813968259,272.9572949134524,428.77556743472593
16.771871064808117,129.4389058463405,171.84287184859423,153.4341302793138
217.42407920278205,302.3682627424438,362.7730853395554,334.2063874182782
38.422334353071726,118.7061795691825,509.7979387765829,377.0317567338652
119.16443977643416,315.40368060037156,181.8874624137553,344.6076257780236
168.1098760720193,284.52286198216603,567.396068963995,381.48820890851215
33.096333027117645,252.06308102211892,352.8771380570142,253.51775443808353
13.413135136806394,268.9256851500266,125.02435719921482,314.6502033197028
105.35561457677966,124.68237599697243,215.3875266321151,180.98221976761243
28.144386782728745,321.71123552710975,115.55350012731776,347.7883156554295
121.29352144241045,232.77463726398963,153.52757713679958,465.2867923675259
26.824205333067706,96.76381081115716,30.249098139853253,168.3433177906901
300.0591922211823,127.53775726004807,304.52671455053144,133.86690452471493
602.0514218194011,281.06464238842943,684.7876931738035,372.6492383798924
35.48531599648315,38.758962801755196,169.34114461612828,113.17887929564279
64.16882712296385,182.8405496455069,98.42002932267496,364.86423477807745
27.829243348903102,21.534640953215337,376.101546132608,120.76121021795028
30.2037658389853,177.1826722116388,58.67925712380877,316.91385458157254
40.061493599494234,226.77026884020663,142.23913040682805,340.8838392051142
123.82464295540731,256.3966296390557,176.61063048166955,295.42147243120684
27.891043825475105,184.02169391220787,189.9472667494785,283.3883969420709
149.5729831982096,168.59529607675944,194.03037494994607,387.04937723085703
231.36301661904002,193.98009130376045,242.61540430754965,310.1515997836532
394.91160526022367,120.09344273579126,613.7515810999391,324.1552147892235
202.09410934880322,94.76452756072538,448.94446271509713,205.59216981418143
102.74857181790085,97.09600358415925,201.86521222316208,318.2342527433447
48.10354044800364,83.00332735764319,169.1287916218909,204.82040590063724
181.0196584194818,105.45924566752664,487.48596506099403,335.1582370378598
116.79423509816066,54.767223725578226,157.89701550990776,161.0888452151997
151.4001871787119,266.96586643229836,486.8650838830566,318.0182976891258
414.97111888013484,168.3080039589435,645.4288233880799,493.7375327343865
613.4625140384936,420.397705469292,749.7265547586595,428.3396988816373
493.02939790916184,107.53472098963702,555.3877686634378,166.05108350045072
6.602808381789178,308.1536192889056,70.36858646427466,361.65107673458493
91.37091413473019,99.93417343385326,169.1751342215509,435.231329063255
88.15949971182414,220.90033373108676,434.303935904225,386.5618609214218
76.9784639862893,169.31688095907654,265.0004715533281,276.3101165272716
305.1033681247974,76.00057617314401,361.3362293891397,128.24090325968663
384.26911666569254,239.1776190527705,535.3833315473458,292.4125999516168
214.5310645701261,223.1127927249023,446.98453277372346,225.55974475009674
129.47265707455122,206.87802767312073,208.24783837937798,228.85581048103785
699.5882464586846,68.58694430377545,905.450278633593,127.05371407511325
368.75421838499005,149.93121043412518,415.7218854321397,252.5487970958551
379.78731997278925,143.6596168399404,384.88254963437083,223.29977668927555
43.40641520235058,86.33482529482414,74.75923503082126,119.68907456573056
120.10178367522919,251.3157907040238,168.08638660285916,311.10820761993614
184.18977602031222,124.49974930454258,627.3985926194871,156.55282935817817
174.29279641826446,268.8410979636178,322.35819738071075,290.63675210356945
213.3454511489855,83.274154186407,290.7690469674839,241.1294398595696
62.895030790670454,189.55283796556085,160.00065018932315,423.0135487904153
264.19590616218466,117.79363887953241,292.35074890809574,204.59044506021007
127.4853601912965,202.48388389239682,136.45068466421614,312.4454866098277
33.16546524144986,81.33817849104436,46.90569764867008,145.10232984441708
15.979105784664792,71.99596738961914,160.0874392162892,101.48723721966684
188.6757225528759,22.908150472125353,303.22440130344256,264.5406073166487
45.8571472793721,181.96617019092832,203.15428076303843,194.4145050849471
173.91929341636873,107.14295898046093,252.3768358512482,182.86616361910131
202.95978151062178,265.4180226524406,301.5974390963815,282.1287754054099
184.63316291613216,69.8869320467765,225.18904391840707,248.8789779436203
492.4985208709796,162.29462147081276,650.2289633316207,247.99654924376733
76.47525543819417,110.28751927431955,280.84170906126485,554.90180389893
281.6710408278964,18.01383468508496,299.6597613696391,164.97433346765246
29.726928632019103,324.42899928482547,288.50201452354264,334.62998385195283
471.44936308374133,117.03996469033213,1158.1270603402922,261.8404559931539
287.3777445123157,288.12102627949184,573.4157951891664,313.03424078701016
447.73381421730295,448.074865310052,476.4144683733213,459.2774972578089
508.90947960409625,101.41692271143536,584.3946611533668,105.60982467339906
513.7879580096298,167.53505328311962,579.9000262143825,233.57051904029063
35.143789787122515,185.7517235400559,259.98081761238893,243.57915489395265
154.12029955585317,272.85766974871564,488.7455939796133,471.30896918498576
50.20552981023807,72.74475919844728,203.5579581763555,163.6300355946385
40.07686527800816,497.248087939209,178.3912309952698,506.8226158732145
206.10199480896466,111.46576620666576,260.8025054760983,324.34551572523014
17.253992045337508,451.91488912798496,27.519020795995118,498.3136051325294
203.58397982973335,59.58847611597085,358.5940322714687,354.1829865185554
132.2551277638354,106.45867106609455,177.46053865180437,108.0091083652435
452.25499407931954,237.4836705254066,458.16064926191973,321.3926151546478
29.271650439016028,149.3911633271009,186.51272968762527,158.04336291741612
411.10641448907546,303.7933919807508,444.1762105593988,348.74633285689043
225.51863876788312,128.924289388904,320.3829970122464,163.85179935965678
25.170811842100896,186.16959552168862,178.19971768060438,200.51355502201383
38.05117758440536,399.5706426604584,331.30290649781176,403.2383908945032
468.36776900781706,249.93045775777588,615.1250439508599,305.79770944701977
252.33719706706097,76.83120684885063,292.84676530534045,305.5889120151031
630.910462387124,240.14346437073297,645.6420045597743,448.7747168048245
303.72780898266086,153.13632021292122,324.16485552451724,210.45240145217224
479.30011586355363,518.726217768698,1245.4597966048425,571.2818421023072
308.76586130300376,302.0403246765173,329.3244743152369,346.00296135195816
92.77561095938545,29.55179509348491,241.2378154361442,250.44677398649853
40.19932365794457,133.36965273295348,166.70327709384685,160.01407555936035
424.12605844048346,185.9248413785863,866.3538973996693,214.9726068975885
360.3087775077696,281.10146728314544,624.1384112495344,289.4500454725527
16.58781755602227,394.69964317798957,71.6361936827044,509.4404248113593
578.7544325970196,246.57865461959065,681.2992405303058,298.07362698358094
358.657611203351,255.72321622610104,435.66040635369416,331.846307192481
249.43384111391043,332.3442990093687,277.9802081540557,365.09254050009235
63.31867463421649,227.9684933031505,193.0986560325992,228.76525310379597
163.83465459236902,92.2609889111399,309.1541231737645,260.7901864641001
36.81984170491022,65.87705019305317,297.02474901892987,370.58920653528895
16.685509680934594,154.7981347249842,152.1774141198759,187.74357296662106
132.5632320246457,332.1098219004275,299.6023130809092,338.5871079740471
11.231359814704106,114.09402713426451,109.43012129943844,114.94226865830811
92.90721223848848,144.03620926313266,96.7132210855393,210.8464819643438
150.33534997376597,87.13166524026671,180.70442166166774,93.7742296405261
253.95928832541625,289.38165614216,742.1914323474742,388.7926238517114
242.58879991239664,485.0885612267142,281.25543240885764,632.7887966726869
160.46131829454066,230.92188830467467,638.8036451242256,478.30178547634443
232.91547903421446,80.5415284937814,262.45556080258234,294.65481226799824
205.20183344478232,130.33468712260725,332.9759249357315,264.77891903766573
213.2817724403957,468.63743345900855,215.88941191297454,474.5108202285536
80.76424409145419,193.27023500290952,166.63213137252123,279.77231361590185
499.6576548769012,145.29113286305673,601.1624702206691,357.9808639241075
116.73629793349583,182.17158585381742,361.2926647237608,259.7896975299545
10.271147111954889,432.1205061627247,55.65867956795235,471.20286159390224
46.43666978485667,78.95053241532756,184.18635991592308,96.8694505025365
50.570417126296775,283.5117396977654,321.14678426062795,314.7568203096282
161.86243776219632,188.55241653982182,186.859528307003,213.2600914667153
131.29035402438663,133.42167277886426,207.3017326139897,281.5591683518805
451.60889426788754,121.58250191683707,606.6890109030982,310.7011576659491
490.99498627635677,208.1033247676626,533.3433589721394,213.2816292042874
518.4811516799911,187.51443430185165,636.3320092733616,338.3604428488189
56.04174711981292,241.30446907645293,1062.1308391313878,353.9744376208322
215.44814249145665,33.54593963987122,307.1165956172783,299.68937514947424
190.31103743043673,450.7699937444459,218.86035001894413,489.57263343481014
330.24530714715377,199.34672596689302,361.27395303788944,489.63974318554517
94.33518427851443,87.26770239848948,423.2679586999079,239.08097737760045
207.70132332409258,103.70602276066323,225.55244908611624,174.10476825681744
158.68011431098336,37.82597720010944,324.1767108490349,170.62376098710496
292.2124986949499,15.51396580904491,330.1933403685918,138.7540435588138
374.37585123754627,344.81085370390576,387.2271665492574,403.95485447368384
196.58561818553125,402.34632520978346,329.1770409417089,423.84179074069
43.0491515086869,378.40157652400626,191.34659810355578,394.6161957803072
770.1623440772858,189.8719519586755,927.9840788883681,239.0328404698998
26.38503286375301,131.7103767960959,153.42178356154454,247.9447852306066
81.34242515685797,516.1503722576239,222.92643883866037,614.2517296030825
32.18590906733358,51.757798730976596,179.5736125858514,174.14031827889895
263.08287568363016,124.89620943717095,537.6833650130828,212.01511468724232
227.34468836822006,110.54626172615012,399.4926278245139,398.65517968442816
259.5322008845816,331.71940953916965,450.62569494658663,364.03828208462835
211.36883246303992,485.604032687054,628.9984483497078,526.363361719891
15.42118443815779,91.31170904697362,57.481469523387496,307.5425506587296
38.31689244845316,128.16244416372166,174.61801937789969,394.9975557652027
24.266143112746498,86.30946579960737,253.4077852393678,258.9628208017611
3.200928422890177,450.44021937391756,85.30471994340715,505.78582728245
408.0153667637035,278.4561769504251,420.815604629612,416.46680226626495
111.66675982043442,164.55775338839604,534.4648116034228,343.407060925141
294.36710496990815,293.47113115973343,378.7094483008801,337.43200775391597
453.58644451111695,116.72997704435872,592.0885343350466,321.1301885937899
269.2174457147586,100.96471591018735,416.898153777981,202.7698868443655
564.2015874506117,181.88586967325963,576.6344819334688,232.3952064407916
326.15822277131144,325.6249356891567,366.86268791861943,415.409608844073
22.433196664332794,55.535916101124215,57.521441541667286,235.19522082690696
24.06991743113757,285.86702218333215,72.78252842576667,368.99158964466903
165.63652774852272,289.34621442679946,610.2611273096383,392.1008245709609
128.4460171254195,271.52040333231986,215.59440943736402,290.6191044984947
254.41482121480468,125.5338553693456,449.39472385935426,313.3289816373217
32.31433822569925,122.26840494734033,105.19355998682559,211.36256742005094
48.31295864274771,250.3030587320946,98.46081838328175,284.8342498415209
5.507057592428337,134.05862342548014,294.6723848352063,184.64978822364046
57.40440777380519,48.24698404221031,74.52317311033681,220.5176079905022
38.707509464584874,68.05281068032292,260.63651444195443,142.6934619724841
360.6873057559413,99.5252440230745,411.31955079606087,174.21108720021547
11.94706098820489,129.6661215885904,149.07065364073645,306.33226897699524
19.32024709645282,52.109784493493265,88.67317374640854,158.75194545715385
290.6263614299871,146.08442251289048,307.7056341721848,163.22347536811054
311.8335256843338,66.20679026869122,383.47140546912686,221.95135542288622
23.117324660748146,56.90454231778705,107.81156520340848,300.94993509398455
110.07418039973263,189.5036849303018,254.5784220326415,198.89188056836198
47.0047277371534,149.23461726178837,258.0618950252057,192.88404521891246
342.40873032454556,64.87465881859184,392.59439718504905,153.8219389224701
27.98211841589862,298.2258575306996,182.69576927639673,439.3717656334514
745.7817110786846,291.00463185935615,979.1955578080701,363.62905415481885
13.117744754600698,83.35697541717687,218.54500268839163,93.80460875488424
207.6910719685664,234.63558471775002,211.01838201888802,270.51061901931945
19.930404908131415,169.03239968801176,210.8715312638348,369.67448146413807
174.03589293707148,284.5832169348075,198.03500553513726,369.22681132179576
774.3801471795747,246.22137821036395,847.1102196726745,267.38350188978
21.94087310414276,83.98006539945692,27.87883755476887,146.45500197198595
18.08367458971022,266.9101996744554,101.7433173190246,312.07897911665884
314.9763456711685,59.506571598043756,352.94207110246754,165.5419244634296
55.01256116493342,211.56834029559556,335.7119251627011,328.1292026370717
167.6593387501088,396.24819274440006,218.60543442421937,407.40681364933835
170.23060680847655,126.84448448190274,175.2465192502172,205.97704583545294
466.62922102788946,73.9784499772331,707.3781424724843,219.6628135084776
485.7337702130501,151.9556442954351,853.1375833184761,171.8113484800345
32.32875998629501,167.42294325823264,216.75601466588594,193.42875925331313
104.80124813525285,284.84745407341126,310.7390895599296,369.3987278449668
22.70103683502822,103.92975163853123,157.43651864585436,233.12738007333147
10.421426219798409,98.9962520240388,150.68959092100192,164.15467205806354
14.925747386864133,96.32270477215414,315.43299522034476,149.45861226970058
225.92479218605698,128.92958647781418,260.2343010512127,223.44341843748037
21.055535703731532,230.33122738966608,106.58842959192015,269.1927720522365
66.99453272947112,173.91637270741526,79.04575960444095,222.37497411604178
243.0268554247355,237.1954437415058,567.2526338643689,308.0239197719228
225.56971256862212,197.7151092942881,281.6727403000621,199.70341644761487
442.5722581576988,363.5430669714761,466.75082493277256,459.3998154606464
276.5845697492478,265.21556227659295,369.66583748429616,323.2494376050131
29.857268729559205,89.84528824520015,75.42092635829088,208.17915949693068
252.0236990204256,230.2003650609996,332.54813184323353,316.83022567925497
308.92159878653365,105.93836958176844,400.409313622784,107.57460733307468
48.704444536168886,140.14317579616986,175.81219977037586,353.8578898820882
45.66217536411972,98.83635601726651,247.43691891317707,154.09894824804243
23.672384897589133,39.01747615072106,35.750160604380646,263.0567432589174
219.9578326020268,119.62862403932196,241.54534098803347,336.9614795191324
243.56220871711275,123.66614338390112,465.6443141519657,252.31241239024237
342.9729513645321,185.7445271097425,444.0430557718631,267.3482311642713
22.995085211629874,77.33310872836734,56.32624100032571,209.44641576611826
80.61478134286904,148.22534375723222,200.36172473660918,228.15723527313523
35.61392229502984,239.83686531808155,219.53802328731305,275.6930608795284
594.1014378365116,191.10943253791413,685.9862708367177,332.52528335378304
131.604903064174,379.4145284612072,433.94358612908036,408.3442109216417
185.20839621603574,64.05814095243277,551.2862906020815,273.6315960566475
320.85646304119587,110.48548355676371,352.3163577022188,115.85501042138303
365.6627769529756,228.91452180764946,426.2841981151589,288.6724000506008
30.824225096860133,142.72724012692368,202.0432038422495,225.99267406957057
438.0111193475845,159.06198398399548,583.6646495102898,186.649142869043
63.7085702739378,94.07411285542341,89.46937604665249,135.02775147781506
152.86776327575257,31.174733818249265,390.14031962867585,145.14267929941497
470.7887359258672,247.7000659432097,576.694246270424,317.67091521447213
12.8743603906217,229.9327003693173,35.754829471235055,259.4574879363199
137.468414144733,71.81011898727262,204.38500882504852,190.45959444848174
273.5839252606873,163.36352396586219,328.72551862004116,164.52342188818025
315.73617840412084,204.48992902006182,340.59220200698456,281.18456243680015
201.0374921655682,163.4646436597336,533.936249416627,203.3376929599571
431.8559455660958,196.25706663000324,683.8098413328798,242.19753384564962
363.54040185336487,163.44773021011076,374.0289108091893,291.34114314606734
239.5102606090212,174.12761897569777,280.3177423082743,281.2669578248058
376.84251782377027,64.68380557406086,382.07237306298487,426.48615186825145
201.118309376861,59.01300695528779,234.78412102638924,181.98194561064375
22.49571567699342,107.71378680369573,159.96691459685115,205.01651799250146
34.022662134363856,294.35904181241347,124.67146376747738,351.84944473312567
345.85727468581774,93.91140197345328,423.0723864515418,194.28612093172634
507.4785815837639,100.4905582956683,651.6119004336817,171.63614272863123
217.6578841657534,286.05876070040233,349.44150075062964,437.0258021419158
503.16671563215994,254.15555150011755,675.836609911887,308.04885091685946
225.92577583016546,187.80732622986486,369.07032799066076,317.20065163455564
118.94745220933261,290.51426028269674,162.56837001579436,293.30809429975614
79.16329583200003,222.2457682346216,100.8701100788739,290.64259843387174
14.806239474983741,22.110195765008108,235.8732099623301,103.51851463975005
76.55285294592846,170.7407586701111,264.89678296890605,301.7574645026169
307.72624411019626,214.3776094763537,312.13456773627615,350.54441377661794
45.87019550162771,83.76089963464455,45.908582550419574,268.3462690415641
47.82222559858498,168.99007256392701,192.27209819966046,264.66619576619394
31.068116922403036,88.53143927922598,118.20406971329561,233.46552485055545
109.47261687033134,241.24913510566518,131.41027894851715,293.52153497453247
546.904372241765,67.10856542647308,864.2332283246403,241.49052924145045
47.95573754357414,300.67288447174286,187.70865659155214,384.54557484000753
164.54413202510483,96.89514324561789,207.5017823023304,234.49268311669525
29.207454787079946,228.74479722841784,115.54524815399799,262.222897356862
478.98380118639244,257.67413074725414,496.72412976774723,407.3907133392842
473.0228955412198,285.3740433275421,497.59016187419144,321.34874696688036
219.51484859235094,393.7032235554795,233.96791170465212,455.221784961096
121.1268394836531,130.19459195514278,290.25069626252036,213.48614553015818
152.5594085826553,168.0322090261243,192.26247832861426,249.6281809973969
95.88576500351449,440.33317991294126,181.31846498900015,469.1165841240859
115.99430018263124,319.47171580256145,176.56458321420232,424.2087975224961
28.65972088948141,255.5850313773799,298.7895743704539,410.527227831048
50.712958790584366,274.33605597098665,778.184444975007,304.1660344264159
3.6676530192090104,223.45075482157972,145.13385686938852,466.48139454414655
11.517794845126005,49.84149723258561,90.26092894400517,130.12236222177114
252.4384338327658,53.865036854456065,280.9055411042723,181.4038631603448
22.172870634434524,363.43758844927044,130.71368849069012,377.1635543530989
98.12442039154651,216.38857424706043,247.72645800912628,552.9948011702135
8.66523470026837,75.16039913116073,115.77974455864775,281.3764818818399
122.69858821750964,71.33564288843617,148.71338340416224,198.32971093743848
151.49969574907715,255.52591253269318,239.73662014360102,375.5107154399266
206.46724438576285,92.33616107522633,222.52196148902115,212.64837628217347
257.3704375037821,171.5281100870982,278.9888250588981,228.0181681452861
51.191255665079815,281.24185068739024,100.63405632039216,410.1396767927397
400.000404588366,277.0360625072578,531.8460027362887,297.50067644224646
17.16088259905345,191.84711791579554,284.6843261101535,265.60464566839886
25.290775865052197,124.32753895509398,58.292784026058634,136.31069639972313
238.2895223310317,382.1378396755982,383.10503289772765,494.6271690078719
9.136210326543662,114.41791086693927,362.0899698496253,229.81599748575132
80.63986242529384,248.24768976074364,211.43703385098263,474.7682197885647
387.80150348095736,152.49565401893062,494.7240492212767,433.2042826793291
202.80398663673242,209.52004183754087,458.2486530600379,216.9478708460329
216.39767371652673,134.31678446579107,410.1397297558541,252.83651630338147
31.508127305546225,132.26699695527725,109.65539861029534,396.6689959158786
187.39708328944545,128.84811237979665,200.0211841834576,183.63487088576008
44.45175245514706,128.85264919420513,55.754618518518654,135.7751502320234
14.748019209838523,314.4970606616523,69.47397822390496,316.5573131059144
163.81459379892394,44.27690978799867,164.2853919495102,304.93371440871994
19.51446767532128,246.31018887111827,93.3918754601495,331.04820056274093
27.959968117836286,133.97597497078772,243.0258575063904,239.54338165593174
88.87571207499332,134.7203803577807,100.0630684752846,193.81346893349755
155.80610395513003,403.3254279123552,311.3843332193908,454.3530216555144
112.05438828267236,117.32921325887936,174.0813501507185,226.31820148379245
325.6637889131385,173.40818679971673,505.4838998361724,198.30368785256985
62.870407456636066,291.2184471851567,203.22186047356053,327.4799989668484
431.19711579457464,315.1391711406517,447.97262338989174,384.47129949767816
209.34314919475145,246.63702322238188,273.06169753081457,279.8313037487826
423.5604011895108,306.70296029260675,558.7555410932255,369.37108096736614
15.742139673552323,206.7432646721563,47.142984722463744,303.50707063911074
153.98024259515506,213.25247298771643,199.11565375649897,378.70211103864386
34.3883531993137,148.27479271858581,108.7584317902188,153.99693241334302
27.32641274709905,268.8054971331647,139.8057103729471,434.3742413378268
187.33703984357956,195.23399873042746,198.42379726344998,377.1731528340826
246.65244825511175,217.39087300121878,259.1265782879494,385.92400955625936
220.35510274511165,281.18550126004425,691.746793683053,384.01775148666286
124.98413021252381,221.1223812877531,456.7499975558675,222.01742594847678
228.86890537370235,340.62933907454664,663.8961184277194,496.8675833069539
335.7133385261113,161.28167521985876,403.6427587687457,404.3461343534318
304.149882055328,89.56518622780574,323.57501053396396,176.47768237179983
416.6265682932929,92.3339035597558,557.9980443833203,265.0810471987111
441.88799283304905,183.27604469654347,464.39250249094295,194.08073955782285
152.99983524628647,255.43142615645027,155.503604987014,336.48106829662663
186.47828018525922,342.5734054776657,259.113506434122,368.7788386532483
284.3806705152503,121.05813890728624,321.9722117034931,198.05514520696005
13.957052621603948,196.05542713282298,55.79296114505942,203.17483745335835
130.59987633143024,75.16075495517468,352.5202953301298,404.4758291003193
82.72642432383385,155.456576286786,451.7784108983234,230.5191734907101
433.5492141517799,423.3580663545676,691.1957131413811,500.6657703390092
453.1561339090433,204.77554756817477,599.4393728400875,247.52695180424294
222.52980166964508,259.53885699722457,402.1840921708885,301.37018156654517
90.29828739336074,105.58344005129227,99.93171078775615,276.89105117845423
13.541571007412292,328.72128086709625,211.10546413971198,365.21841924580946
155.81349403168562,361.31076041054337,203.16317327321556,442.07562637152034
162.954520484565,219.93335459294883,171.0126439386779,332.9912482279703
274.61907493751545,96.5822305774874,462.2852999321769,307.43924777524506
1.3907967469591165,143.41050913692672,355.75526299584266,444.4610189327856
156.98127829149473,109.36551959353974,259.5735570127937,215.78715861713042
279.5799058834472,228.0434285521065,470.538061204048,284.3329935481943
449.0650728455391,60.573482448400604,576.7386840291525,95.14091998251979
8.407577325284027,159.25983628992256,130.73699264687255,196.81796631142828
169.22654882938346,20.65130383368452,173.30054462111102,180.35370419567994
82.46636277576633,146.17294659758,162.52323341651356,175.46199250103123
390.7450699869564,36.84532918048358,554.7525336850578,300.3554607865477
215.54090932997298,123.16875814278845,284.61647633761174,301.86835257075904
218.3498689485505,265.5659429344675,271.3047778442034,335.3743350035384
337.32006275687536,110.27778652841153,376.88324933134203,264.88261770722465
310.239954085187,121.16297461139855,470.43576795049734,322.01397654077635
156.68372969667206,197.07178113417845,191.4358704087751,344.26846270044666
535.7739570512497,348.6673460649512,607.851036479015,449.13589190942014
410.03588970799456,293.297448310123,536.440962853925,376.94525093118045
100.59822996369572,410.8985515619678,110.08974902778627,455.77493743315586
89.55754722123145,225.133488060486,160.47294680050152,271.11852487933055
148.02787922071343,32.10753127716847,234.14628576548753,62.434910418039195
379.8312919005405,169.37728179240494,556.1062714377072,361.2684555722949
379.551240618202,323.0745114972399,396.75195911458235,357.97253128588295
26.914414713535802,68.76787819992025,331.30806544438127,114.94551215111031
245.74786951230618,142.7118284231766,257.51189787656483,160.74695268568874
442.5389997626041,181.90917700664883,549.3580146071926,246.55814916666552
238.45996804385484,287.26000927583044,325.30052443045554,311.4672039667141
373.17001891092673,116.23680732467567,731.0222894766267,473.2778513736851
19.799771416944264,159.9616439927201,178.3820448956685,246.54857040340983
136.65707443951734,366.92308467568546,189.64884255014005,414.6457434261028
133.16490799158188,309.02039508335713,484.1832933882405,321.0755032506353
15.534717763606325,223.76269787067818,220.01571550295336,331.3523457229228
256.53337330003944,254.83408468152254,313.35309381481323,414.76149031223525
284.44315113892736,34.97933887381453,461.80824743150094,439.89350883170437
170.67905819777752,364.7942099883344,245.23176091108976,414.95895926545916
419.10304668140986,284.48740070474287,741.4588489307071,293.89261512466936
18.09854082137354,71.87875407485039,274.3475580925786,79.88750638598495
25.138269901641515,237.95305681734607,291.54886098765667,318.022735415236
462.5451937212895,69.39820090855956,608.919650971134,295.5227438706242
74.76381376414656,293.3897531730344,333.3073482506939,294.8935672445045
498.90481618516134,233.55074160081537,509.53518004067035,364.00045488321405
458.0801282471646,300.89956328209365,544.8438130969488,305.52214607250806
590.2938531642188,182.2031437479555,928.3503839562944,220.2560541822293
282.3567092875996,69.07942158609956,341.5666587484996,299.0112064954024
84.861969838936,235.920722875467,427.91586437951463,305.57001426213776
209.31413839763883,75.30414803763793,214.29555248378279,325.98083584666034
252.66506498186237,396.44616909632384,295.719086629997,431.4834877146802
119.09379324913378,192.76741818286246,377.2473490835001,197.53768027107355
126.12542821258363,196.19533277983078,308.0342590221429,332.74096577355397
43.98347993812581,235.2753915860172,73.47423118890124,255.7996276627847
14.130864465557044,293.69761710106206,498.6034930500987,336.6195252913142
995.3132662179406,43.29157370160116,1005.8882739096094,267.41551130834773
53.98331801058835,78.31061101673983,60.030865498498045,253.21935236218008
648.26526184722,258.87861775350314,814.7735334526584,272.3773145218853
21.525197887155926,144.9894138275515,139.96890123041263,301.446415811789
202.68871951015535,75.38240132604463,250.98473556190416,229.87564853245044
84.77964709642848,287.5033871756194,535.5390690002304,372.109593297011
23.33148207118762,324.7068273982534,674.5600855443976,449.54180296851666
87.68895086454779,83.6678026402152,149.17459478815613,203.8798028522571
14.562660462246278,271.6915361314517,467.24881415207165,347.97428760559336
142.53462762478372,165.10443668008062,199.2098450969304,221.96577585590867
10.090160155257339,220.15828594765853,76.22205332636808,236.6484132794174
21.4017083006228,172.99776907797596,393.18782279200246,277.81284803472096
51.458398121839714,72.28192380858908,231.2651227333592,205.7853569261342
43.27165620129039,259.1300402097162,411.24107835212607,266.1377627889553
413.57059162165007,252.64569183819123,621.4055446588876,607.2033819858359
158.0924073899207,73.3434021681518,198.0105559799241,88.10194074554283
335.03941259056626,255.53680175669288,447.57063606214126,286.9600819578348
122.1341214285105,400.65321255405354,198.8444840761981,408.2381736739258
209.06669312888135,80.85572274201083,272.84703144389323,175.19956734790654
152.46296121971136,337.131383277832,195.43725268965053,354.6846537024983
149.66378410191277,170.8554017392713,322.03047601359896,269.19912416414763
280.87303412125,215.61043568329896,348.53181056633684,280.278184162709
264.6806553555107,47.33951360827271,477.7377005207155,60.997676591495356
5.492569671219377,215.08887961955998,80.97318042175299,285.3603393658419
20.0046555536878,336.358030280972,59.16767104260477,426.2646286162464
258.78072805200367,176.60693133516324,370.24339240290874,185.96966117018275
356.73637214819087,92.45713702584703,399.2577348154995,107.27547013952437
158.54956888217473,185.49581202165206,227.8331538856055,214.5383121566089
648.2936226594495,233.51154713729392,811.7187417470922,294.9472612444378
236.93705735435233,296.51109242297196,305.14356549292705,407.4067667844417
23.671240965145024,247.4170792115446,93.67536554825023,488.6864674472887
17.668955979735113,233.99925388595844,164.42189462992965,324.3216311079015
167.73209732390828,127.87643325101799,416.93783887932744,461.2190177228611
249.4846041684938,67.50138400989051,267.27209597945944,153.07247529704176
103.80845801912704,176.2815774769575,228.7014561937973,202.10820272098482
86.33370264550715,73.31558534643935,261.77990693608854,122.16438659393117
619.9544211303921,234.22423609490707,684.5785640455588,296.54719915918406
608.9281556174359,138.05899950772874,658.943966631524,155.75619616387777
231.53062020281416,177.4952172988632,266.0137462680808,219.15151422400598
103.34583387569197,312.5358920259722,181.07030849782785,344.7985650657766
16.014730041680863,207.02155634883235,298.31876173525785,236.6709033818549
8.178538761465266,85.73151623313659,66.42444993512714,203.49367681563106
566.032080483258,168.96557348547753,575.1348755619975,255.81841302020175
28.929688061588262,52.19197120635578,76.2302854133218,148.13504359639632
244.28803862827922,413.0820167150397,262.41801170462935,539.2030055900299
195.10206981975568,340.2203162375694,228.36973557861984,408.713878732487
549.7253005237577,81.61175666201075,550.2792059725805,130.50357834014676
61.367684771352835,39.37035496008445,213.42159001321784,298.2633782494756
25.67182344764882,49.61462617640691,167.45111680482663,242.86310506321408
249.7241838806832,233.6154268881044,409.8062120070699,238.00702824874492
90.12043396179497,210.64660033502844,249.60869136320113,228.30910976995335
26.778790416409525,134.37793069202513,206.88039269308751,207.41273955050195
286.0786694339911,284.12489892671886,326.7625533424138,291.1272479832773
11.912448751292375,143.23026358359616,153.6957879302859,195.71388635240868
186.55356674499006,72.65815186331469,772.5931100316653,275.4818276255686
31.491823219474686,122.97462087152968,223.33040487954327,135.12244847748622
27.145904939880804,131.3573368764191,623.1816212299057,145.84535071793613
376.2578989218627,56.321601380830394,480.0015441495867,129.6273851966615
24.800034484579736,267.13972185528417,150.74612347840173,352.18127124687976
365.4561902987518,283.42001167169667,376.9923389174933,429.75357738268127
5.608656130886295,158.20183882360698,104.79731051850837,195.36322190638305
39.826092552685004,158.9546561317194,334.3674479477731,259.3893059226726
139.92784275774707,276.5677542774216,191.16636229902673,472.6683100203019
592.6726913565977,290.07454643235786,723.7824853950584,505.53467112296335
39.08492357189208,241.1483082548623,195.75433764514386,468.3590334142984
355.23305628888653,220.27805100438403,359.62453629794106,235.39600491261962
266.0309004096949,287.8591337206253,323.38049049928287,411.188670795408
336.80457839793115,138.0243096689389,401.1293106610161,150.6972153604581
158.78716282530573,192.16227246854805,158.79048490944768,196.62056211821212
32.59026162796252,248.24970318406167,74.94959198776802,349.4070992421461
34.093620859166315,354.7222272981135,317.8282956990668,423.06788305551817
181.0804342779481,83.61900080636285,291.85644536195457,123.31377286113481
576.4855774428758,157.57137611553821,579.8329540408005,218.4147991919582
361.5460924518307,162.9970605722682,529.659860102444,255.7366102370436
295.45391478639425,245.30021046471057,388.54903560101445,396.3617345860517
27.346634632711417,112.23922806913991,152.12829043975418,195.9910981282145
334.80083090797126,99.67818842699631,483.98232401962287,413.5701248625763
629.9697459388537,131.14341587635766,660.4708520091227,216.97152321495497
265.325264300199,221.5382816459566,272.9893137688673,447.46714481414136
220.4852475253125,276.81501078567186,283.50584391017486,297.5972587369873
28.34006883488616,242.99584546089295,143.38256556834205,290.01528141673435
295.6250255473829,325.79622678226974,518.827576266659,328.2783068607228
840.6283645859811,327.6839299177294,845.8355063419873,361.21126936130315
59.02606741488782,261.2164742456807,817.501373034274,262.65454446383285
181.59926290775985,249.36287873247164,239.31288223894086,293.50774171242006
184.55196904089004,315.03189656458505,276.0129458620738,466.8220549052203
314.86258148799294,251.48338691725758,472.78987567252767,280.678703005612
164.8084110330878,511.3270091007074,375.9490133146162,524.4093721446473
440.14365093597485,141.45410495311373,648.6818953269258,248.83483184041512
22.774305305240294,226.0851992976693,167.10677982002412,228.5713572192814
27.65479453141486,401.1457829236829,34.15140927919668,401.88413358855263
38.14452504295246,217.29527584450207,189.93562647569684,311.4023971093364
190.19040070854,289.4214457678005,343.8795948472817,290.52139656637706
525.0257010883354,193.45144471761486,576.4162131200018,358.1191404029005
476.1017225646327,160.80585513023888,630.1388832873871,306.0245317543606
516.8512526345357,215.5090394197672,606.519997544635,286.44724892200173
82.794171616417,332.26560206548083,325.28704081893267,456.0840212589105
279.68015506034146,386.6479538985184,412.4282146276552,411.22381327739464
258.1848650968632,122.08895926777315,331.94139020689425,234.47083704302764
268.439657440279,65.99392168849448,302.5233899623464,294.51072194994725
76.51963456381212,98.31941738008803,124.62058918241794,262.0057287820092
28.154503701046917,227.63051275510588,176.2480438782551,426.56984443591824
43.86154925241415,276.6290202182699,538.9360543425418,290.18904466647405
13.205143050863722,203.5152076081052,121.55232175650359,244.99750772002056
69.76352857354074,193.24376375562068,205.50745459704748,226.19923736239284
33.6346910748051,167.30194309004958,33.7410998941211,330.50419790800646
43.844876559559026,359.97869862316213,198.6290729403741,669.7221735867263
21.632707233124833,230.17576900640753,72.64212828403612,379.3812613281417
57.48952576501429,39.362956476930734,204.9896998534433,189.98006506486192
57.43264934434431,289.52285377187917,159.85260543238235,454.77829734069064
459.6093225082778,105.7162003015581,524.6070159318787,241.6021828757223
263.39131851547285,543.2426672723819,276.1619852633231,605.4832696889233
277.7484280422924,85.25103556957852,365.6699854674156,234.79828610309877
247.1471385154025,76.39790940060911,420.6974789796467,230.4532818316241
25.60418421451582,137.2230849380571,142.7838710359076,448.7808980707993
232.5585242866206,85.18706564494775,242.3085427116902,234.18776243656072
30.88591025835715,300.5653385497276,173.3347058193449,378.40268596803014
292.9781707564888,213.88036321909337,409.996648448131,275.9348228336406
214.41302853384514,275.82704392798547,344.08333183417034,348.17767733046617
17.09164670840349,210.22682661262127,104.2982808000463,219.8968694605474
274.7982782579184,182.1261261720727,312.7774873332546,474.2038261545715
56.484480210838754,118.46114453964928,100.99471238847372,168.10767020639443
166.71981801086355,517.3566516316561,407.61942276338783,576.571546942647
10.796987740734389,146.29371664489656,233.44672162409532,317.29639710991745
135.84563608548686,157.80980881705057,274.12495167604175,217.51341977458299
18.532682771917873,94.90641527941087,211.57659154126264,181.53146605422398
18.409287354214364,127.8701198657093,256.88899461300304,143.12835111985672
54.02809773631776,199.1708284216662,97.67531214757823,231.9673130904346
318.87872228312597,183.9195556952153,343.4588224660309,299.6816365658451
702.674724311117,267.5633758509176,705.4368165201358,310.7759716318317
689.5318173334854,148.249387812023,711.1339189943174,174.96630556866293
587.3609562285218,51.05531207106872,628.9081319097528,291.6253398385049
226.18423221172526,621.1919631819434,260.1371942645222,757.1588747260464
85.18119133610365,165.7054353418993,499.44858301202714,166.93267675867963
25.4437692401583,54.21280746648436,136.33599608058745,173.0087824735585
503.60036210211103,232.75052037365006,688.7129347672899,244.69473726936016
158.3397088287458,378.23723778340764,403.33960408463224,382.78699284505205
336.9223350386787,221.76601837090206,383.1329495738573,463.3181041986103
30.331816289059272,502.01498504233354,46.94974013853484,519.174647985006
660.4747321421232,190.18853817749152,707.1248299167677,332.0006917028794
241.0440462568638,193.9897660990416,298.11436863347274,227.75963311780885
38.48412993353767,245.2973650594465,155.14572933733075,398.9191961554937
498.1503892436872,119.95376558878236,618.8370978995749,191.70768407931462
371.38484117152973,38.28509391546222,451.1611904507513,163.28425659402436
573.443674760702,221.3274635963687,697.7987632097274,320.6194815019428
120.34757819890635,317.9608124320134,144.54426026445293,429.8560496102356
26.397466984785332,99.05904874044364,315.09454990446386,261.9165207181212
144.46825007543663,487.6001570161612,259.69378272558333,645.5920798578412
264.5784628077928,381.15830636898244,289.37678083090276,535.1065110048883
7.860915352606351,98.45639468668143,127.69638786502793,263.3556823367169
164.67904417013426,182.55553593927186,1055.3232724964128,241.40061015323732
232.5477456900931,189.53939220784412,533.2686436991908,277.8977301008945
35.0097367671832,359.7555521657128,308.25526805381804,412.2125093568008
249.5932653670817,145.01045197983328,322.5599172264999,164.4527758270816
103.14114399791033,41.3129880244898,332.9294067896214,331.82784371975794
169.28666147048193,275.30803349630247,327.4728859217827,320.28679157599515
287.3606046903318,214.3407549560754,453.03609904658094,260.8992021437132
32.26092866809694,288.53337948077075,89.5469084033481,302.41053102021044
259.4422329359058,160.8984362248665,272.2993884697036,256.4928378847292
65.50432022814957,134.0134499078661,123.41570557112074,167.1104771901442
442.78573523979423,189.4856200648758,575.0597712774697,215.53891091539535
163.7884946453815,95.37964443712563,264.56357627794904,114.6562390369981
181.31861582524195,546.1059420522134,316.25877399768683,564.2758784304111
76.61808901346696,334.6438984626124,349.1168305779053,412.21734485584045
339.83844412723175,282.3497171360479,482.589933791097,299.2356106989413
119.9119305987769,255.42931016420442,120.01758198673399,293.9070472920498
158.47046161393067,505.1211783223293,215.11154989551358,576.6710851155417
259.75527249640453,363.2229010259059,267.4521731756175,381.9915172655565
80.10649471410252,88.54114578302135,129.51760702846678,223.00648388102263
361.3399739081355,28.83443699215468,368.0577335109275,79.82383875655643
324.73649505825585,181.6270041157188,448.4256897558745,203.67204129941172
16.778803620354562,200.72336440797315,37.35143105141227,422.01201002841555
111.00042590529985,83.19085080699499,142.13962056634983,210.88000516995396
291.35699911631053,234.99388156514357,308.2689222874391,262.9361567618813
95.82404570271409,291.07203015374654,243.19257549424867,307.11958601067886
694.3220992380567,45.65402974244366,862.6373708143393,110.62887697231919
231.03492179889074,31.681777810601456,306.5935062795384,183.95620928266604
30.782991086818537,122.68074287009674,38.03542176032938,259.0303486848189
29.876349097612213,233.45924872806407,74.05750938436637,353.6435505127721
317.13550767899744,86.06445171696046,418.34042997069815,88.42578370804317
61.155408758473556,128.2179497393715,84.2806783657519,303.5929772927738
350.0247882133561,89.49052200603609,572.6545578954926,323.7292103289581
73.06008054174787,219.8676001190851,126.83958146623633,254.30219380714453
33.52962275682751,43.57360940515828,50.91952455947145,47.665680901463006
248.89313661343368,185.4963251006084,445.1156578070221,193.0867177330038
99.45362093042242,437.2311384039314,136.00596342841533,441.7584130972291
25.30242193093483,277.5205855481767,63.50741355036522,338.7050743593518
109.82111500417552,155.9315698348193,317.59435653136995,162.83094716859833
270.3784395062509,55.073541836452286,455.1528054416984,211.7496172145443
233.52747758477568,211.02399712171464,508.48129810715955,262.3150618872708
72.10753177692413,180.3131722366512,75.31274047094763,568.4248129634481
336.09258183642817,124.71231071774679,434.557255967278,257.35947804136384
26.857497111933544,350.8482441926069,323.0943500638642,365.8631889726943
535.2770972670727,445.96393156582025,638.1087973897281,459.3605681617682
136.8656284122361,375.9807504900717,176.93055252316205,444.18298409704346
212.36477039082266,163.53475724962854,227.49688784438035,164.0976762991391
253.86307568372087,165.31886562327367,282.6607861588619,259.98361203298424
6.243150082459889,117.49796058981882,173.83080495991717,324.47687831260185
18.115637106423993,183.5076647156757,186.45199225643864,232.44526011598384
35.650813587463865,185.95915794679098,85.08202537088863,267.84212210315724
142.73875283157204,244.95809737688364,261.8767403584042,465.03429487696405
56.25371982764666,177.90252727363202,221.74765182369595,224.75542671373725
73.18436804182551,210.31760448373288,107.11633717261341,315.1913647099537
81.65316823264381,81.16780435153882,309.4206655443576,82.95778575317861
152.99663675754488,381.78664537296146,372.77781011003026,455.62661179092055
447.7195219941081,177.09596548793914,920.6627205286782,363.2386454057315
56.8207006112708,79.39221659651277,198.4479715438058,496.41455740993376
369.9676034070379,49.37694469553128,611.71482016413,234.93952793987563
381.32843216085064,278.3518118051076,928.277048719151,304.97031862496215
328.79579670897357,128.89902211620682,462.70763247444296,158.975661407158
15.332289713826764,234.19279935380246,141.95390691851048,349.2171189078863
575.527952100005,215.9672042567004,604.0720272510537,226.53894910017306
580.2864514731589,198.56361586033083,916.7050912612713,220.63244809687586
10.181470968712514,191.8298529511779,233.77197980043573,244.83307357329207
416.4407265241562,194.22974192336423,447.51365250066135,438.00211263125857
163.12620610794653,194.04960046268016,371.583485077514,203.99277641501052
58.230454188204014,103.15231980202292,171.50928923841505,274.9964933500115
139.04779380056843,232.48067750079798,141.01399404547,240.06472096109027
282.54847130092537,141.1052543817941,371.53231296663284,199.78843971489073
121.14154554950082,255.18723068443327,189.4785620715032,327.37924230149474
88.93419140414068,320.78207858763625,128.2770381125782,363.19531158470255
116.17843708984545,122.46744883868871,306.3055066665876,438.46501375493335
23.604031458693967,47.450444524058035,206.4374517827945,80.3912547649989
40.53024942035828,197.01172942566683,48.951557558508625,272.9403454390742
60.480040564956106,320.03486002662737,101.68195350126899,367.75895487139707
33.656447063984345,335.52396666719756,292.9211357721637,425.7162688125248
21.5287301754973,321.17221613829537,147.8111860468171,550.5810087501246
299.759827229627,234.65724440985525,463.99145811305533,285.7611908003158
26.107694513391795,136.27280524133607,101.35812625962424,338.8587670985554
169.9226541386875,163.21657663361623,455.3948572017478,356.4489839981841
268.504239463936,165.4069185085907,293.2601131471398,322.5571903773182
91.11283968881088,271.1480986109633,125.33416778903224,298.7092899305897
122.45887405718642,197.22488349139533,309.56043579267174,224.20732032762476
526.3167797854749,277.9104009841865,538.3424587995343,329.62271517485215
582.7023511190093,389.02470762085676,697.9055591742044,422.3568291727876
159.6589839144732,145.49487788502694,168.18716617655733,187.2133263067449
151.37628116156384,140.87910198806333,157.53570691931714,258.05812708574575
228.17090999072005,325.55354735259954,294.4248243001978,412.97377834708016
19.640106364330265,271.4240551929543,307.08484681470674,336.7298930108216
513.9927269811776,206.0462241497581,542.7065392357841,214.70402293959353
30.00239780523199,328.678025828559,210.53566171493105,387.0310366595971
178.3371297211101,44.587936530030476,254.52529430793828,321.87612767195213
420.1430548425319,149.27278508659992,472.2608017637844,166.16204509203448
16.110158012290817,320.2693215077041,156.83369925888113,489.38569432201507
122.44576557310674,164.19342297187524,153.81553608968972,290.4159296135977
17.395646632418575,108.24948962303506,69.24026890285529,178.4312252456177
200.9837039552926,32.77034340629238,270.89236167600217,119.7941393804385
44.47850239584226,170.99377482438766,291.3353109395956,221.3248879708062
299.4311830775364,406.83854125055524,392.03498323022126,428.17198680303494
269.64003318421516,310.7152485828339,375.92243700462376,385.19489666652754
15.695321990709132,101.39980273136432,76.37172856808348,108.57850575606874
236.09956101206458,300.379737892856,506.3229475211426,310.70178471848845
204.30600136625608,148.73592033158764,248.2487905983966,215.67284044039644
160.98111676137157,211.3855205343091,191.36760622347936,230.1948465477255
22.57815957359746,275.51409814622804,298.9551501324322,305.4796695794691
55.514606756674596,302.42874381297503,310.8077398004731,327.1035639085437
444.28661537974835,197.7458238239847,599.5404160209134,264.1526214843216
35.22545472317403,388.6572167089383,125.64750505220468,601.0937434733581
1028.740221741006,28.635248685596128,1136.060911978193,312.3831387740012
207.06323652557708,144.91906642878553,476.0222640957719,208.2231844484571
29.197836497496567,107.2217622289944,146.20227048722197,225.20036491429394
199.8279466138757,368.6542599846721,563.1328967091124,449.0297310279524
174.24679143965545,174.02836292254938,423.8723631683238,187.5355221563436
196.30693048689997,107.66287846592083,211.43959696229822,335.25597633883376
303.73652825974693,174.90623377805858,368.17382483190687,198.47039732204954
81.79521394342913,189.3443845976666,231.1943443702952,383.57178741714193
130.90665258158245,277.26159397920145,1033.6590579966705,295.0395591135453
207.82424127330825,159.22303079429773,212.65644195425713,160.45732882769138
174.06806030909502,459.9458142637904,183.59492408074647,497.7531686107453
72.53164674085869,106.09208973179813,128.78928363659014,189.0094554724122
265.79896325303883,131.3013440591349,302.7395334080652,221.1622559293867
63.91537251085588,91.39429730290409,202.10069584377328,136.01401701333316
270.28436091620654,221.05831118148149,350.9230418685852,309.7633063636252
321.56938293514105,134.77834845321922,338.44528264154377,277.2961045837693
12.101259901337803,197.40842476208738,236.47327121193985,229.41959849194456
156.9750143330078,416.58996890963294,196.02554535631998,457.9093936130815
52.88038411835257,156.28082100916947,451.9983289513607,195.04094728290553
110.63067886306418,181.70048559725086,120.31502130041946,473.6233217599855
302.89629005289464,383.5115400691451,368.99901743085195,435.6855875254842
273.21654161661814,96.859312183488,286.8742697458624,275.82536765165463
128.9714864043844,307.67920115228003,261.3566453467917,340.4443732010912
139.01383470233392,394.8481014494826,224.4524493908801,505.80151804712324
372.4064575383377,250.89537813641275,490.00743835122995,400.0614042978543
18.976395221397592,348.05682606615557,33.99621175128854,400.7703813560144
70.62648134602807,145.4826507143703,78.06082163492155,260.75025318968727
293.3148971074516,202.52724043099303,381.59606854228434,281.1962725643499
149.05252858474475,239.43701418055016,796.6925229762065,382.8579375667858
179.09316967489713,287.877874539598,210.15020451569538,347.22636603051114
107.74345672268146,231.5998909850138,138.69609514422598,240.20404600159887
201.29615676720223,299.18217278581807,343.6642802633205,308.0825005708764
204.24851348007743,405.49671883096215,298.0444828404462,502.7547004259447
12.031239001305174,119.77319465452507,70.60570261922629,133.62112820446768
451.07149742573523,183.5717699140581,533.5846914312523,296.421681705761
8.29007712293784,177.14791151686816,429.5082904925442,243.21354295926952
105.77702730843563,43.12547288227278,359.57303833585263,259.9797191645785
431.84169422768787,153.84546981060478,663.3600153674003,162.60988162596803
558.9612449940026,363.94004835265065,640.0740071836427,540.8524489524592
18.10369830830185,233.2939197835383,192.27406486551448,263.0199543749694
99.37173028530114,448.5994556182016,208.25512702862736,450.2139643521097
144.81250883683367,358.71685887823577,483.98921778469463,412.3412186795856
21.546007496731075,259.4502159756335,28.401875416188947,266.56489406521905
694.6362618403812,97.89171851552354,857.0632948072615,162.6325460031509
683.9758269612507,140.96629839877835,903.956530725851,304.6880543735021
216.5555139734599,228.7067480757717,334.68666470701686,323.14622950009976
294.06655777782345,222.28570169365884,344.54697775086106,368.7942216464244
38.49378016294831,75.77636210324168,401.7421746702832,177.457124859518
358.47610040954015,287.9270699811455,563.3067182317143,410.5761353653934
23.85875204244779,102.47509598282493,49.87106730456012,143.47238887074954
236.3090447463891,206.5555429513958,364.6266457843815,409.1788781028168
72.65730136683786,281.4613525773395,217.76546053316326,294.756634758481
32.796349311394216,157.2404657860522,335.240653720119,490.3203565792239
239.44557230114407,206.727152521165,300.5103529760692,224.1276623059808
208.19696129391036,276.6624067883231,301.4086625617716,291.9370542085245
17.05289466671517,120.76766633223544,269.9703448482579,135.2070259263432
354.91132525749134,196.68684130702536,361.47240334003595,273.88266619899804
334.47993522825686,152.6015387666907,513.6161953851023,224.77281024447194
178.90912826247026,328.6953358154151,245.64805663283292,344.0183655538737
292.8380768540284,304.60828623061144,362.351955470686,335.9059038295045
189.8684069010142,260.97945705561597,335.7883479227968,303.7312568349638
25.657721914962682,136.7706400695536,33.29667419529006,358.92202963077017
265.5299963352761,303.04525500172304,477.00644955483733,306.0237984432815
96.2191842386719,398.62377730973697,117.86370598473293,444.77367659747574
33.13503415434296,251.90542391614665,76.2803018362857,269.57472806594564
42.074282516783654,85.35615896626156,151.66751217888898,223.77138839228996
152.9476656714007,126.2041938406493,192.1591420609907,184.3116353341654
358.45453579403534,226.6390605218884,374.7937382434857,458.45193200809445
23.100572059142028,168.09605268301004,209.32932110290653,216.763372120351
299.86812343671403,171.83548872000887,325.8730921286728,301.61189988961974
305.23821496408164,311.7245686213523,418.64581875440194,388.1479120294467
170.5382635043726,275.8172014661968,212.68439435838005,357.68292264137455
13.930626545570831,122.86216741145999,110.38665365734788,187.72866862976932
385.20987481922754,83.5308915282703,460.4234099330739,187.8265441927566
302.7847123274561,90.41243275020844,321.29425393903404,172.75760175473525
375.1655247575436,6.192747730560207,491.6029752032389,183.34269835792628
361.67739883688307,17.172241626384942,875.4731226005347,400.38538074668327
575.3194060220862,228.0277436798196,594.6413827485608,496.4259030196192
32.08975138204733,59.79188413002775,142.58549517624144,247.91198523034097
50.20597264896147,75.78763492927098,163.1865767643266,104.29941159789595
30.920350374943556,129.69867299276368,236.25181521334218,186.54749440610237
61.23643020555042,50.24343359211783,263.08232454858717,156.2507782218485
61.95087880761344,278.8117595055023,160.84411720878393,400.95491482016166
327.87820688735627,44.297947405679615,332.0597245449497,252.68579224239082
365.7305335923907,37.30885320237203,609.2292519617079,80.51663389232061
18.385592104312014,228.81689652430256,125.35781305723951,346.33293781694533
187.40796129297541,173.45146424621387,605.2632799034036,224.85202494218487
25.203645073285333,280.5563236084671,147.04622732776625,289.27672176305134
29.033759669699084,397.0222829567581,154.91002057911297,404.990898978682
41.63486988007099,130.76035487452128,316.2748169952166,158.69048090163128
25.431414917106576,25.99236762734447,120.67677111510048,226.10549548007788
550.7656780744205,200.39090619437215,594.507131673007,275.8491520544544
14.58034154856168,80.89442283617328,111.85280790629994,258.3688061968103
539.4946189914104,269.4423475189745,726.5372181286186,428.2956311570216
621.0237385394659,240.84185352391071,628.9382811889104,289.61639285221395
28.016504555452734,162.46333492032605,381.56122853678994,207.7492586908733
339.8289820975978,281.39532291541724,621.4085252329965,284.48536229896604
100.52133398200361,133.7362607396312,138.32309714074395,148.09649427797208
440.6105036092348,441.85466148438377,490.1865153001107,467.8176110910346
36.98417314473204,310.83100185870546,148.7121036002548,343.24278988414295
218.4684925694471,311.0154442405788,547.6287052697107,366.0990430883557
22.185572560700056,99.95597112076429,41.392192900813306,213.46924713654727
82.56117586419617,353.4615876876026,167.00914400082266,381.36472947353394
317.93493345493425,64.35277965701972,325.48067755316146,81.86935808545992
66.91270123267518,468.69145624142163,69.08009684811923,599.1291812988328
179.55404376613185,105.35231027095551,406.01516636872947,149.9391329429423
45.70589261436026,190.19166377988262,78.0296811146453,317.1681134337018
270.0515808746341,65.30324197866813,314.6476046269569,167.24612426178544
230.84949936888196,91.5785163944876,314.399621809258,157.2591895925124
346.06984796185196,186.63363620779188,360.95683978288406,275.03132640761976
113.15903806094121,403.123218963567,121.18782577346384,447.3235596617115
250.8368917691214,42.76515726732164,292.20131650758725,277.8136901649016
454.73886772019705,105.06692256241679,814.0893805148078,324.26079873922197
236.21844174622558,41.207170492950056,253.27886049741224,101.7991146724278
197.14375183160863,309.6860123520629,291.60306660896777,432.1253381443506
72.39148524940632,96.12074077064584,108.23963920838474,146.4159741633409
287.1837271252613,185.36473941627025,292.4770301546986,212.19925248294146
25.552189273753605,550.5818314812569,149.31227528835552,677.6363056754653
193.93143897009273,116.51465009773646,207.13389892352703,149.37033746523068
467.09922361660284,261.23694403353767,489.6091920238392,326.5848324670878
426.8618925904819,164.43982688437978,475.15870537704905,191.67651158671828
60.7819384295665,112.78200907939741,95.9236584315907,240.80980461459265
17.88087825704486,76.40551526434098,203.06269807658234,208.27071656650503
341.35253172260207,191.36219622878622,379.5999701617403,282.313102499895
24.49626338869059,235.39276842015977,65.3317833802556,241.4774631422567
544.6894677508254,363.1620056177831,659.9260516427964,620.3626134916487
715.8717963315113,307.22553238022476,828.1272385843206,631.6475991360784
109.7882649835118,110.9959493725684,176.11641922209986,127.12705047757089
427.4823706569426,99.00656733510729,491.4146568336571,269.25489440592776
15.85294929251014,192.28133486774925,369.15646784520476,277.81979046355343
249.136000666058,42.10928471042859,357.871481148147,317.4442907123257
13.397037718627466,228.1836310206645,118.40573463441402,282.48782699653736
81.56171592805204,222.03254069165342,235.56307710646576,288.7172995262664
36.25306986609183,118.1307505206468,215.1459682896488,388.81220629565166
24.854028272573746,253.82712455119918,173.25440731979367,404.7452269793251
262.63693528420646,152.55120090861985,282.6834906871055,263.03037606819066
69.09504434409332,101.71899461584158,222.87023077298943,134.48694960238498
427.6560144584831,72.4809973291296,507.61463695811534,313.59089291801126
380.00460317506935,364.65445640369165,452.4317452385321,410.78448231922766
12.865129579862085,117.22467723196611,39.20246380385392,234.55014845705307
482.6815233600786,255.1968425425528,549.4918387976663,355.5806246843298
258.9913562058019,131.07766302916104,283.00632921233125,185.40779225787696
116.45549983922807,172.07555735726618,183.8851176489759,214.45148873325132
261.35910578145683,286.44588009285076,440.64584700621907,364.3676369531692
135.50881363868595,166.9783744220578,459.67320542752805,251.4791946855037
398.693891610152,83.61406391492504,552.705275389423,93.09496399080238
39.82955900544894,96.02763188704738,988.6083584566812,165.95886292238737
185.50868149463633,185.8730179930536,309.3637513766421,259.5151558718565
234.64948233462326,295.79977984551704,316.03047925823444,445.8426289729462
23.381733506567873,163.15989993030985,207.05594756895653,393.3313868361492
47.305075201361205,115.96785796211998,169.72623356921304,183.27801976718843
51.19739880258921,218.51404961219657,73.14924323669044,271.6543321184632
232.35404891311404,3.629007851760322,389.8165786839878,164.42747575695125
357.9005390671677,209.33791712252312,719.2635933946465,297.00934387820445
19.783018885714334,108.52968243538831,308.52128035170233,245.06225522320872
167.71699411875363,442.55790134527166,368.30363468843154,543.0545871306697
34.27433075516973,101.70332990586492,39.9716595740684,164.96378339428674
54.57581476007143,95.96546700417954,78.37943819059728,260.09118685294027
37.601363791425406,163.9992403126538,57.87909684225178,245.59137745914512
465.93384698597566,346.17835603249557,528.0792433977784,394.94651040712847
78.33148024017298,201.05519715537162,222.92686489682077,209.48880179286735
10.623842082848416,234.54070321087397,113.24547528087764,438.9106321324796
166.56345815186793,382.8694198511325,231.32739193994465,504.11957605597075
216.39114933871122,223.33110820410866,592.8893892951601,311.5952842394894
22.04892793086951,292.198339399615,163.20186756820993,294.2866423996271
323.3532532105941,206.55221527224126,599.6295841981864,401.0076237400409
675.8496370723313,148.21600108984143,688.617733663525,151.7106691748493
40.33954033530197,361.61275315307364,227.27232648436427,513.7490573377182
19.435605865245858,255.7566039688601,422.19534063500305,314.48129451306716
42.02878286570103,65.54141916578075,218.85334087031887,151.59814989870162
249.6268193319492,161.3949927248399,302.19968194081895,325.25525189850663
320.5267924232111,291.87386657595295,412.6681372206714,307.4718228584587
16.81720506676499,109.97934456701171,173.11767963475913,207.94979269820578
311.764264105759,159.45682466838872,332.0109880922582,323.4869566572323
223.58188765712657,150.72698184991413,296.72936946434857,177.71019174931536
281.9823899271732,316.6434794286194,541.5409588147846,380.690616453387
71.46982186302718,252.696888506103,140.4455339760105,298.6868467475802
47.361924153377494,303.37777866027415,134.14763374878248,312.55522819857026
97.41548544281159,201.91789353287768,161.9925668129276,264.2589385462627
442.0937727070839,169.88037352980518,488.5578893999226,170.75608449213544
99.60739320910186,128.88312785269525,263.67748274230047,369.33447776625144
32.25567586017693,292.90495481272967,142.82523576997352,399.6088108220329
266.38448448447605,210.38739596698264,297.73656517798895,415.44497996831564
118.71900277517798,156.14567195635638,295.1122855400757,320.02629147740964
12.745142286789793,172.42232073930757,70.33215996133067,218.33574122266967
135.8326826643902,142.71265634577358,267.66083566477937,222.48309938219435
348.7587744834121,169.5820092338801,551.0503164704668,304.0016081018928
630.5298069371854,287.842380652683,747.1245014518721,349.73240259607434
274.219532718199,131.34236783313673,423.26786540119434,136.65823908700864
335.89324983131,67.0449893433886,440.8020721733386,432.28723508233475
452.73204563509785,378.837213412925,471.8755104373326,454.72691435614763
31.170497740320084,111.22500970760812,58.350913348229994,167.2500681526888
499.69267990265075,223.52117965759123,543.3447419692161,225.14305679053567
359.85797750053024,51.63144361635714,413.47948654360664,119.06567493226966
237.51762987853664,99.65922518559111,251.38969114759388,401.7339712314762
38.715364811732485,455.8596530819031,189.00471245299238,466.7304197828111
253.97716835728238,218.8818610935121,272.86873269293505,253.61885931198043
510.8736070546368,78.88316520483713,624.1631324894952,125.02062838209042
528.820783358608,226.56860115335425,892.1153529325404,324.72764096522127
552.0903752922486,89.6153616267732,966.3066458689842,230.3115043165362
18.678221531002528,259.50916537728443,616.6686259829742,311.7912721011044
465.8282974439565,102.72554795704684,659.4548679196674,276.15884285338245
362.6471382284074,412.8101307179114,468.5726570331296,466.0298526960445
137.5087898611404,252.95355684190312,430.5814758174172,402.4978556765268
39.688048304470065,216.08115888056932,174.17199263308476,246.53454965552174
219.496205893238,344.4803043925573,348.72547791325053,395.3551713177632
72.8704092144941,181.7115095368977,382.9034967881005,204.63845079470028
288.8350111551695,113.41695832560042,618.2495467619351,320.93553123140606
32.263934256196286,256.1110980341681,464.3280070650339,376.696609034765
165.76883331558787,87.39139790977197,280.31214337532117,205.3840238363578
396.2153509332035,175.4248890298568,787.3449059720972,175.90834336764829
15.170673514877878,459.3965016702986,368.55378585281187,474.2286421451663
30.784430335283066,24.095363260899692,479.94184224152735,313.4263310277478
21.038319880448636,260.77625628670853,227.48968549924854,472.21031391576855
139.9973670312245,80.11210426575326,262.2686487456602,108.63752473273648
217.42820911734498,286.83482834136,221.4583821070074,420.42041631234446
98.49543878960608,212.66332562460244,364.525095363415,342.96155255239165
38.96354987863246,249.951305403772,434.9915940057966,334.3238305612197
147.31935580764016,38.51845794346915,206.2596202911973,161.2343356876953
321.4420139559501,213.11570349622798,367.1004667683748,229.20316603608615
127.83369950199858,203.85988324719307,301.29384345922693,246.3858454449775
137.1245037001663,195.11343565804268,144.2350657744181,415.6947989167458
256.88247175854826,333.1010711716725,277.09200449153076,367.2380138215991
26.2822302048124,279.7239043751347,557.7906964808915,338.1313110095094
17.78076861475154,161.53397283407972,309.86839990684035,162.43970227987523
169.6761489381098,133.27902605489348,201.809579571698,441.4183546988369
32.273635306263074,374.9570691724565,166.33082354065155,416.19250885529704
179.12256614422802,184.77104485258064,263.25492710776314,306.41108334687715
356.5278861820865,153.01119920506744,458.7815862322766,232.63550513890954
251.88209091759632,148.90143187937258,717.4954878790244,158.75791237584295
473.07574323345915,115.3023353717347,485.34233827308077,294.16914286899885
35.61205099791108,349.99516232669816,94.35151709620891,386.9084605264594
704.8023234429988,201.78553539418186,832.8509220835878,337.43289169449815
547.0126627549049,170.24053849015462,662.5861282677716,256.0775470292314
235.50144065671847,38.0442069775888,335.5358245080592,75.16704540318304
224.09000159887924,186.69893220963095,278.1688585253118,309.76154379325396
188.8129451420609,123.27150424418006,328.25449801522973,228.42354188556163
130.74832564263298,313.8739938897579,185.29527106127458,384.6812930759549
33.778155461090385,229.69840614505804,223.860528544787,308.3349493920106
48.798663940674984,337.84912610931235,335.5035441337851,411.55773220460304
483.86627376425025,158.50399538712153,507.354126415797,169.1401221403362
31.761826731565765,296.9342953100509,116.51729455322521,552.1927300702987
88.49864362305895,38.316643867002504,184.80511362473908,206.9567720906036
128.02418145127214,16.9908316250104,211.1711988285128,290.63840022602494
36.277980336615556,88.66529571472815,79.99128526100468,286.09377930681495
332.6019724942999,437.70582654275347,367.0549916494935,489.9764558332061
134.03968568583613,190.89714510374242,147.70912188813597,385.2120131403249
57.98779574697413,418.1991904123225,334.2036463196129,531.8199141388637
20.320344309246433,270.5520568366873,139.57751352626406,292.36124937799053
263.0373331752611,231.3673741446077,300.7010993893842,352.6235216583121
505.49791528568716,316.7218237257274,605.2444779107112,408.8114292352421
366.45093143405984,225.82170845232807,483.89617968869453,354.9631877643201
13.502529365244571,156.0358846504136,58.53986082962284,171.11947706790454
277.51174727576694,166.88176832458814,278.9105340596181,220.51052665898948
25.24607318713735,398.0543971311009,100.97565306611028,450.48602471655045
84.80173996202412,314.5280813736175,180.62954027911127,316.6944279756088
422.5824055008155,258.4605699754859,749.0434386099251,607.7528230831705
335.2972157356259,202.3758008082754,414.7243262577651,212.54411186961164
345.21979358139833,394.6381033623989,435.57693459596504,420.2159244970932
96.05783767567203,114.95803931512997,257.9003755249021,202.68388373565512
199.28345476125915,238.31096614936845,491.4701465606025,238.8500590548394
28.374741814028262,69.99755696255187,368.4926447307186,200.74629415173288
21.69574531042154,154.88045235146245,336.3918776528057,239.12604630956943
34.43610172343049,121.16855624083176,144.71388844823917,271.45326913334026
20.29056650425787,311.8175859712937,47.22426713839018,402.3844580037769
440.9540535711665,114.57462672040779,447.70039293581925,359.7265109931386
39.48595520891797,119.68889678049126,141.86476846707282,205.0899561494972
101.31938299902572,63.28492961682645,337.7883148181293,143.86090696288034
307.0151573867546,254.46890129169898,394.64203431327354,384.6154586766762
160.11055762943664,371.91806959283844,225.76048431901376,477.3134599070513
21.907070194134274,68.62447640007636,320.3772304212008,129.730656595985
11.874966306380282,366.12805343912794,206.8332617410595,407.9097882152832
77.39014560678412,167.63614281255147,138.61269521960614,243.97060372867057
222.8329165339041,168.46282369180182,300.1781938573479,183.5019560504998
118.7307862943666,334.2871006564596,123.50948920920409,410.09820867509444
50.417992200016684,233.86444888122872,422.0905915071593,444.9347636781923
126.70050611538873,85.7936969209599,181.0560199865118,312.2188022059719
22.830123179903325,238.0958759325638,327.0517881910757,290.3525848251673
137.99878899862304,91.7269040388142,213.95476705218914,362.1799052345489
290.29468314602104,114.99529815094151,314.9573391613687,131.10818162504466
85.1818509975501,332.0998857952475,101.90676597968903,388.0323577461683
290.77810761341874,27.163229204424606,323.50259845285626,389.3309115731184
23.363528469734398,97.45952016884095,45.874098938346556,190.36330971601697
752.6810365613208,199.85501027086062,931.746319462624,420.38442801497473
122.39689725730464,269.95073485166796,288.12512320392324,301.81544231179436
488.3914874311513,208.41581785804823,1268.2600862250792,509.50604724869623
338.9458595671679,17.034544008365298,342.52907289780154,307.0136905361876
236.8132785237773,269.8024720796269,247.06961177643728,354.65881084752834
276.19979769723113,151.34551679556824,360.2551691439076,409.4514334106654
198.015838677335,111.30624911147287,427.78830446885286,257.9140057964783
155.10008476584645,277.24003495665244,322.55025089538367,292.73857477510967
597.2932126295666,46.894653704186766,613.4831112055969,129.32895042943557
35.541339038409674,253.75003512745556,177.25540376582077,505.8003638413565
157.89450907755295,140.69374314133645,307.06123868314035,531.5194028547761
175.35926438497012,510.64095364151814,547.89086856967,527.9301852005183
58.44509901795795,202.42166239704767,341.9950354051135,248.00920004116392
336.8139860383656,157.55860465532885,361.77289380257963,282.96876027313186
49.373374877334605,121.68583867461066,102.99289345359391,250.6548623194988
201.96086804940637,56.37896620845791,230.7743679598719,81.90973022128395
115.59303188597217,181.76914770041836,238.0168526590844,261.15090965484364
69.42120352133452,64.2707361692123,143.85288136535047,125.33519347922542
171.61102490993454,232.780755107392,172.8965725936562,242.2914303686231
13.000839317214297,283.1075428017818,182.11070671383806,317.4764167505161
21.997220173207783,124.61792384132158,282.09208959448193,424.7459205159663
250.39567051949402,235.43590206083613,515.9860498275889,241.30003964964936
420.4540355311127,275.34598418979056,575.9333218707364,324.06504437577667
105.27505312133934,147.1523924902541,156.4235011093197,372.3359581521781
87.78527530075377,230.8357285202121,113.1767551611543,420.0450522275567
77.81449753685233,152.22029694900053,300.0149986792552,290.5414116990146
724.9515883252382,42.435119880780725,808.8062196228861,204.21796667928223
141.6842122521694,218.95628000290506,152.84989820101578,264.3553641419984
189.5524586884235,381.80209414164034,436.5842183265986,402.2373259950225
79.41446594259321,134.07274752371274,169.0690176303527,354.86990780973235
165.32647098595106,137.26974382016004,215.35247147404144,146.20154481399692
191.4154888640655,344.07765563310534,195.53058010545178,390.8788651277698
136.48615607519437,147.58615186744362,167.86797263328327,153.1383262520915
131.39355381976216,252.02614757305122,204.48340509943586,381.73287666981355
339.5982121878959,176.5408075862,381.6144771767354,201.99002467946352
227.1885996774466,150.83181980164295,306.67259945433875,256.97378962107865
122.1389049541197,88.90588193624342,290.1904205057394,133.3581916607168
145.5385937110663,210.24509696210507,217.545882300088,248.04949185644236
187.10524448090592,105.03259653564879,231.2667069351088,225.00112530433637
14.233687113006857,137.44112233777625,322.6603351527091,301.41993648211144
172.94839463262755,62.528707658743514,229.36215060184,176.23945681832487
455.545457831087,201.49591740565947,507.16832299206453,350.1244199077685
7.24320636290568,174.8931823564977,127.42623704844502,254.68634032285695
309.3551045787713,310.4548049660354,340.72384370384367,338.3060928615596
329.81677876390734,111.86166428967621,370.27216642176364,287.2351668549189
248.89092733702103,204.78651234432454,262.43084775149094,248.83114341454112
29.211906670566666,275.48451316157497,206.1159402704714,293.45470858923596
188.3989008476909,174.15097183868508,190.44237401978145,261.1291102496185
3.734513454440593,177.16755037042566,287.96246301771174,214.03729986534287
359.6115877228977,238.88121397322976,847.452658400905,363.7638423763486
36.0266021547321,208.74944620525207,157.79669528418708,325.2378577041568
215.6784512473915,180.18042378692505,244.30169660312893,269.9004684989784
18.643804060432522,136.2180161159659,151.1272905664631,239.50408891194607
109.24306549542295,210.84812602984113,392.1167657579205,217.2379247904138
247.03020326598258,136.11834946562814,300.812956770747,299.89583447037955
29.748113910023346,93.97987284665376,252.39319364788952,155.178370408665
606.7673263874775,390.85864479237836,1014.7502599751808,529.4784940431624
42.58277186985494,284.1674525861416,196.6077445712647,356.3895941768971
96.12281524658296,164.14985711063113,364.52270843447184,232.9988778711511
305.42058008958145,293.06316074524864,320.9069966877673,309.391051616157
315.71050174101657,118.8052715275937,441.201078786321,169.20410594871515
237.55511673743663,431.79790561487704,324.0281025737299,432.53225922933024
55.049650090225896,276.7675101900455,205.8155336416497,308.9799719360684
44.8637002731332,247.29710173971998,100.22008341274112,321.8281631056079
350.0770193497214,112.04070284414723,376.84991816952225,159.1069600168272
147.23183055437474,165.74142325001358,166.23796341602258,296.57779220170846
491.0906530088556,280.0274125590113,669.2510041818713,295.63509965130334
723.606540956559,204.58168386483368,782.9112038319495,263.3760159016294
329.0858675984113,103.0955788338286,361.18757244210303,161.07825992935028
10.950183108823582,211.52943121005413,251.00248264522432,308.1951388196075
113.9447654548712,405.89763608038544,274.98732860166683,571.2316145333506
127.10423934961733,222.78751802399458,204.84121615861102,284.7867567742518
297.26530091492555,106.77224307244192,345.22787848950475,220.1921683935421
240.30720057455252,136.52956339920735,290.71703270581366,157.86585564216372
297.0112368101957,91.7371877335355,451.510724083715,389.27916618723674
604.9028287399431,360.9999714444592,604.9241830895751,434.9364513383622
29.17438489148748,61.04812965791131,108.46426706413226,256.85467185855504
186.36358302487324,417.3318973542913,663.5185396006331,419.8707814746009
435.08999793786455,186.98102875623056,439.4074287773987,505.5549425194358
180.40163482415096,235.90399119509763,220.91411860840796,306.61164329333405
234.33752752328806,145.3047050240866,256.0872703881309,163.51242383764026
24.94499411297719,236.81158542849542,152.32890528274638,374.62735386782447
94.15501863616579,220.5832808759504,367.6984909072197,264.73884614926834
256.3465881106904,110.8893058585729,313.50105813451563,206.0833270695164
207.45154928609458,283.3690149806012,230.33848689926833,350.4534305581962
286.6019029679283,372.828565603477,329.8520317474213,394.96763880163735
16.3187172378555,228.27404440951054,321.3340318443326,237.68630366457873
190.84517273189013,86.12010315814321,245.66582384676818,415.8556423120808
133.31382599309558,627.9589764558239,203.45080142939736,642.5163817674658
344.8599474394156,214.5514170008114,368.23946092436375,413.86014415260223
143.5769068534245,175.4641431488485,249.54768189465258,187.85397422095286
149.0521232001996,38.80012628291109,205.1270189949585,92.5831798493537
714.8198772001289,358.5024099755952,808.1279203790366,381.945598319382
181.70024582214717,266.908183832617,200.69474420827632,309.799043513467
322.1312291485133,243.88678883823587,446.4515185656415,280.18850866201535
93.36665322813485,158.92510090666997,122.19903869527525,189.27841917129675
283.51831690169075,218.19975420966045,309.4939581828228,287.9710582259203
162.84699898923026,82.29613084625096,195.95802684922728,96.95127504969665
136.63486436177138,270.16313933965966,136.85661784659212,344.275973234521
23.717031813229315,281.309700071856,154.81585288464737,351.7585598147546
24.009108578751594,104.67804896038112,494.36750509861474,312.5571572718786
17.813551395258724,57.267567386149715,317.6029000980226,160.76431070426014
394.8438016565171,82.16890481700752,547.7770163802317,459.16100237737703
180.3188512875908,66.74838720490578,192.71846281854266,373.267493406479
6.402822714282242,187.4941084229889,158.76475280815558,363.86461193075803
353.9165761740437,138.29999873853563,374.2310160426871,253.3367063173394
107.15633606176668,19.232516712729154,172.59048916856628,284.7578247718756
51.94858414109568,62.28439822355101,190.57765755936384,69.29673705733225
328.92778183178393,216.12601995008362,457.2272426990969,249.7234411856405
389.6717817896849,179.45463433447645,560.8403070018755,278.10166317434164
213.09303174342062,146.8262561409478,296.4891522151606,275.13444694658693
207.97810643992352,228.99936766282477,249.71340350879322,245.68879160687752
16.23744804146886,286.9896333444251,221.06888860773807,384.69867966660547
139.74997103717195,211.16147367052665,151.5880335802563,319.04163867614403
26.477751381026188,205.74826468255017,151.32155789119312,556.8538716086354
319.1042888978436,104.45643591886792,323.2592482887438,125.68055442744695
328.64383446098213,179.45150995582586,357.96994087793047,288.5544151748224
68.64778049306001,161.37804989815515,84.10435603775191,283.13024403488845
27.938649254841728,100.84716762522943,110.26922781653798,148.06744035903537
358.3086039818733,444.4258736953747,416.8403807010129,474.8436382346341
30.79207761441585,253.42101872159478,65.90749055569404,315.27801774668757
299.01661302656873,153.8799816733941,402.03290981138645,332.5696279916246
209.26621889013714,204.61867252626683,233.29701444954222,265.9412560402684
266.31753841159787,180.56203126166696,312.965443732415,197.21310659425947
173.16676575072796,65.07883165265747,226.10794065899495,104.9199439859245
145.15324915083173,111.00923613485482,183.3819061272342,281.8153013762507
44.86286573592965,83.63968509441462,50.95787505083048,184.6457288701679
476.1834833071751,112.35202664753068,637.8734212499169,138.7321397536302
37.707916371985576,171.1949305441224,128.973227842896,331.20890923035654
17.433476575051365,228.1290604854823,89.23386156954258,238.10953632853955
13.070016613834499,180.83273436931444,125.3184942616942,285.6301587292257
112.29529641742668,80.83411937325668,186.59247021116593,138.56797659074405
258.9072269976307,86.8022609477009,296.78705661937755,177.5714568783096
225.14602872563572,132.51907538264194,291.4447399793099,146.23506962263957
704.3684758953079,115.31342032412665,791.966527109594,126.37064851392572
428.642946868942,117.5008775947161,626.3139375268228,383.0569634200065
182.5792693569367,206.70966009171246,327.08469628559203,365.8210908147157
21.582720488103153,121.82464835082442,139.51372405523423,251.59626639149417
222.4237108467259,216.18862293445466,254.3561673738555,423.2509831749971
29.600218253951038,439.1101097405969,370.7318725908224,594.948815817077
355.8616755944827,166.4683736156762,384.7072025849658,320.59186369869707
86.9110486275493,57.568431917687604,243.52600843299845,71.93219940712555
176.52007791940977,101.40150091671774,287.16060038651335,210.79778039780763
150.35326064461347,109.75342533552055,184.7597443846725,140.60217231757466
200.8392035024567,184.34168146180508,268.53526494630444,257.8209352711832
574.517255879194,491.43475864133086,663.2263941025643,705.1617990820425
17.767507150986205,281.2962501288361,135.27299535364727,283.46894334585267
512.4828331342479,259.1000766707454,613.5046460351516,262.5952272787237
272.85519983117115,253.7499547327975,293.51307321120424,287.6985100171898
17.40415926316377,228.51941705444926,157.31306200347913,261.79939646898606
6.851647316107201,211.9402655810333,275.130480708282,434.5524270300779
247.61263556974995,172.69034685407797,265.80044892016934,297.3563803106106
380.221369859581,217.48189615752932,411.95298207358104,252.4659431672653
193.90553070255513,356.63997929594933,383.2947549301509,532.4536415456623
5.085936346407363,281.1138474857108,120.83311697836844,329.8038460997745
216.15799411769237,26.237274895037494,262.1276869415699,157.0170308775829
35.16160222933632,106.09302121509116,235.42097767238272,155.57710004187845
100.23249117356559,251.47816536999687,155.91993235575268,309.01158903173416
11.10136671233607,171.792443988613,63.950131081554105,284.51149673173376
143.51584003905336,163.8560653606196,187.69993738693788,296.1349938187152
49.80565941688799,216.5264749464928,76.73281249167303,273.04953361707106
153.37759162812432,135.43432669073397,338.6449738854601,334.53841782794916
62.21075002361075,220.87558502795142,315.0523122354228,274.99377925662145
88.1756840650405,210.64767650185638,513.3336314881607,318.8918152924331
81.69053589021085,78.85812664476443,145.6250302432098,226.28148413625453
14.78140852968187,304.1822600616367,67.12788787896004,333.2670054330993
10.039482412193705,365.0109692477505,109.02712615730525,388.02925582364384
211.67537344550823,108.22668775526998,270.0499946890863,404.47850812033516
70.1075615305429,159.98998552114492,235.0485053759288,294.8162376327593
132.6469057920344,258.1117773896657,206.94053821450174,320.1029798623907
149.1678538742792,118.1339146743867,298.99218180195413,291.2504197329444
40.81796054966614,187.41595140845666,144.9838389615673,344.23336395972973
18.8900366960767,174.00869344275876,102.50880662329232,226.9267898626134
375.32726169180887,103.66725556971383,695.8608719382489,229.92769021165358
179.81841408168088,185.72954398062555,278.0645236052774,238.60717471090925
510.9615875944879,291.0412402787411,607.9592835827274,409.08320001629016
8.62035590842381,167.62065316828637,202.65963321718004,273.4684301942629
35.81412287984901,369.2526122347251,86.86619031928527,381.0137362487408
373.7204149077572,181.66112732158885,539.9392312011344,296.5272732694799
94.09799886241822,173.791691078847,143.0690835996348,189.65814293002137
183.50796389939507,305.09199482108613,208.42141646996868,324.63298303490325
10.626511368410636,49.575336719328014,43.730413594925636,287.15172077025613
24.677307752599333,365.66451256207523,110.05068964069375,486.37197121673086
617.7356689893171,105.80965009645095,623.4908462298825,140.40788848179074
317.5741806449101,128.88755158149556,326.38203069970194,180.21431133762897
249.06426352773417,60.58027639470635,405.59094635100524,154.81167630449335
25.740946802817454,123.8314844246922,64.99489321292158,233.2971207849068
514.1906201369679,395.60821619675664,801.3306967816911,522.8664281473091
184.695077256179,175.02452260125656,322.0743164369282,236.30191261523998
164.74110051068612,252.78132748181332,179.63321599896543,371.6631844159668
102.55286205028322,74.0572792643768,207.3239543401907,105.41141986525666
320.303361053913,290.67030009754546,549.7707322794137,335.1933629164659
9.375158817975066,424.79748572360324,201.43287534858334,474.6829621171017
332.9668978360024,75.94071841096321,404.67013113241796,288.82798098121424
176.5137198356747,349.43153579858847,233.7994330001042,414.84608157438294
27.35026766811545,161.90405539564262,224.2613891475304,203.92299090966526
285.79591384031954,260.25485238987784,319.31567132636957,286.975854814571
416.03364888262877,81.40198893291736,423.921010366941,151.72679969944787
172.9921371588932,312.14497129839083,243.9426001350565,462.8629611232754
49.33868837810461,375.4908081765194,55.81473925736602,571.6998401359251
102.92723862056266,161.70753348425657,405.4729345278413,309.8847385286248
300.077606143157,215.04991144591193,539.2980272666277,228.99820697918287
223.74546619364224,205.0536334383503,340.5864280095339,337.22848602875297
23.924735765066362,18.604711688589592,92.30317398803399,337.3161684735427
396.3080513300551,311.2043946717338,901.39456449781,311.62478831052135
479.9634665280926,84.4704500757718,526.68560143582,266.4295469507219
76.11789617776547,241.98273692263905,79.81253843896111,467.1510523799577
196.0831223231187,146.4342807818216,219.10075463624074,383.7254136943318
149.27755250893728,87.54036128547038,247.3022598878081,472.65681705530346
201.11296743144513,212.4459161851409,356.54423768424795,270.63185812412155
264.09241916960127,157.35454098628426,315.7016526967969,380.2829672366732
336.91226763504756,248.90998546276202,618.2629703463276,456.65496188367774
342.45408182294017,364.68677284627955,660.6721777147366,437.26580121337383
331.41757797763614,140.11651080703592,335.30409499932944,162.69614071404087
11.973618900288502,258.5517023590487,245.95428090191336,316.1700834837551
284.9255811084724,167.26215187008933,300.51013781228124,360.33779623253565
230.12062161179128,125.90874444950605,286.40368212111747,276.8875023686329
375.7434254127341,31.64673899348204,406.644090717084,287.11918716523746
230.08575231391805,17.863256103795415,288.6202135622973,39.2889593093773
381.2143673217439,188.0772230927413,490.18471668034056,290.5542401105691
340.25832628906153,159.41571282881281,395.8308882190749,172.18235171678572
27.755346655716394,139.54382862666168,34.709534352104775,246.74588512954864
451.29474143141056,132.73285932953317,463.00180271735275,147.4523047480884
165.49630552754238,69.8132630965556,202.30268269595888,457.9553714349795
340.92589464173386,187.92953040216082,356.47638237482056,298.8600713405794
69.50102741738056,159.30864828859066,142.82758601677435,275.73988283805744
14.374929552466039,187.68742724432948,110.74579018759358,198.08266487137715
25.055901562326074,158.97850547655338,159.31148044243534,260.9147646153505
50.03207765189884,249.70385694033843,259.6149115987489,468.38772111719624
127.42552888905696,165.9482506633372,211.52671448337307,246.0982078348385
137.86183270863123,179.3174116738671,240.5187153250552,372.9814641527054
95.97954532056468,194.62807507995205,461.9712252679592,222.53940368701723
181.971885070107,110.26068867466213,222.2007205204351,111.53074995656922
129.14832275096344,248.1494135957159,261.80199967847636,340.5678274962546
126.25469139218941,173.9837289876621,146.9317813854749,199.3886220563011
20.833885757578475,171.8581620637887,240.7926904011548,380.95800983431434
117.12006038408556,121.77974678967848,284.0359698657635,239.81551051418577
382.83128316338133,263.2945838876395,511.2214316375421,340.9799336911313
637.5268110336527,82.77152876036271,738.0998902884187,119.01134597558708
78.64798005534391,247.7305296891506,165.8326217622361,269.1595221632569
204.37442021991797,162.21609813409327,294.37998731487454,213.32685516180726
868.4929768409223,88.0116764237054,1336.0086337342887,430.7196714927309
227.00848065341182,207.47668827816787,317.34152371030183,433.12506532539754
409.99541727861657,399.6927701629057,429.70327377706815,498.1264506298481
888.643108171965,338.020477587451,906.1707743284344,375.8168969388352
42.500785152384864,241.38965510400644,165.23853484180657,249.4808286060545
87.3218293179649,163.2660601165894,392.2134965510359,287.55957787920397
478.27012334199117,260.39146512739774,509.51704223347053,291.4794556553723
288.6552554351163,105.08311575340026,317.1247156320997,185.47543060676972
149.69583894551647,35.88251218408546,329.08048627558566,76.7164962304814
409.35323502066836,99.83996751814028,571.7203553185025,334.6848000131231
290.40823453530965,192.09528881356005,347.2339739397742,226.6849878845847
321.8395968794316,130.6020308955222,585.311948193393,270.8220297824845
34.75817159685775,170.87092150457968,252.0293553445732,443.7895634785984
336.6272095762165,352.70414867404776,410.7248228272172,488.5536153877431
147.74165812820874,393.45483855956195,376.71750367340246,405.04807559782193
168.3158222755396,323.3638569448268,249.10323027541438,357.0285967629085
572.6185404097613,391.3482913462699,723.4669753261023,402.22412391669366
450.60207910202666,72.48410903479862,617.7665875170283,89.71808752029338
319.6651959486534,169.7981991783995,355.5397869214678,250.36787761565216
211.51700705849817,165.07217136388016,220.48759704335194,324.5562817792099
23.726320929403894,147.20472984410196,215.07231103854753,182.20400865461454
1019.6269163556532,161.17389856262227,1224.8899872574127,323.68053666764587
80.89804466694898,138.5368008980701,112.07293898650094,352.5629068518477
327.459724084421,165.20425912819348,381.23410513629153,187.92455010565132
152.16952310683138,345.53767784018555,447.90408763300013,422.94474277825185
573.195926698945,181.9451850013609,764.5662972476829,198.07298824708306
17.250119193774125,413.51233822867295,155.22115538742446,455.69183840751475
247.9418813752309,137.99968133630992,480.19898028558293,181.73319283439025
46.558170636785235,92.8780493187613,151.06132986691574,295.9723316120048
935.5152342426688,187.81826572531824,988.850086125267,410.2699482980394
42.86765174370359,115.87852879371957,244.30147701805205,147.52651955278458
466.74583684010173,160.24015270207866,934.396034893777,211.12940208876435
349.2821156698565,66.28277528508124,480.0709048331203,238.6421278248445
572.2418298718122,140.77145438997616,794.7233231343658,213.7441902697611
268.0814697539752,377.2121534288091,382.3264633639966,407.0712697900154
312.70413535632645,45.77312332249328,313.8191403289976,390.56545087104496
163.16139968272282,120.69326137911084,200.3531651731971,144.76095391611955
43.86234486154366,353.0258992307744,325.6339286045467,408.9826309281503
220.00298567376652,54.45921129711405,352.2843479924013,187.7641215083117
30.2182313194904,323.7849601180159,377.46831425073725,497.00290307384125
436.6559836998021,205.08870908457212,542.2619844588012,397.0827910586357
118.15055018126598,203.44372695235737,139.62123250300212,264.28298423698124
221.15682736088974,243.64972771367462,236.36039781832451,301.21741500505885
355.64308470252985,247.9230091552797,395.5850637798677,289.45259773376455
202.5799502174722,249.82601889267693,249.76329655653018,310.27118956271676
33.10788588508207,51.656717189507205,115.36854108507988,288.00345349570915
114.14357624931847,378.2415096779878,429.6405153306264,434.53442902540223
60.49236059349019,174.14493764984863,348.8179744499534,315.4584071446121
82.39650520336025,166.21366417512627,92.09035575855077,267.3435530697005
463.55315096263325,117.44816395033503,478.68165928523297,259.10635014610875
24.61456268640124,135.41486287685836,115.73176300123681,279.38837933836083
163.5103322382085,130.09152487880104,278.35472102585305,236.70460737080998
202.88561982512215,66.77422508142885,272.6820517383754,217.70034981219771
62.29978350523894,358.9860558494082,97.66901723992493,370.4118087448121
22.399232795235047,114.40529859369784,174.00702428134514,378.6647787762316
184.52852327654492,360.3608071700387,685.6077387625096,468.81809013015993
117.58005905025371,134.49124582664555,335.7735393870624,209.0046435933801
444.27802488089384,239.6265616477808,515.0704492830567,293.6266610485447
170.21294247797377,129.26819471980647,227.5114373501613,330.8356557174066
118.57263916304257,190.48384896810873,286.28616253404266,471.51772706979466
8.717270541150805,389.8442370918704,204.0524631607333,438.4049045910874
118.9753432390838,179.50148824490762,406.9972608517128,375.81023197941033
329.55414465166893,98.37888079408359,421.17928363774024,296.9437709820559
22.966242267502576,355.61763847415415,74.90707644067348,356.3216420937348
2.656082992275698,271.1478700026585,111.0116028088782,276.9214082506419
838.0822594598696,113.16691793021275,847.0068775961298,229.80586145575126
241.6236318645051,477.5861256685165,299.7394755272373,589.5250781840048
140.7357851548924,90.6446611077882,215.08305527203683,90.69223983044697
152.44996484396066,440.1938430718005,264.70470454927073,715.7727063717866
78.1487287654283,90.5632025051566,83.3360697554844,367.0628777275342
298.9693509691538,256.5662620973063,400.1381908324186,286.8073797182804
212.8034941197482,91.84757050072025,437.45381278775875,330.33192285086045
107.29094744446968,269.46866571475175,163.3359464779255,301.6667689336549
40.578196321274206,306.11036482283157,182.97416161192737,361.63216898805103
86.79582590095815,308.97121185863494,124.10638219971572,356.81338899074257
22.571183993287846,172.7119672518042,101.0133373323694,388.0853562190461
57.58744275350273,229.94915463757175,293.63640330728344,238.5049424053906
82.29329388245152,9.112611511130494,217.16613805903577,389.46191245211867
381.8619280963962,328.7466639999976,519.641225405849,342.26580893071207
127.92069374671911,161.3225674949195,402.7195106424719,172.01483303890458
94.49305850150573,257.31085031930024,281.2140362489353,322.0186253843759
315.41738069680696,211.68941515236307,321.57549799319787,277.0894320985695
39.480699441899986,129.36411537519623,179.27415344745683,404.35641148648347
278.36815459358013,138.50900935851075,320.35266237433683,253.83134721317222
300.2521821250828,37.113291903659025,303.3656648695801,134.12798242663163
578.1347983254751,181.84168406980075,593.9107832444674,288.45620350403476
372.65517026475413,220.24566440933444,398.3055273951438,579.5633233797279
24.44752549360816,160.49851697297606,45.30270572373395,278.75021015151003
170.81910367671804,135.1643287208933,249.52614949021046,239.00519937060483
208.02813172331398,312.91905222172005,208.98120585112287,447.1219243458568
12.166479718516623,112.57374493190916,90.85501174346903,117.39636302740212
399.44510580422155,193.66425255023032,407.08874857036676,277.0934363695174
42.01947823768582,170.79611769773672,77.2136448643577,258.9757360214414
38.274446507126356,265.96869854857243,317.77156898064044,381.1660291737384
423.54262935363073,66.45787307587516,441.30072586748264,323.33899915550495
150.6103833081985,80.06937396063083,192.8617155678214,147.2563910091839
67.75288199964535,148.9055693080103,193.65753502172163,220.82715533240827
73.01397164726463,180.71243506521103,286.712726251197,374.2980712851207
31.394183417775427,284.397022314786,201.073589623392,287.43771253694007
6.050834823915363,216.38519490248913,104.30218015581792,263.6171764156383
115.96207946875838,141.56875999513298,443.5188234348885,174.82646948166297
18.727222292504365,197.92634989646297,42.86821437973273,288.01217078515083
94.44791418876738,166.7966712965403,101.87642024585084,173.03575721174587
139.7182885815397,235.29640443618115,145.12592841956186,239.14454849794902
48.37138990626119,113.9591007037701,165.96133405318204,189.56171314274414
45.766595063157695,125.58898867895608,340.39299690571875,192.96760610892107
334.73953525172516,94.97752364841783,508.26072667576005,171.61226427591257
108.95949138405348,23.436152310014702,141.56544802918714,289.04106643663033
442.7565723533873,182.64308682872368,472.327848335357,312.60961017444754
330.36584873498884,169.7023358674579,362.6000397804862,331.1542309255822
102.55808250958846,191.88178004203047,202.1225406218334,256.5460627997747
94.09329278225222,132.67989417199587,149.2786052617614,356.1556763644538
240.27698555442072,174.29995879671483,293.3471927288967,186.0061516809684
160.5588496619302,157.9532974457083,548.6262655226889,193.39627902790622
369.66726134430576,145.54573237214055,515.9243391512925,159.58566371135157
387.27186658835353,299.9281201822122,520.6198589887211,334.0775272920245
176.3104061763816,203.38394602471828,246.82363862944817,246.47609999222294
207.427425217606,222.32249815576404,302.0674525300582,265.7458977744905
190.47727133907642,213.31555202634445,233.9640835381114,424.169193009017
340.9297746937718,56.226031743535785,483.09444442719916,105.74106238037736
145.67593860114266,46.61588577087187,412.19189694804254,231.69390642223826
702.637364568234,229.0696113847063,714.104979955481,247.60584131609755
85.4742906711514,310.8918134277187,126.07451072423898,481.9881809200588
34.27655490890313,384.5655821161171,214.13330112043454,458.09122407634334
310.3729055351584,49.423249616077385,330.70494901084624,82.71959925841823
16.790091288458864,92.27910012363621,29.467386069439115,145.36867605458167
229.45765432921073,96.34100725416067,257.53772860091766,103.86925361040443
130.38349199766566,143.39717645074114,481.159447963236,211.80947260910827
715.820055504047,169.00110891180842,935.7877592546839,256.45156180830014
8.421253428286565,83.43471543809943,113.69175381832017,183.39436442624762
34.27121135548422,240.39305500541883,323.9666718519396,381.8842592939
248.75521092767704,94.33467559857147,427.3886506609074,136.84180983658652
14.192706402267572,188.7985427264889,100.06243677354915,272.60577937131325
212.63452171955984,151.14606027606686,335.76612720407246,162.3039573258652
554.9389669141947,157.45412412393276,729.8943784834095,243.29063635943623
189.02120144407274,278.7502569259543,192.9277896060087,411.52657146812163
351.18535205683554,87.88328703809255,422.2213274907797,123.52889525773797
139.09543815328894,217.25410724548908,196.2992350867324,312.9481756968616
179.5755225458839,77.154050429103,182.1488636046285,254.691922565751
35.7982669698404,379.2939464352036,92.90208321810204,397.7203178870789
213.4743478434086,148.8537631347565,394.10664025963314,170.43151492109527
215.00366893351398,183.7187689391957,361.63236348868577,364.46605126653225
98.08175445404544,162.37186580738293,100.02854432118006,245.8688017236091
240.09534203768948,20.469668794515822,266.8358839098546,375.3133012121877
415.6413402887437,252.8441593386515,416.91033948304744,299.8635192296519
31.33512476636083,345.78905140861553,503.3431286587672,369.14049522269744
137.474953262549,365.9580230390644,147.12105448568468,372.45471193411714
90.82015482753128,248.02853107923738,347.445871840918,357.58221861438545
28.29011662763451,354.75944843758947,461.6351219186803,380.8632662689447
624.8144987989874,250.77781549021563,702.9311072181024,297.52083042816116
308.1445465368562,223.39398140498685,333.7505749925598,338.71868037771833
557.6591473277557,229.06343692856362,697.3888083512602,268.07725330151567
185.67167059255863,134.64419840388115,215.36262781666076,352.42614804211206
286.32784514447496,271.0520930263277,321.71369549547404,334.99740228730315
26.879957652758698,272.6913937950158,56.65756401182406,315.8147931790444
146.52757337119016,79.42581628453426,439.11549816015554,118.80312552519413
19.261202481132766,306.4730495286562,59.81202562747266,432.02773802924656
85.03002155357304,365.0661339141622,102.37127974836872,422.16510119961754
204.04764773128323,317.95959587571645,615.3093456074234,368.36091405530084
170.76681828581619,130.0720221228772,357.8104452623154,284.61806120326895
215.59544680169145,215.81995328414266,299.0093152194903,318.7108818416564
10.35149260652536,104.66817647784795,31.662490504578635,114.70140498500902
122.77901692686156,28.012047054025327,123.01421667261579,174.76656832915032
579.5005145376392,197.40360140584554,888.9957522709482,390.50616428229864
397.52262868841973,74.64511760995929,447.7580023977532,157.68072735269013
25.080793839011744,113.91734436248339,169.4848561007896,200.46030159350948
117.75729488910702,157.6707772589605,298.10043573303483,301.6325335385874
102.12577580183748,162.03453739692586,193.04727150503606,201.16769259962564
390.97415280607396,245.05557069083625,543.305755474617,295.7430782647468
245.24667149684615,128.29879828993623,299.40521758743733,304.66504125242335
158.26182891338388,273.4233091057463,241.85916586157265,287.3979543421855
54.197217348564955,278.13088946487414,116.48624068961345,342.48110076103507
17.086337739018212,356.07298596983907,196.38173807630918,362.50056555412334
1125.51253195876,241.52520686433903,1218.8089042563029,264.2848204624339
254.84923152055913,184.92188342086195,348.26713635737224,299.6780167806398
214.00395454583327,237.52209949691817,215.7133759151685,246.4022646152786
70.36109766575777,400.9028099118632,264.5001200484646,509.92834307628476
15.555174595249056,343.18184505341804,271.41724439651335,355.1211770865075
257.46319803786884,198.52849465023493,526.4575972227143,201.4203230894858
605.5008437918361,42.2425505941166,713.1186064436577,228.0062874037921
4.291211940635664,209.12123793473737,120.35702345828433,448.9186443678538
78.1880790126652,50.271352924302114,206.33392280064675,351.7404701625437
129.7748233512405,222.74630739452567,418.0818056523952,345.03665411790615
444.7204898171349,350.1491706526295,518.1356005387735,352.15416684307263
209.46921249487812,171.2414275901053,253.4769709852239,174.58229735059214
168.16644775177775,374.59614114264565,192.20434467386966,427.5020596768591
223.36002648941363,291.06560495139166,255.8071544165685,327.4063282539629
20.21092243315785,289.8604995242921,108.90845391118626,312.93643776887166
318.50287338648866,330.5916751523428,323.23601300330614,393.8207511303972
36.53145722506176,97.51124155329654,258.253320710935,102.05568271536707
229.68579941562191,64.47930592268806,297.77485759040763,194.3669363072332
245.623177892807,219.64570373339703,274.2765973284283,284.59555067240694
336.5212080647116,152.32363993181744,365.9536381009126,248.58762256270424
24.141387824786523,75.86263229464954,89.79294597115687,272.7828797653373
293.8031739545397,24.261064158077005,676.4160506157554,105.83809316503435
170.90750141165418,332.583428788063,530.9507660350115,574.0518866651955
18.56894817522323,276.30347210281946,133.4924263611166,307.10566788173753
209.2962282984947,275.5001460951037,306.50975817875644,278.5027033539098
30.80259503994048,134.96332479654055,478.7308937321467,179.6031653089496
22.020017023580404,142.56919386656423,37.02489579288713,265.8002626471405
28.190569352910664,265.4922583622839,69.84601801007994,280.71009974178446
239.74154804513861,147.08133240641476,311.0008140873938,232.231042068909
71.3920247056796,186.22202312104167,141.14223822385048,334.9292305630419
214.69750451509924,216.54868326718335,274.99240060222473,304.9208017856815
154.0843468212608,160.15280301546503,198.16865685179323,296.5310373604273
135.44837218366334,402.84727503274627,444.1954366231034,494.35663381832626
391.75984565317594,196.991036764836,643.3628414050081,217.90659090340245
273.23240030906254,115.6095219439618,273.5803787793034,257.6770709654225
627.0095802681582,145.51623433450533,645.6642880915841,369.60921099518345
125.1054901891761,344.9599855259601,142.4057361881544,450.39025458223097
249.57572982740953,141.72582742258814,351.39570959671966,223.87917917623966
471.8291343272597,282.73648626380236,473.9460639612862,286.4053812035022
16.14361245206036,252.63014560388126,50.983906170054084,355.33732006701854
28.23394122718575,30.573895893309647,296.505413346011,102.50689718014664
178.29207354216018,206.17499623285715,666.2473349144295,489.4917992685611
303.6419527139016,168.2962338483581,321.26708246579364,315.63165367078557
587.8165286343378,135.496031685325,775.5781271366855,261.3554373540232
36.50042574202696,261.6168528175825,161.87619425600064,324.19007468702955
230.35861100920698,23.03453643494932,237.36770298252105,499.9714792945439
110.44076444569475,431.2449800609236,223.18190560879611,443.293102478676
305.22396741134804,174.57788232039368,347.3821939376807,231.44475218071796
24.045560110021636,165.2438856809247,170.04523422787932,276.54280025061814
4.596420334916278,84.12583745769258,40.05458642557584,175.49717924646674
27.82907251802954,104.68710072316374,112.0459422543017,186.61528561048237
18.551196366919623,407.7803278480937,135.91909246113286,452.603599436379
164.95586554849586,47.02143267679442,191.42316593226755,288.75978850162744
589.1470715565664,233.8116066014447,600.4365118751238,452.91375800080897
367.27168584164076,314.15705930590656,717.1348700270026,357.5154765768912
461.58930397703926,110.99385312976942,526.4943858522718,181.77336927498064
16.681455909296567,210.2139752202294,28.789449424082296,267.26610033788046
42.67299891030728,216.93449313511093,106.61297226290098,471.48209244715275
34.81882217613645,101.58875733983298,276.8995799254512,159.73242462956517
349.52095376152835,175.43008790542373,395.80755935943375,195.10029799304937
140.25121183716723,65.83761598874754,162.80421485976686,153.43491360486135
99.21325336866296,231.48235968803382,126.54850975355612,267.2066121384052
123.6218658350489,260.81341744659676,214.8533811148816,427.70716766480103
243.98140972956455,389.3831360120407,341.3380047516009,508.7225767426172
269.6474854949071,209.37511670689503,326.59091034938376,220.68859085183902
396.6110810347733,90.88547235531048,569.4644250892837,172.4402482656385
245.85059148936347,265.71988033652065,368.8630358374821,278.07580004230863
201.58673583184694,185.80302731777277,367.8398581737772,268.9826224143335
9.762008056784188,40.620559762196656,60.309447895928855,352.4759249263065
359.57203585795065,187.5571155594078,413.5219779836371,192.76087494873298
331.9197912732535,93.97807261305353,627.9231607829305,131.59239677830269
359.14280669480394,307.12272181420497,468.6306750931718,348.25899514707424
75.59516947865583,183.3221142738912,262.3665522220457,228.12028112768309
122.17512074372758,219.67721324786453,182.7514511327781,326.8507575456524
47.388404927362444,134.30353842884853,466.289292934467,317.9064958247746
12.17373244693122,113.9462733522111,179.27512906263075,144.7020910837735
190.8725385457519,115.87968017697763,290.8678034649635,352.57425013786076
63.551545245273665,157.9848262730868,72.34848274564533,208.71903853128708
178.4495898985673,41.236287324546026,280.1652114789762,214.31753110047777
22.193871904602982,476.64758060087246,103.03590622351817,489.77371209725345
36.87447033420431,115.42879941353094,61.86082524067006,152.63302259837016
162.79366085737257,199.7035110920384,198.00828891963474,255.78532272333152
185.23553509313953,109.5587182550151,252.52725416468118,280.0610475250572
253.83262442163607,244.6723887878943,259.0795187842232,387.2071634544782
118.0502967507879,275.1718577854806,144.9633733579261,351.7411332350842
36.74490499018573,457.97036282903565,179.66356602642654,516.6544820819744
64.5340979533779,403.50164480072,242.1531811454284,436.66245639216396
143.46112903554848,142.01953863777723,144.4549969383636,361.0788949515692
449.8048581636979,310.96003330726404,510.47736557956995,429.88913228020505
420.61212943636707,193.40589252672905,717.8777517022472,313.8343678695101
10.773591394000968,339.17737092347545,251.2461581686691,484.04017398468875
150.15010983184817,366.06536307881254,342.7036547825691,520.8831928310401
122.46478228070362,55.46873903076516,142.20522821956587,291.69125293812766
361.7667777365024,156.89235840986387,396.4944769466601,366.6287424702543
475.9206865092897,82.25127499636075,656.8031744353083,312.2644687747752
124.05616727864208,334.2282282875382,167.64181909955715,390.08719220179614
117.27641278350626,398.07045896144075,213.8140980199103,398.90233381559
199.51188127324258,196.77636463810586,593.4896517578809,279.41015825042587
165.2850876823917,81.06157378235044,194.216908071803,343.6998055987892
18.385474853003814,91.86436159234702,112.54363905678797,390.58865861888745
10.110807218716381,290.087185039226,33.48886103862031,394.63085629466434
25.403950688649015,317.1617167514362,158.50904947537464,417.5330352876872
4.408481044537414,288.8893685515537,198.97401921992864,353.626652716411
253.26461846733375,228.07576716762696,539.9060867780479,305.11090729342453
96.69514469210077,203.0791729556608,142.4103668580883,393.6102532792831
309.3669071440572,271.64688638767905,336.7981748675811,275.8413459873637
9.996249321722093,153.87066713841656,95.92876369941953,164.4324739566284
14.703510716367534,151.26509232512745,238.86776084783622,157.11209108508044
18.75350362771208,346.29160587032095,126.94471251064654,375.1183278175785
91.49019733425396,156.21210654971537,257.44689212028675,399.72416224012636
15.946589671220954,133.8722941692761,102.43266471574096,176.57663972437342
10.417178314105733,174.44041879377338,79.47253391216638,303.79894592986045
45.70675288079184,203.91098626352633,95.06771053195897,283.08786591627074
326.8738629895238,182.29497364598754,342.343324184681,362.91028673042075
173.85370119467387,86.31954141278145,340.95310557732637,211.66046942567158
24.390689886586966,187.26529616173912,157.99912097460475,356.6289381718379
238.0311971445367,67.87503611359944,377.9763475851223,257.9773500213584
6.62817800352686,305.5440580372851,289.26131134631356,323.63028091683753
376.27492414525483,496.4745823823143,485.20660079548054,498.8202416937481
484.6054996074688,341.30936886418147,605.2700820198098,367.1854620773762
453.79699385752235,228.3481874568008,485.62859174359136,324.6715817180929
117.99469002802043,317.010655358672,153.21053774858723,433.2035609486033
3.699495610484079,238.14633570913134,174.61065009579843,412.1023639958019
26.497328338795324,159.98080615634058,54.28729070310474,213.33525317453572
162.2523027484952,296.36502617439635,292.4560588446543,309.5634330568529
214.8147893322364,119.38965507172055,238.51151623374108,126.20235216508803
22.235741155029437,403.0909258890425,78.6149024130574,403.78635941081865
12.349740244323904,412.88635994909043,35.53310804078435,496.0800504012065
108.15153537173735,188.09287086666072,182.59430355012964,302.0712388942286
102.04784570462589,46.945660558215195,131.24874814084788,271.0767827427594
27.758130268509355,392.1611814847789,89.90032839418119,408.99789470138103
213.87762847721925,355.5116926959749,260.7859429433187,406.64550229580857
242.12929581234118,183.72331423933161,453.8192298280405,495.89665172680674
37.97716736640745,227.56149037761176,232.95259687042588,232.6489422863482
21.345943727284986,42.55270243069022,172.20102847731627,302.72291188249517
74.49817095171345,184.03095906609116,134.8436184215817,198.58037788963065
52.80308814143291,173.65213966473615,80.156610641002,374.86753216253356
28.76495082105016,341.08062038432183,139.31138738627868,362.9621439792539
26.581385832174796,96.3004043247508,105.66414313262588,364.91684510663896
124.50654010286603,295.51875881755933,209.0827314484778,345.9566588809092
337.86142521964996,201.44453960216487,574.7381188258671,382.6538502808187
165.34819161580882,100.4654706789727,253.20872824565055,354.33568266180697
13.174013950602843,423.0530483044834,167.82946162404002,451.0216040248622
142.99181003877297,118.81809142935263,213.02399903329922,205.02311693154786
30.38001334062451,187.79962259400352,313.44469179352,190.717121784679
129.06153193599752,160.27943684501003,181.59026922758937,261.11761336979066
1.8974708188537608,135.51345870478954,292.89663733837074,248.59395454721195
227.24391106921834,121.5418732861536,299.27028209503277,268.3561304064554
144.35548377861,233.02396236914228,276.6341152571271,283.5942871499184
349.1358773177214,99.89326179668473,438.404158235273,364.3731479763503
188.8359806438349,228.3040170754377,191.1442855055697,310.14440134214647
137.21826238013264,215.85412497310102,266.4468993342416,314.14590333758235
93.74678084043202,172.92494419900666,170.34844970703125,292.1166227517738
11.959602762168506,331.5619825198073,72.1616373028838,368.79687891898106
368.89159437661493,185.66725111205326,448.9020131548353,221.24032161466826
147.2540354738267,150.58419105713244,308.28647723696906,297.6667771160567
271.8871355380726,78.5739739738109,291.09053536918526,336.0453038844259
40.75129607677005,175.37182393921822,193.58569471726884,180.68544463763362
287.9379356384721,143.4910359115697,336.8707723825251,285.42505927556016
29.41375013279933,272.0595971892561,197.94327246975914,278.78479371258425
125.48788356107379,368.0671424583518,290.2807033488859,370.75923586107615
50.1534714128857,220.05445885648302,214.33472033293182,404.3376435812225
263.030390468687,164.27763853193858,804.6734249849333,204.63553262577432
4.8607353936157205,54.26150158840353,97.97729662716534,172.02560815918525
331.2104993768004,201.0859551184881,436.121097386418,256.2414040191967
299.25453841111613,432.44611515355155,429.73936856525734,513.8687096815177
14.411285505245948,282.7879825675606,251.55824242446656,301.6814837538698
58.91873465841787,193.88883619133642,294.0546340365263,522.7491557828588
43.96923784628615,218.85927858237537,192.2478651305417,319.7270659814205
247.78586996012666,123.46882122233403,289.9495630908124,251.23809592608248
86.53568756900604,202.83130152614817,257.00500257731807,203.83029490551968
470.9659287847867,247.00489586037497,671.6741983268574,426.2022101523434
188.7444152152332,142.4321318308341,280.8683024516224,448.7321758824547
166.89833266935085,195.93510257852475,442.30663424186866,291.10204292704424
228.17948348533494,35.24497710054767,305.11490255894455,133.07019576786595
30.871966366938796,98.93117669784166,231.90488707413905,288.19364009955325
31.319328361589086,137.48341962663608,173.6165715162561,143.61879399828535
141.20844776657646,164.23748191932907,168.39130025268216,288.6621206115495
19.83182375821942,159.47634537057004,201.21821769238406,255.8953452002155
328.04570500531594,148.24793551629443,495.27922341627993,269.11711026909853
92.38036145938224,181.56317455048773,154.34041900924885,296.7187980080103
158.77079385235493,214.6462872108826,185.18794261786144,284.18214277838894
163.36504744565482,209.86814764126925,181.75747830692353,233.27629676003545
331.71606333897023,334.3653785267636,422.0789277975282,353.8730470063994
292.1437327223697,178.5998826009665,469.40277185918325,195.17624176575973
19.49432317345331,257.04885414896296,344.28196516593243,293.2504532943233
202.37248621537105,310.77598215791636,409.9405620898247,442.3510997912126
397.61215366239105,121.69873722377581,405.4271230009225,196.14878055495947
166.80234084996926,159.84504228086422,183.02499573335442,382.85177687797324
189.474733344105,243.20028671427661,191.89985189280452,267.4809305303878
132.21469303850702,156.5599198892962,171.37985555151116,223.96324412261086
436.57821144078144,118.94288665056739,455.6745640020217,176.07929793638044
598.8759298240672,58.42363343037457,1325.9716750839661,131.13654925918806
123.56251435458871,87.10293606811618,174.03965882791206,116.65677437684012
139.8759826386431,96.08432092828801,154.5395436312492,156.868555427135
102.44269762282663,210.239525574291,346.22418068532323,225.8636943294111
392.8968612877213,299.69528003241743,495.67034082256765,459.376153946213
187.98944942369104,204.47985064298194,256.1418096639482,274.21281197002804
442.7142566261018,116.83343384619342,451.7294002481497,216.4613453099897
188.2119399121051,102.21422649089062,570.6806509578032,148.51392723223316
243.01296539930925,312.5027658421316,310.9079812148558,399.4292020531821
35.43084895483464,148.27806039501075,239.70318102574132,171.51471464240862
123.69951017929438,72.22615745386148,188.8711285408708,167.7169209593479
440.9559138550199,255.28878278286393,476.0392666751685,494.68794064180355
110.04543434783443,142.0031873528361,240.79959105498565,210.74628701761745
15.798250584364203,204.1542442582559,189.50288215967342,355.62978923912664
300.5838321254787,252.87433619061582,319.9142482769573,287.6034183041191
63.10839606444132,116.5774014722617,184.3904569392643,153.84439676362413
76.30156439405503,263.6213294531443,137.29499925749917,336.06420740693574
15.457132587334227,86.26198256340493,153.9827603854321,379.68179184172675
442.13909475218856,243.1585164950147,523.720587485587,307.2630153212773
34.70507678224677,188.86873433494546,496.66502519374353,237.33559884229578
206.24987942993786,256.39239775447027,396.0827033270565,428.3069826885664
159.15018150745215,149.24962375648212,208.2629863365857,216.86376389121634
140.6917567673734,23.565954841004338,169.66549054547633,261.1759862213207
201.96433395054854,53.81711643447484,392.4645478506514,165.60757780926414
524.2429836417311,329.40158486978936,656.9677211138666,379.09904518318456
58.098503868854316,224.34238808419053,90.70453475337563,245.9738771666108
242.1921010100354,361.48427594950925,335.7412970645111,376.2129965961422
69.57748894626751,104.38687767801606,213.9496744860545,229.4175815314232
129.54855319222528,245.24723297933537,381.8547532550946,252.3593298732921
31.67583256873525,146.379918514844,123.4029727260283,235.12127555859269
29.430112255064678,226.9445415680113,216.20455553238313,303.8434310377332
473.62129418971864,50.534586724976634,498.0807019981265,205.0561483552702
36.93361456432458,104.5598677008819,39.92965614878202,146.15159017931137
284.7226655982764,139.17584008490113,331.2230471439738,260.50609838813904
105.71396356147615,247.07092570146835,264.25473180115824,248.86767696365
106.97931759930096,304.2491875915022,269.4818936935834,304.4635993381486
249.13992575957892,141.6464884509361,265.45928320264494,278.3358841616232
129.1016011307988,315.0693067506753,294.1763816188454,326.58790489843557
260.2830308929529,334.9018727153719,882.8711749878267,447.2787492357362
367.69387751080455,128.71567671901013,400.2931203761399,271.3982060745214
178.83390742956558,356.6535833873972,456.4050871115036,369.31360809558623
160.02471996411342,191.3738719767294,342.88492871794097,239.50396619255275
8.476680000335147,165.20259248244474,280.40212074709797,235.3567737016439
36.41344744321438,70.60389973951685,224.635898702803,259.59214661209444
39.21574740695316,126.47372666650337,79.55186966549196,451.98242289438974
1049.9568006828229,208.63083916779922,1067.7755952372772,268.74353813512323
387.9494541188832,146.75870354381175,491.7991826462639,448.4542229304667
270.09235516039837,259.2132508683607,395.1648794492746,371.7677464163036
9.708120069479758,121.75753154054873,259.28496606874984,197.7786446002591
112.89788143558775,365.888784319676,224.50053237930322,411.1440886332243
223.55343547281018,255.57473228601472,224.4740540826957,260.02124120411287
524.8240753805835,171.0737426633993,732.7564954745667,326.33237399805955
11.071021201666806,167.34018045308972,293.68604492174285,259.81835327623605
107.42570806623117,284.36229417141396,326.7400555424172,387.7672419013898
115.32666724555565,329.27321179552536,296.20983757641056,338.43012141865864
19.109521716856246,252.51883486840478,113.21669849952546,333.06646659097396
23.736253402365247,32.18308925184775,406.77466810379707,215.9498892713371
474.747869946426,381.8584500829403,669.098067942578,472.3390527276909
118.21869900273431,39.86494793433784,202.11081036984135,164.15711344529757
117.55385083383138,150.12343127252595,242.07989276237245,155.99575009082855
278.4565309822213,89.34427986603384,329.84705765086284,141.6876574777125
459.6145604847131,165.11492263170322,513.3690140894886,233.13960632722413
915.7044661732064,90.39383458010988,934.146557493853,112.2822341128098
587.2613895994981,126.56072399039951,645.2659914061002,393.2394219716828
613.5370269695602,289.8671813634272,668.9103482289498,316.23271620952323
100.84243097078647,307.0572776576603,177.65718970841428,309.19736945339207
400.026774141003,64.88973258302153,436.456583305283,164.360360809495
6.893998478980227,113.04941243887632,177.32461781554687,189.92695938842314
355.46316875395394,113.5059078090276,372.04134737175565,114.59243813978887
105.60734942346198,143.61806973695568,184.74966831159583,218.4176171706714
474.2025303886293,221.4487038181956,491.4173850965079,269.08806533357983
322.842799346821,236.89924245643815,416.0988997611653,428.1322658021117
84.50139944374082,434.9031731427017,231.4554300594083,512.817739323723
210.71603870202466,104.35530038587046,493.9225383919334,380.8838385261641
28.121808697135396,331.38688972606144,49.96556241569227,423.8735508478301
82.19485952778545,35.59421214482894,800.9014380300306,129.57746372840182
100.82241549510486,268.6074348437737,197.55178309137412,419.02462434021885
29.093408312478722,34.51895429187242,84.56391227319654,193.10005948356275
198.37366315179116,425.25643290350143,349.4527421979273,598.8405846663566
172.44367582686056,198.38538923443733,256.2614801548242,290.72461220026116
235.09482316425382,81.35296350343519,422.8112424175125,346.08171711491775
643.2792543474616,332.0872366807089,657.8050168656849,415.5137371050164
13.044907158117196,307.68005717166506,129.56670245474888,322.9812102937071
184.46600999290035,188.86734460838426,187.0718046201962,361.632421439333
350.6851911481311,387.11272596073303,536.3788981570287,466.97211855944124
543.7720671085809,55.689599762345054,1186.2850915104575,387.31722306707087
386.4811198312321,76.31369473099514,441.27471730642986,296.8512779534175
6.967962141967754,323.9532100891472,92.78476115867969,464.9671849406413
23.891878170036353,44.732514646612756,43.72245161925132,253.4983082462852
14.190062211341116,270.53267629309465,162.04641201632344,427.2265798654088
339.41647020648213,211.81471082232318,497.08183957056127,230.45277293565448
155.67501706650228,117.79611352297515,321.5328178095917,222.64800724518207
466.7456582488157,393.63765395599535,505.6116494930512,572.9600862268486
239.36059323326953,85.11215667765357,473.3351769384257,425.70931936712515
16.419167009015368,191.75094719081818,63.10946754936014,317.61646928531275
220.23805590030082,298.7691985978982,292.84749806194515,314.0933588445405
21.861810582878228,79.64327968076837,27.120837053682944,159.07013927623845
20.066833413025243,200.41398052610887,123.599663872824,232.57282145775864
240.15759563548033,416.29303305915255,280.31498200632365,467.0343463702998
322.1288327359309,133.47019819473974,759.5603620119944,331.1636212902144
460.5205784183529,279.3143099498981,477.33169605146486,298.9084189333358
363.7112797609715,140.2051437634221,424.96864931755175,191.5095051806653
9.98568797979973,326.79899561195236,154.4646826202155,368.91642108978243
35.44956726896635,117.88737704684408,252.3692699184455,207.40847449990264
24.452181451801067,86.99075689642163,117.78223728434861,275.15085420510525
292.06630713888654,57.08638511221753,297.89668939984796,98.05229265873686
252.07754442672356,78.1534203957286,386.7767787448841,178.5453483223745
230.25292417882937,225.99502413178203,387.54128382476785,245.82262749404975
14.539013812027738,265.461793309825,533.6324015131771,357.9491782354926
345.77680456185414,214.1484611594102,717.6373105114566,329.7765917913686
199.44044229786405,79.60703729386793,255.7229688181659,140.49275761126881
60.980368287712636,355.4950504759781,347.44953305877954,510.9236323799699
270.3428565964707,123.40420757834784,309.0382805948031,319.5200262409653
35.29565995883631,198.4596952203989,251.568163158053,306.4177563485048
4.841513465902726,27.28761122932653,193.16635944848466,83.01490094038476
47.957694603130506,210.12375809850656,309.71968467455264,260.67024603342486
267.4616057233737,236.0648198253956,321.84238465034815,297.95798068015205
139.51338576743345,78.87311488614671,178.5510587351879,134.21634572412498
32.94012466527754,71.32252843889877,298.1309840322603,82.09005352013911
27.52785275099958,151.12386084416332,141.95586681290226,180.28905126600088
366.60502282079597,247.9907208592881,503.92029257595965,268.01747484501675
379.1727560225049,108.85512757653935,474.04088323947263,212.97074373582038
268.4799716418844,123.6343287734233,594.1724531792829,417.64328561294593
323.92498224205195,100.90051863250424,418.8307686220409,181.07063868525051
249.9188216069344,194.82146767096998,295.2723410985189,251.15001813644827
267.83733753534244,299.38815603408455,270.5559854610238,333.7107120940734
177.11750440779386,90.10618145723545,195.65976372826123,178.94046413997415
192.07264767093474,131.64759276987218,293.17636803177925,334.4450094398333
229.67506764122652,155.76306713237074,330.2204478884755,255.50069415961912
38.464983965113305,46.4454407802726,151.4559839893865,394.4172214450556
30.795936939762964,192.53152243895588,41.81035426053947,259.8897501230014
370.71519906221596,384.65465382402914,400.8140045474103,401.0164141154357
267.2979124376648,140.67730896996213,316.6417433866481,374.9814760623895
577.3299445576724,128.8292416593732,599.1813553794992,263.2080800478475
278.444599733847,146.6783704880547,341.2777052875899,296.8928696395869
190.95101762447285,122.93726697177844,252.44615975865443,190.06891513479815
17.8485497273387,312.1179485473687,28.498685351920177,358.00382165134005
213.05752732085455,350.4640400773997,216.29663150943847,353.17369611519075
140.34491438722299,224.04717562914996,185.95064346287666,390.6288199598293
16.47474687827852,107.67765039438831,70.22742932529803,142.7945013826198
75.8228771344522,21.794486008367734,163.54302182616166,375.80788677308334
275.60893407616567,143.2963903918605,281.29028132815233,246.61202921071524
631.4478929150482,193.4179177475964,825.2164925194987,196.5512554206315
412.59038481466104,201.19494759178497,546.7032246641248,217.06458429885663
95.15631456959954,132.74722085327357,111.03182605640791,288.19788065125215
148.5013375214096,112.85749110443525,256.1984617739314,246.6951877442385
34.97200518293161,197.08944428726002,212.02182697182045,353.55898703071966
108.94307162076272,321.34813907369136,206.51620757856264,322.1169043566276
236.48638345817525,446.57478432277503,250.01501063425033,464.2714096794274
16.82057586769842,198.1306911729425,232.27369900385665,203.96935302540282
64.91788544423156,188.92704528389726,180.24552861591138,252.7145874323345
237.32293142276782,221.02370072454104,490.7430186418449,369.8051383786249
311.39700105876267,170.49390857607418,529.2961706451679,183.8874099419805
28.094804911171437,321.1100624289515,148.85543903470509,406.3155130196674
294.2041923824127,198.4079962465487,984.13474390871,220.296178243046
386.9485869757548,122.35594101123779,652.8261500994392,324.9067646098517
511.4216345763535,228.5542516122684,550.9778946698754,235.4047439958736
132.78066606360719,154.38915160401322,164.65427397202183,455.05278024763436
349.3960839770993,373.66708683121317,767.9460033843677,386.9513779922528
139.12653699581662,183.12966803123905,213.36560635724751,225.77463329501063
370.9804762765334,303.6799551541419,399.5612440821479,309.66556380451266
92.87522331879275,122.34139837262785,223.9621420973473,225.57388176903885
132.66057016893075,331.6831939114427,278.22636763649075,430.3424345773968
297.66961404501063,242.92190365788548,351.65264622173146,304.7421105048597
46.58245492962929,234.8673982173042,447.09143022194604,287.8180321895015
264.8568424339483,175.26749031432428,631.646214114526,200.26517725912328
9.925487001835283,195.3237872622796,176.1174977918092,457.5085795108621
222.12900654626765,293.4543684567293,477.2199252329727,406.2406551429934
753.6777252158854,121.52301892990212,865.6857288074754,186.60282731047113
17.24471862246188,135.4520899922065,444.5916317650473,190.2232046054624
187.22438805918642,141.13871380631824,300.6623531679824,481.00675466940334
80.39241757454266,225.75012103692572,135.8532871867947,360.39545349475446
171.5011322446019,334.97871934198656,224.18231577232012,359.4388090041916
406.8476687592351,95.74380326871734,495.9839020661124,386.69495660911355
151.78923716414383,60.71058339142799,162.83624140041925,245.8503336706284
45.50561971004784,419.4059379452316,141.3229245032276,431.2723388664374
282.2515314125542,12.211523533524844,345.8010252678288,172.43941855983576
110.67505804231308,229.12173392579197,214.99981937850615,396.14755450290045
98.40080494568524,186.8181889945129,234.92777889383308,395.74855974662415
123.63159891169748,106.74311180519092,250.99682733406246,331.2206489927711
59.09640604164187,93.80777138268748,157.00225372776023,185.1618065185174
360.3455199505968,309.65549596144183,509.27606289895283,315.11353030350176
411.467441745509,179.624711648467,540.6096595195102,230.95861858390617
291.366380668486,172.4705898081214,514.539578274071,295.6275095884738
327.95979510431897,171.76038194399715,331.5259277016797,237.86595898965263
45.872562535281205,153.88146619798405,171.14466107582177,205.53812621028644
178.5330132137834,169.08390111426118,219.88156979065442,262.27844121157943
154.21619631645137,135.36651632074182,268.8986786612864,173.5048748247172
374.6187682004347,299.48391590203386,491.62125942262617,446.81139284051756
49.07052471846313,265.2966734988321,335.9874966238501,344.52992943322926
115.60743978864413,128.86513358968094,120.2545937938244,186.32519374131434
457.85784822383295,150.0261329165434,529.464505746507,201.36255325231602
149.97022736408104,277.3981248909807,202.2515985230192,465.39169425527217
214.72330380288068,203.59422103134105,254.16183862459224,367.08908451075195
120.13371851884213,211.6721486364679,319.2309637086524,356.312247954987
65.06735433363666,324.63437662368244,247.46569330762762,512.4579777142363
239.05952871906217,165.58169664878523,265.3206755077223,174.97425602566412
320.3638239739768,226.55984073690988,371.2677942780525,306.9733407752236
51.68896201672885,282.94526508954664,323.54022854038016,361.6045719439744
235.15446115167097,178.3499023787708,314.9084186923714,277.841595765244
434.4109305720094,246.29905768803314,607.8691020171932,294.9786219384701
109.20105250392612,80.77505846212608,169.38091633114507,135.39810442475385
19.26129942919545,202.845474671019,40.31381491097785,210.38207622986855
270.02939247478,221.92308749178193,313.72899219935755,365.9830036638781
12.678304598857698,126.76664115687363,300.1859366649166,509.04482511233766
71.02558034518032,263.1833097432193,187.84088755853628,422.9875475424208
398.05902549787385,201.07245605680023,882.8883394574432,202.54775961729365
70.06743064645015,142.02994910898397,360.62240808407427,145.57538539743663
37.94827951687488,229.70964330326214,46.29139918732811,238.55830693301968
164.78413228361444,145.46544227140475,371.1180677132202,302.54820772027585
157.3478095609327,202.39252274917712,246.0113934309831,327.0719505644367
303.4287425505358,404.1193807117626,370.0835438291269,405.7881273172557
455.40492751617944,373.71531892155826,497.93660017997234,408.95796784347357
179.63905389675222,308.4627902500256,409.3513533725226,422.8379875134354
84.00636982857489,144.0059398401938,114.45956619850395,208.4727247887995
22.99838238550866,275.17179384032795,91.95813237876449,365.49611208388694
25.957140177771056,303.10544439892794,180.98129784099334,343.79728467975707
158.85939816153257,291.1484307544809,373.024875324758,387.8072982036222
29.35886735568401,159.225293263105,67.2675912179353,342.2359829972247
19.154410298844933,236.64378817818888,57.42336722287246,313.84007977965496
141.94011602127455,121.30311000516525,218.45925924799346,209.3400849825766
150.39067255264155,219.88740939205712,394.4967289919031,319.42034745113233
30.17129593797774,110.08277722157735,78.9901440027895,128.77881293156344
65.73736774877351,309.8724141754089,139.63361676153187,365.9154152063832
216.02493163961165,434.8237211194054,299.2676887589122,468.63170401688836
135.10005603355916,210.93623000887243,541.1464899231784,414.8076230275273
30.485426433467904,264.72473719250735,591.1810564941909,307.3675889528385
18.469191664764864,217.02186226147208,68.95248975969088,302.9363207985675
52.172374767714615,89.28356029959023,205.12090571214355,390.45191989438786
10.532244220724587,168.4122138858984,229.63279181338967,230.98341627193219
101.58768210495954,262.41729215824273,365.7549200183179,288.6994522777783
176.56900110504134,173.48916016714398,238.53479420128076,178.46192532647203
376.67354331731383,141.33517289142742,392.67681808954114,387.0472291988698
144.71776715268518,218.9694336821781,285.085748518174,429.2616645144152
574.4588916118823,128.61931493341655,579.7682288574774,364.1287225539058
303.675260348671,201.15975260604026,455.2540257715256,280.36955894219545
29.392267327624747,284.33550131669824,229.9141022851607,390.7146120842931
20.327063582342255,157.45658749544288,352.2826896422641,188.24818480981418
102.47840335413905,320.04367202530364,240.09725358244316,393.4767549656542
536.2056573999483,281.25416566819297,612.8930199217034,348.55317168356436
308.97929887289206,93.15651290822404,373.34377259786595,194.3473900289052
246.7637963706208,152.16315132263253,248.38676853350617,165.3676304038164
72.8985245178719,99.20569689375688,123.18355660307371,292.5959467936392
218.52772361279747,187.32538593351964,280.0046697827295,354.25398889959473
129.19948819817932,93.32290014827214,249.85787578315572,160.45750060204787
29.219351550214792,71.98614729585806,228.5757524353303,91.98514339220254
221.70490239569145,186.56258624967884,467.8137914496837,242.89581140508704
125.90812833574277,196.1495759050301,330.16534973350963,268.87063757010486
15.27991051337215,148.55540618906326,94.61444187978444,189.26997609505804
75.17929873825732,43.55279669571855,210.14178549527003,84.27423911295207
128.29676071564597,151.94819900639476,136.60554544710692,228.2564223374511
515.3334913140013,152.80485107379425,624.714572774059,186.11761086612685
200.49294761369782,338.608917389543,250.32670314462675,403.8187066503219
81.51642103442573,396.34836671129744,282.3621684518876,414.7665890229409
244.3946287973918,135.96685461266588,491.9484559716424,255.14832177304527
193.57903336760887,170.5850890012669,237.69638741114852,177.3528821520245
25.89705610290145,23.495941373651497,146.77621366011417,186.26473530263078
178.60869029353032,72.90903625137074,639.7536043919167,284.4706107087487
17.48427850266355,216.5075627624058,94.95116937763093,245.7090638995887
133.5483212208489,276.33441384001793,269.54242097485115,287.53490218191155
126.73186016314074,118.97135120108918,282.24130889677707,280.89527202037675
233.3892691277845,96.35191977993657,384.1637284922624,296.6052952381024
84.93787966077318,255.36075733882916,230.99146377879012,277.75422059147286
204.76784579038303,158.32003585498737,378.5991518627049,328.77626190963787
101.25024555580532,146.6808554387968,284.20497304352995,311.91729268470664
134.04124272327317,150.98738788479687,170.7174953104731,318.51606214981416
275.63671975384705,287.95282244946264,288.0628707927962,319.1779491017033
171.0257956160025,151.72102939558027,291.8050664084758,331.7559749909312
192.64029752558912,265.26313237633207,284.7313152938174,271.8976881540441
14.484068216290014,109.29521353986773,58.33542684142657,177.1071911827435
643.4196807970936,87.83577475787722,686.8593865239,228.537084138896
83.52336253766057,459.41117097275946,213.20395032590088,465.1320661858292
151.50179291371305,185.76902687591416,205.00584563523367,195.0182607013537
224.1099713553409,202.3141327305208,871.0006225414361,336.72588933121517
111.36291947500384,160.82078243100858,216.2705147366278,223.1148260105003
312.1875688610435,124.19783099067595,318.06172314263756,227.2754311127354
77.51653510198075,257.2728753705359,201.34513893637953,435.42199513679236
46.18974062138429,185.57652464234747,152.03569606725554,276.30134413974866
204.21375073914584,128.5099366902402,210.1786648015631,155.93820540626075
138.40327530995674,419.25569525744004,176.43857703018404,448.8146805091175
9.230739725868018,281.2553924964979,34.60787532011168,358.9259567426355
203.27161432377082,147.6574470747955,477.68088296029083,265.5491421080041
205.07975809943008,224.73206352257537,341.7713594725119,352.25952437704484
230.52197502627396,252.59926527805064,258.8185191206488,334.04215153276465
434.2029613485557,61.994037945949565,513.1607201178067,124.61616909622835
155.17271271440424,126.2109353108363,157.81783777705854,302.57870881973696
491.51340633046,195.92261026819173,514.3796986729402,210.83330710695535
559.0825472175292,351.5924028299261,623.9869131338153,513.0176965695306
279.2212884040602,352.3961889910063,305.81368116955286,361.2910416067488
162.88363345382373,60.38515180977931,249.96421852868414,133.2451879283225
323.82069535094206,260.5122957624734,434.1279807297954,342.7909651021366
25.667347503474783,492.65699615581303,28.511904844354078,584.1937562285156
157.1113734478421,259.5241908808677,268.7812368565761,312.70142878958376
551.7293719490086,218.81271343092342,855.965383010881,414.0020074183486
436.5850421418532,141.29315187771562,727.0676954935116,274.40616056217664
89.23096437365868,152.43495457598436,196.21368335986827,367.6743103591179
146.6678765825107,334.1286132871652,148.51820322588256,435.7590426203535
131.68996770683262,468.2126087875119,192.1658012029802,540.478782575781
250.1701168518672,213.81315072219118,617.7644201271338,318.51009627718423
252.2770880872648,142.190945404016,297.5327098524368,185.14845655512158
443.08951481594676,120.81816861548289,950.6356080453646,365.822526556605
58.21335995224485,369.7355481388206,149.7298480636292,469.84555858212667
229.74018088893678,154.68304264065017,320.45002275413384,241.5558871141713
39.299439719967715,287.3437511065688,291.32733462911483,317.442722291848
179.43383106385926,329.6666307542196,273.51363378139683,361.20638964993907
150.64608103940583,128.82026636664463,238.6098942126396,258.2219412234956
207.88419334023428,389.34768880984757,219.03569502662558,554.0149725230506
497.73568432243565,90.7134723537278,633.9976443278612,90.92130082900242
134.26278566874623,351.33845357849737,274.8753411854626,398.67961042176375
13.860208658445279,192.65276557792697,106.22511479643687,219.2924882811181
43.48708879212508,116.2235758735649,197.61148217619154,200.02191230700768
206.58120344144416,150.69571094958786,273.9676355760456,314.44448102675034
387.3632602654802,124.76082536516434,408.5200791928004,176.75706483179107
80.33512410763424,9.577190767656376,168.32735857285292,228.27657760472698
302.8362872934739,261.0564341552926,406.7642871509123,518.1527603191571
257.8200399804602,72.17441259856359,319.13135173810787,202.46697849053797
176.2900775626298,230.15784305764438,182.97679608745585,367.4817080231414
221.5762857745193,288.45870769474254,370.9690171423195,295.55546073604955
31.61625594637127,431.6563006793285,202.46039677179817,526.815162437477
479.9287860254634,16.25670008002646,751.9757256534007,70.33089464335582
232.0135416960776,183.82081348720968,255.38175550827458,421.06608100204363
5.261204251740713,118.56055311466145,108.52267038899606,120.53808286835549
497.3120591885026,123.03132226842006,660.4165924849667,313.54844373395093
360.3426439956506,308.004062207925,543.8802902097258,326.7769508713602
49.800236933319006,197.12656040917378,238.63206469088504,266.1571123787175
444.93332315845726,196.9366089498824,590.4774229465198,308.8769664797904
27.002375778646467,310.2228293066742,106.2700460409452,517.0785851313519
204.17560971857833,303.2639361489406,286.89503528869614,443.5159193278391
182.47357882342376,187.2661658141405,220.79016630512115,353.82156140974814
257.09341120958635,123.71896895150782,267.5399395203541,280.0564226117188
21.805999768357232,120.5046552062562,283.98751533459256,208.2663857905933
8.063154335939954,182.14878688795918,82.78287475019258,226.54021002492917
13.966272635544561,103.39031399828875,247.70435601877384,287.31944928397076
175.19332922288288,22.453912247276456,494.2613703308984,270.8332756845711
146.70234120732917,514.6660629388585,306.6140738705819,561.6235513087597
278.33808007952047,47.876774448535635,364.3789574929001,203.59522127429517
417.80079741449964,69.1663352759899,498.5084454086004,351.7587109167311
271.7251253351945,189.23385380481594,273.2337949774176,265.5557413492109
49.70806602688659,431.2363497048864,56.12457880606619,457.4328324096748
104.72483078412907,387.3381824983204,182.97740121271926,408.58370864784393
278.23475568102594,352.5797727007566,294.3730177597148,391.1790516708501
10.919537489767409,93.16140383951961,71.11001839088482,227.35470326958657
233.56786180610453,240.19715186551994,308.8221998411293,309.5837285881286
829.161000260228,54.58708257629124,1077.0389769738067,306.1896482667356
21.24653687636801,168.3010724830483,283.4073235445804,357.40353176186335
13.422079342259433,362.6064956367015,184.16268307880594,487.59727537158255
143.6449432220109,144.8391508195263,215.6543700056135,388.74468434610935
163.0490705781196,204.0648435898703,189.8196628514176,220.68505585085148
211.93988227315893,402.16139721628304,656.754141903837,455.2827348345404
383.6707098876214,61.20471596466321,389.512332280027,290.2502276192812
18.260169420022443,71.93228699999132,92.0330729705721,338.65399162719723
87.86026549794458,120.10678559082578,152.0449927506042,129.85018059829815
302.25726609064355,21.062685555527626,420.2624158880751,104.02511385175467
10.277718189763364,326.17546447917596,210.05855900187265,345.39772787302024
14.12428618278984,209.4797449175663,365.9244042866702,253.71369016432763
15.186535741379311,103.50239202609451,230.86315564106917,148.17684400696137
132.1702687597506,219.35835641389454,359.8835291576579,317.15171636266876
116.04888531092122,199.34366158688496,271.4217218366798,351.72066781578707
467.64729390138814,122.819247829177,577.1234760886304,291.90490901379917
551.2020168073809,525.4672439097445,572.1521799577707,587.4016345901339
117.9112928769637,202.19192713416487,294.8793095344271,271.13723012815325
239.46418345180578,10.77234321638383,291.42490485869257,89.58853141717323
338.2618234983413,206.2746737378157,409.92140894066233,232.55663860496125
15.82506232617183,187.9510679808481,18.289495921114412,256.09988869314213
294.53950033889606,227.69384259462345,404.5503887130317,439.2775317484399
358.80425383177067,270.08309899059935,376.37556422418345,405.22873501892724
904.5733514389575,270.5905959399622,997.0535028603961,476.93602396411484
233.30757492499416,158.68740639409268,354.5036312762633,522.7844037258064
31.216028663589437,222.9317372286887,237.12305425134372,429.56300149566437
132.96330811250232,131.21072895827524,196.2869791254611,423.30921877768543
89.25825762849668,463.85246807710826,227.5880941266601,517.4919116436002
131.33880736722077,199.228551233081,319.63854010786224,207.71927574495209
17.215870590582572,137.44602657784338,189.22578967363214,245.2229323834575
131.07973941916796,182.26406219814973,166.78071553479833,306.6838063512035
23.542138982727298,92.08454261239687,46.05890252481674,266.18536081227603
12.722434518295142,119.72076453067224,290.4572473100199,316.4202926909765
99.46532265852545,265.1119449987452,188.36292223966814,336.025294944408
356.0046029203752,274.76357622350315,456.6510379702974,432.4899445104404
24.265638644240095,221.50520095804882,180.08623204982317,421.13379155401725
33.55578721137578,161.53878618019243,200.2350612787837,289.28985197251336
23.864948212590875,236.0441707886236,68.75574277315901,344.7756956485693
11.968594226546344,221.3058224075871,142.85270161499733,273.4216758590674
399.2553889692091,332.9635367240214,422.99250206749633,440.8722373551721
118.96071283845409,340.6505537896149,126.06502851761995,412.37516772277405
791.5041309698735,171.000312092822,826.3380260570572,211.8588885715459
34.86274915798455,224.4712970798563,56.623489815002976,324.2240136527439
173.99700754181907,52.58602737490105,245.04413928653912,318.50578936605797
230.78521330035005,110.6114924093382,301.71549760225287,169.6349154904418
462.5816014370386,65.04910974051637,479.3574398503106,193.79547309717378
27.423522074602854,194.2553213651523,58.01454552749876,469.5205054132206
43.25412238192273,37.351564169581415,225.90928629249342,164.07646305560246
110.90137750235456,182.27368396616632,370.8036546822347,205.64500084900985
41.0111944170779,60.912918217541325,95.18390080787894,307.99546336405837
471.4533167624511,198.86145539955865,563.8375221689815,209.54106717083323
404.9916888154479,51.74437414470363,482.0935924565847,142.05689908528183
28.52033810260646,85.9821189074539,181.43397651528798,279.2878559636434
192.7819910415986,182.84752774523378,314.3613073767933,236.78827422998498
354.3819065909704,386.24903743371914,430.5524135926985,407.42055430843146
45.97760356910269,98.46241009667679,126.93138718412176,169.26521956129707
24.71257058977727,103.57858296520756,36.784988822064314,234.38801502714296
312.1439068217109,156.55865442392212,358.7109638126139,296.0557262332383
41.54953099306693,92.93133990603495,160.5025881704773,245.5013377652393
17.454144541241106,115.31334746217439,58.51268308240046,249.21636771509642
23.292296770336378,156.78614527394924,328.8071570385361,178.61472853684282
81.08784892212586,475.948915724076,128.9713522412238,531.3036756559641
737.1208219972374,379.7735694073881,757.4021930683812,559.5715519623986
17.52487751090057,212.45781742508726,294.1446850552073,448.3122449213237
14.383943554870013,346.845215237827,206.57825853202593,403.76001054006116
29.74328103371894,38.2875736021238,99.85457480081158,151.60830042495988
143.09258692837147,185.19272044976552,417.96495365476534,244.9361479113069
26.38829215069431,122.87334795883788,195.36868838633862,259.1562246872482
336.8384017952294,314.3843415747597,777.4451531470423,324.9875373038348
647.6799840128728,108.33468488616566,895.6056849973836,293.53329370231756
161.78355725052452,173.92428758506543,388.3707709763329,203.25753561958612
403.3940895305053,256.67429361068184,477.56301792463296,352.7766231401642
11.779059023539865,315.2392444965542,187.1142297212987,392.61246263703765
17.17255828234548,126.3899635603838,158.55932614361262,160.50313111713612
115.38851492894153,362.74235688957066,172.4752200172378,392.9041097011724
24.882514693183715,314.17809087527263,60.81805286757971,343.3932626372413
440.37072252059727,164.76739476274298,644.1497038093983,202.76855017751686
197.45912367934335,210.18564513947132,276.7784476869974,393.18975914461714
12.95542426461621,109.71397774410583,143.85063616944774,313.0715994628038
169.8344888766016,388.7338924417428,295.2568881210282,443.07097808024554
16.507422511696536,251.782571421968,102.54829261172661,296.28501201324104
989.3038211269162,197.59798762097432,1041.3107570563377,411.711314194181
306.2139236073606,334.8368727761884,368.03085236877945,444.68841238134945
149.12972276251173,82.82237671179783,156.18273319382334,181.97806858764858
515.722460839205,109.22842463369015,542.986819628273,236.86763224558834
129.29889979136726,273.14110514058,293.4315690579287,282.8093960633925
207.15949554445768,426.5130527368391,278.5910968523496,598.5395652032643
480.02148847592696,48.66942148494307,484.24064155054157,137.21930220917884
195.0476038297347,374.2531382561898,293.9109087378741,421.3330734391378
201.5763629438006,60.64638726905716,210.69152450993604,181.04248498285682
264.87320604093645,83.54318680128682,610.3954625790188,286.01732997348097
23.55604968957852,141.23055374495237,212.57685426674854,149.32332283422826
85.88420297624573,366.6723603507889,133.89805450017656,399.78889406724966
608.9208064511191,105.94721624458683,767.414351197455,140.80249655511565
194.6918414069966,66.59241716157288,246.2064810279499,256.0415723868534
51.4013105976697,174.34127871924528,210.9450795345236,277.4490328742343
26.40624438554165,88.36662387663544,113.18907004837604,189.89903171570978
381.7696691391644,139.4622899082085,410.7277256806997,237.76053425857987
474.96853105818053,289.8540561976039,578.8879734230402,317.4440888884984
272.3583713700219,425.4570494683341,356.8799546989307,540.9766036296481
204.4381279680186,47.1272083234792,294.1546659884439,164.79315096344519
231.9686393850372,455.81684082955826,324.34117111362997,461.89115506545016
228.55309311267746,224.24205451206777,349.3147965885954,299.9265607170867
456.31427724485525,280.9292208179165,533.5736479909116,336.8657122811457
109.91307979883732,240.77057706308634,133.173227328953,291.0713141922413
378.88180680700935,188.1331908158965,564.5096425557042,265.1157224922762
187.15139825705242,317.3592826923593,197.71909289607672,455.6606718824687
252.11072783713064,309.28739673236674,451.2133517913304,429.28629279285826
328.8760558325905,72.28679099223135,438.2996604600509,87.01672649719475
345.179052805567,173.8227416915417,486.3786139059403,288.870909469398
296.90374241338816,340.8080494858516,320.583731135901,385.9922570884557
540.6523358296068,181.41965122700398,610.3375631677116,488.23876089160734
6.008228761337436,291.93005423653864,249.71027984631672,486.81161827852355
346.5485554034507,278.54091525223714,556.2553302744628,335.679963164815
9.048322054410903,211.25660838882177,109.01969279122619,282.6211641501694
205.8544420158489,132.7351899909216,326.65113713523783,139.22725873627513
114.27207843028418,297.90157463196084,204.44863785086872,411.05855084508835
35.91321942581511,192.38720258614964,226.92073974267421,217.77051164622074
40.64169602814567,304.0580108674811,100.59022772619869,454.4912157033911
325.4504862565013,284.8073220348699,386.5842833013317,538.6033706721519
202.18817880436364,237.69116104245882,221.1317618287314,300.16582240024206
352.02832531303034,200.37800355597608,393.7880270187988,210.3149471006266
403.6577619317647,207.09449737535664,482.08135586696136,278.22942997088296
134.3506661574098,163.82121774920412,600.3582247069435,359.24188770317335
344.09447076436845,157.3458153901793,382.2601890709026,280.2534019366873
35.98859667275224,206.42018089946026,175.54966731630532,273.6493437776915
363.8847303685698,176.05441835025653,487.40784613416173,339.27450859964785
19.07576776815082,175.4280917269831,108.21284140835944,199.86580963299008
83.98741779301736,217.664253928522,371.1750084857556,282.16582665434765
99.71736870579333,90.0300638996053,203.67322513245907,145.74847445512896
132.01412125721936,180.55305681354346,258.46166625032686,411.40821010996365
46.559754024111726,170.8943774243667,185.18277614537735,245.8710962177765
120.85284385687567,144.85733055208283,271.17422086799354,333.85570421945187
478.63076329522875,349.9203531323355,534.7820046703141,402.2317919188483
83.89160219561471,223.06654423178287,204.8350598875616,256.5061613972237
29.902142894773096,250.74993932774672,377.95893384123667,311.77996575556
113.89964786600676,128.59262366127675,126.90915753077635,136.02858270079716
245.92862990909205,137.67816078606225,341.038479954225,283.6686100825446
80.45508182868204,226.14314966668707,139.5609369683324,270.54723551494595
363.592916364779,59.250012832253354,383.9717496651078,78.14490210609664
211.9130554513385,447.4587037081382,217.65016997004165,494.9317881848953
375.7240435655284,148.43559308872975,395.7233911483256,358.01673637055154
412.63222219269096,246.59542599970794,437.40409490503333,362.47667537071777
31.921120957331354,359.5206059127868,170.32721775077778,444.6976435491817
36.97583097042801,340.23593174680104,192.44845935741125,347.97841084159745
78.94876385370273,146.5549172199632,98.8740751469351,260.83873677871384
530.005771803587,118.46835533372196,686.9404677101957,219.25511630355146
450.6696300252334,281.85281064052486,717.9995585997483,297.8225973009135
424.08605484054505,390.57946759923465,493.7327411550698,398.6403869249159
263.9966403247416,242.4315074925139,281.7547213687153,256.63297140938585
405.54235287595134,166.36325151971516,412.6870363356346,196.69208617420455
23.771621788485895,237.46663167602688,143.31002601961043,259.20457020346834
56.804390265430065,300.74840746648283,238.45052214142072,332.3497296670864
190.451055963007,193.375154382389,247.55525183041982,402.2357601952265
397.92749523043875,259.2308928810724,564.5678582383342,363.9236675959653
171.30791659008895,260.6188201722495,226.70154842852023,373.9189361408648
124.77926029659525,77.51227504349724,191.98919452746998,83.69353008706032
18.455458748112388,172.34582721606665,87.96170355448608,223.67265585522398
120.49928929526403,263.0142155961288,339.080100248014,303.0996540003311
199.19472898681076,95.85026304901564,207.08070963307077,108.28719931886292
353.52946322264347,207.47957127889703,425.2600271750243,240.536314310769
37.16618366163516,20.253927472880775,432.455546063095,139.4767797324601
154.27917126423696,137.73495561794104,182.6696858620338,156.5934403579653
231.15025234342735,273.8311889655341,301.142386900788,323.6507622692052
708.2423738301808,129.4999058716912,840.6081712246247,266.5292814261826
780.9477028119378,247.69496361501814,805.9562254520855,357.72485863213757
86.76393095213159,119.80485230292545,105.98418054757445,136.23941800566033
199.57590884476755,276.86824405178635,366.01665236621415,383.05534687845903
36.06451865262453,176.71238905975076,168.72134055331279,212.90309543062602
165.5835582987187,127.72734867113125,211.18913387262361,237.56318553731865
326.9969691878487,214.24181055095525,328.59719953086835,270.3708346172829
30.4122921773141,200.26358404050774,340.8440742188004,271.1357137409486
114.04248763688696,242.40436414935436,239.28635509737202,330.80721826237726
84.7492454769184,176.1914496873417,91.41206037175591,248.9181578129198
198.51365403545844,245.7148165488513,380.79960973872574,426.14265605190985
35.43203704861323,126.9350215762832,150.9736362192576,213.70399033780495
20.511067022443193,182.01454635098898,99.72339160567981,277.7100303951302
243.43640041708318,43.78960060902184,368.7637422322658,281.5385498993584
168.13771399872005,158.29643384737153,204.2838116428924,294.71266938810265
342.5037148388529,282.3782982333493,698.3516199161741,333.3177200048485
127.64741315024722,61.384375917781654,178.38763397240322,148.87289217424325
508.1549942614648,427.4891138943522,525.4844076145388,430.0150207721074
16.96046424753072,88.38171534624325,115.52461851079948,94.39891062538238
456.40344614294645,127.97369072322198,472.0663745617782,290.482879490601
103.10489668506239,116.27430297429612,363.4108690812691,410.3389176819801
626.4836287969516,140.2371892725961,643.8050046167882,363.4444259052129
55.96679007470972,119.25566340915685,207.77755296913253,163.43466945011963
92.3851597889089,33.92218681371803,132.58076341634433,218.61482265325975
179.69262236148646,375.5335176799601,269.1890528267237,414.7310539346552
208.13622123071463,377.62181193825353,431.6812124710227,417.3229165436893
189.1738069361239,26.203613419880643,455.6845108630091,345.6423728212171
220.229452134744,119.1853067502113,603.8924918619678,336.5739802575112
50.474192756914036,195.0650653220221,148.02890828954378,208.3640365238266
73.20729815488635,126.06721198276665,126.98350891785118,194.4393501625354
335.6472782886428,396.9328354576137,729.9545093380481,478.0856387950548
736.7716279726862,66.93830304439673,1265.330717351271,233.4579682552571
121.8086551237058,85.9336695794256,152.91362013523556,189.5659252111351
445.82866107455084,232.84493032078439,538.1106961432238,356.96483659550665
29.51265762347053,175.81826343466514,77.45640250454169,215.32016086921865
28.570229855428607,123.75612220285423,298.3657313228057,374.7488812428218
408.6727454695178,271.4940488707542,430.1103517153325,459.0207822608947
360.9930279285599,44.97751083869729,489.7803637226981,266.07001650915765
218.07375176574752,319.58435558391903,236.0518372101572,460.25914886812257
89.31118669710881,261.3479748056126,194.8475253361101,419.86629229533224
30.118687113104116,241.8812862141824,168.3593130607585,302.4381201517237
164.40679690697513,210.59463916560935,171.58131622370234,234.08241597608486
167.20863390992986,272.5740721264043,263.9220205373794,319.82212048505994
6.938075124237665,488.6775759453118,366.68354854695434,571.6964820314075
299.62287929741444,51.1916071141501,392.0975106218009,238.43027077605646
9.039290912338885,102.22203514508378,96.05473854912253,236.20595039141432
387.7335763729791,241.81325901977692,388.702428780554,298.4066511448322
203.28179380778474,237.63334215841348,347.4106107442464,482.5648075208304
66.25649851874313,103.69850417028032,71.41439932372475,141.54065393345078
65.681765483759,426.9169922752822,363.2511623541087,496.6944084383878
81.0097540203785,149.14465257790425,240.52690370875374,162.7453337354114
103.40737732244587,94.17763867102833,320.24169537007236,177.13014578789105
48.26388489755522,173.60450606468444,214.16098820925802,354.8326147693295
173.36535614138094,32.148419396478204,314.91149177367396,148.51684698159258
31.127005477686097,142.7837324472272,293.7473920654639,336.2121312207899
393.8298374637033,149.1749808347741,404.7948215723601,308.07343727424757
282.9963453331478,121.41321987807744,448.3376428039432,211.27720609961162
34.07434682105368,300.0576581104088,65.70409807940258,393.47900829729184
49.08570878412435,159.28139186608533,190.2458416078213,238.05153840320017
309.8644020237811,86.46190205959388,373.4845845577047,134.38458634739513
134.72506560002716,90.956897633938,248.83647214861963,583.319424804187
163.77049327585124,51.088922551178506,216.8145224622406,379.95654066166946
313.8981218738437,242.57374544692763,458.5327951999923,264.9635768826285
85.58816917064954,225.47532194352428,292.1545147979353,237.5435408560165
369.9660024660599,189.57946633742057,492.0563506209488,264.53613910590764
143.9451581405353,168.94755741352563,162.88878528395963,202.81728921216367
152.63718107494742,58.214664148750245,344.5591201677767,126.18564036506243
223.99565321462202,38.230697220312386,395.3142944593969,326.3187896079127
361.4066349111529,116.09999717559866,697.0262802621354,187.01552614794633
358.6166834265971,217.19980590684293,424.7725423794814,338.9252051930081
209.075792436945,177.77107287160803,213.3470355164407,201.00455925969788
190.1559456166073,80.4845256777294,204.16559944850601,99.52963176032083
188.76191913427934,155.95849456231167,317.7905941814163,285.26064646947435
183.75239478906218,302.5892343920026,217.10412979569588,320.4457508711295
348.38807992420084,258.4725739804059,389.45469028370695,319.2468295356982
86.29878716902346,44.37423985489376,171.46136491522802,155.496705266916
266.64736376316256,134.69966646936797,499.7242991124455,239.83522348491036
167.6177228938821,113.22284296752387,188.47597141444524,145.150771235412
136.0344576123634,360.5099298045892,196.0158267974201,367.0577516893697
221.47534497925892,376.93759366837753,263.08771521740647,690.8461863103798
227.3797386815099,65.0241121899782,269.4945810556877,246.306347022175
147.2649157644722,283.33311019620606,431.84730121809946,462.5272870905356
33.55633755966416,22.689568227675228,252.46091637896552,124.03140684096543
37.000915468398354,214.70993568531625,205.24737670105358,470.6867679829981
120.52593108975906,253.4670223483371,249.32567661555754,382.3456317450678
232.80768008561213,269.436478648809,354.62317114544993,339.2434232819491
44.96359813924855,117.51200330939042,235.56589476834978,275.7666584578837
17.825181864004694,244.12689340570378,52.53641348873615,346.13155099502404
20.351874126627845,184.92295910482952,238.9431669230855,271.34896875622985
226.19998684216557,175.90133893095117,352.74726786399907,217.3126614849092
232.70241344412227,162.60587940249738,251.39642531466143,248.26087467144123
175.69865910522276,230.42742839884602,298.23955805216644,292.4064420260216
208.5752539101867,144.0623633858381,505.8065524850105,262.32030200408104
125.39211335621404,171.74038109521635,271.4585626055231,192.0666374865233
78.50747575218138,145.23540716901755,162.23685265449222,167.13571733157457
39.59546705979931,229.65225849708895,233.21704921381343,330.95410574246176
200.05181965951977,42.544190263327586,744.8456371754833,66.13129557181372
136.29910550849712,400.36248658251424,152.0492610341891,403.3749093088567
313.39196971296275,269.15637813132076,483.0193818012378,284.76811400088974
148.45126106413701,102.83788895312779,352.78193818309273,216.14651591008973
152.0793367665056,262.23755478401273,336.9131868074691,295.1386948854348
37.076676967103054,173.4801524932034,299.01037691699474,258.022724311526
54.809440178003,140.81709187029873,274.29019040041715,209.04818675484495
114.69508556204931,95.03707136667995,283.48440909083286,341.51679605494036
58.840172402138975,265.1154691212017,320.01380822121206,361.03620779331965
323.69694938419184,126.31759274160972,423.7298076584142,196.37918697299588
428.76003120989674,218.9306381541778,429.24321478410445,259.48153952854705
39.62752573985022,91.99483208297167,423.7978003192871,160.74829665899873
246.91784411254648,162.76460502813353,334.4644468448084,189.58604077257053
113.75203554618538,294.6964350520974,177.96094880451153,403.56408988961675
55.675210041339746,75.11458402771298,194.19599991571832,169.79177145104893
175.1464675233547,234.62018051881844,367.245349195143,432.23386283123097
364.9223145736522,31.818250283763128,428.9940086741332,213.99139246645487
91.67559532737403,189.6838454423853,239.56534883945946,196.73651563905398
647.4551601057764,116.2326356896598,713.4838822463638,165.1760071645882
100.50775292564866,136.83153477029805,308.27053300745666,198.28216189007102
140.0351566349329,211.38284233689413,174.6519668789529,234.03380790002026
133.3979427867533,141.76994587669014,182.8102185633697,464.96067731813343
85.0668751788499,159.66721235326503,307.1426099381684,176.600578701936
113.5021397681858,495.9246851949872,119.16737290139561,529.3548528662179
191.86617759232203,160.0574432720304,763.9765122070214,292.6995103481929
213.58060310602195,310.84069126590106,421.81769837821685,358.1986591707425
363.82716471640634,143.05898424165713,371.05285492025996,230.7027265662845
411.412823964593,136.29014923326682,571.4842880531716,234.58213500105958
1.8141183111159949,109.87453728216083,93.36977598589772,198.59776226823158
247.45891992471817,113.38791444103474,263.77435794001923,161.0890297651643
405.4426027015755,212.02680977059921,577.5549459160812,289.68870531087265
275.0197522824076,112.02282704947241,591.6733881397768,149.05988472599677
324.9619967692105,270.34638059741457,341.5748750859036,270.8777086397153
138.917659579347,78.05099016000155,324.4418228848048,325.4448262007634
563.8348336231662,230.2937132120899,785.7288998490536,232.62129175194755
174.82935587734383,184.27934759950597,223.6584507690072,210.3691184190871
92.00679797422347,100.36605207975009,185.8610816480167,144.63845888134708
140.97093097464423,53.46144090987996,187.3136678035874,418.63673167742115
33.84528678956083,196.06744104304485,218.4662113597344,473.1410425607883
236.36868197536157,82.85150858908472,240.3063705146296,230.54551664284756
230.3682251704036,30.3368449439849,275.864304827238,111.21943989815702
141.33020044852555,327.0268415388094,164.642363528987,364.70129531042664
191.08779111500593,291.9873621891883,266.4037685853571,303.2044831561088
133.81115402176536,149.7204082475064,148.4425454000988,163.75873039228506
17.270471997132237,173.2277224599074,74.22345256985433,207.1188864373153
12.04004618503539,216.57627966012873,236.73073406324056,263.23778012358304
555.155373249579,240.79821024648766,621.2600950759703,579.6745645136165
16.543756170811765,261.11306807777095,308.92777160052617,340.0978094099683
269.2186251987164,33.3909326597557,360.06257718075915,265.49755299541016
132.3484013388574,227.59750986143857,335.1789280222002,357.806509722533
560.575345667338,128.10408082343093,697.6794714585731,137.59357449975556
572.4808789926814,407.61241828458503,578.8422939774773,432.7275302074086
113.17019739590837,95.06234883171055,332.4151648869432,113.51665910185419
204.67591138884737,222.40017666875903,247.0835206582445,235.24640947116495
539.6526248112285,79.58458012476977,598.1440629774528,290.05157880147493
172.2269048986438,163.75292990756262,219.8444449110368,235.9163565711599
202.9437632461494,235.3691691491621,364.5722493458012,242.02684453990742
140.16337014097965,223.310501345662,243.09490324390214,305.81796063549547
340.0007685038869,198.8194915830896,364.63279075760755,239.1765608544392
33.77840046171906,191.46087117006851,248.2291400061815,262.61444090506
190.82881840224874,101.86768278307059,322.80116741969294,108.21648746046199
68.31860995985568,88.662685485422,187.58141761352474,150.99484214244865
400.18821764632554,121.28262548132423,861.0164972161672,121.44486194650217
206.4497681020335,57.203869777167846,392.0782748166391,110.39666975135125
115.56225657412655,263.5386138198686,348.94383109843045,390.62168038245443
110.28992404505293,364.40931678402353,219.92872125389735,401.49647072930196
15.39504401579548,173.70899565666545,235.02339703520602,286.1212844134307
693.2695277361381,390.4169039431047,727.5410855409486,457.25924694731674
232.76336091040247,226.35127380544463,343.3301959485418,300.3219217419392
577.9778039488443,136.8284432294565,879.703477066941,184.06463263492162
911.9087661395413,279.4353333461327,1023.1116239603207,312.1378767464708
103.61553387169484,202.82526635180184,255.57207256309272,228.22822589440486
257.5152666059944,124.87848748668166,257.69296611156074,197.1055838555019
203.78003456060983,50.40842849716842,276.66525911735613,233.38213592647998
550.5844834930515,228.3833949339625,688.7788586104812,233.0288784931514
193.1883560157558,464.43664487176824,303.0311428558008,486.87706698700833
2.7592709101219857,74.90370535019684,121.82169993094621,103.39394453125216
316.5121150121119,198.02857863292155,335.31900023315825,291.378565645335
20.438478505534718,224.72440200781247,374.3542369590899,419.9931294952284
171.401936572997,52.6225633258512,213.27030172702,256.3459943596994
706.7621191079324,98.42744176961453,841.1305532134136,253.8385222899614
150.58983335407663,278.43093519361884,369.0808949813342,501.44305792326446
194.116417991789,227.42704603483284,199.41966619542964,391.33877895938986
21.93542356196802,161.18005689274312,409.75356578705055,233.74255442527772
210.14481085777032,52.87112237179698,245.31831081044257,266.4163852444839
25.708250035670208,197.03105325815352,134.64118872758033,402.6300627411081
149.67811949059532,33.05896205482407,166.7255016617878,131.33996690807277
39.160386254739244,163.92100274026873,171.80279256863676,347.25274569457866
129.29642905119852,77.99090803661397,271.73547086780786,248.54173653055852
131.96860512833754,203.35861169901173,296.67540331628874,312.4615732609551
79.22594669979404,94.95678246412992,146.86219035053284,224.72773260309606
409.29118181127,148.00980809391348,462.8319806548419,305.7686184348105
41.10509546144714,48.037175666874234,268.89314761499713,415.6435858049312
92.85773526114548,216.04820334336267,147.48984556477433,354.231649094071
228.5348325280967,318.341193168432,231.58961878309682,372.2491071388139
85.25706366775404,219.57161445272817,386.8778206680511,341.74753636216604
339.9300296143846,145.08839331474687,742.6296096304941,192.1918985337436
143.10503495891768,415.60321241551463,157.17009262917472,434.5050769535607
25.107627651224682,56.35725791189608,55.450900546756465,497.43731839481137
501.2842592941349,206.65951061388688,530.0206650139703,263.71101140586796
118.95169694485165,198.35420172858264,312.4072202985007,201.19120597526472
29.71790263574261,307.13729735470343,225.24365155350517,342.6026569553997
20.801524686082615,262.80871544014457,189.24759676730443,459.2061635203296
9.69517658648067,301.87166308584773,149.50699011337167,492.5726891845389
76.64867077737819,181.80534512696724,186.69257869226817,199.229356310645
181.94544870997714,182.06477592939314,280.4807405551957,338.7570516775729
282.57718610033646,211.4503535223694,283.28748028762226,256.1895913611001
486.74664191547805,201.10948496023227,613.1859825586596,201.9244116518852
176.45289131510498,231.6004463317581,202.26085024524076,260.86720818586025
197.0747945581049,181.63082256247094,218.16391072055222,249.27275755077628
220.00821321825634,272.70929342943344,426.1473546829201,282.7430650250857
659.2882569768507,93.9012436124833,825.412492157322,282.4494758425211
154.39846292235305,123.5120473618597,329.01661799447686,125.92155447154072
317.3686057425023,119.43960010841603,331.80851013832654,303.268108851118
94.49729407036915,198.88278036382036,301.8096069788461,244.0745917699086
147.8152316131794,83.75640105827108,189.24958921923678,156.6751345674784
367.0915711637928,157.17145186580905,389.87890640854243,505.5505104256976
217.21840188106185,280.0346845158631,651.2406372378491,331.41273571311547
41.144366329318665,122.29646627887155,103.84476432748419,128.738807789517
638.0606586400086,223.0689631209397,723.5614023395719,354.20105981377526
280.20405372660315,267.4158136420292,471.9673068107789,363.879523402366
825.2833541445967,185.86554213713742,1073.3048239159928,186.98159723527928
459.08825045251365,269.6929849912372,521.2628806258174,286.60524377029043
290.5381319148145,16.054028167326475,309.63293352929725,361.1581039368382
106.8057033180653,184.14808409741096,117.93701046955844,272.88623290659103
665.2287623079939,180.86434500745648,762.281376524979,196.65336657251737
246.215500712479,264.9804890594966,285.9736946560962,318.8563652132922
127.02057184990427,210.7479895722956,336.1799147875811,310.94234646531834
17.93893297569496,234.28244079403717,327.0333421064863,325.1528244616486
219.94637988741636,159.75476140744098,220.8727373087774,229.52733876164433
101.59084800014719,61.340976815984504,185.0053075138568,221.9988313042636
282.44118806689147,504.4729526428047,523.0737194343013,523.8933182606213
146.92758411322134,175.5246796306528,351.8554105131283,178.80225974659112
205.16828662385288,120.4232827807451,262.4330390187241,364.0874015429591
246.38445122080316,249.11309597618956,290.3397949139406,277.70779884307336
247.16953801016209,49.88456177930277,374.8245636427293,194.45630781325323
476.87784884368006,221.2159190622896,529.4242596184448,265.73393187560737
143.46289032806982,30.082430383927118,194.06770457121968,298.32129782544234
357.06842930764543,125.9714697808137,432.5597200412162,360.56820910899785
130.49554715538343,200.0856672250925,176.4209162139002,318.48741074655493
49.68515431029809,273.34914313788033,185.03667162300798,308.3664343187279
47.68289184644532,364.5508015744446,612.5608748775961,481.25040113053905
23.976165335080452,254.6695240796089,324.59852976607317,310.5725373951435
152.10117069458394,102.06501377990895,485.9733537380288,123.15585476518596
131.85862862912722,116.7357690426491,138.82259975056925,252.9399227362659
259.1034849901469,277.25149341734715,264.2361366155551,349.5304064872147
320.1316276710264,123.04148100663954,364.7299937060737,130.8896528504912
257.72623970164517,62.08766576519618,418.8427761236871,145.6922426694144
163.68244453425373,100.75655949055299,207.37817342763043,192.51744382035753
16.100642280108165,170.1679383036039,77.49520480754016,452.8325657843486
333.09744696083425,190.4226691999544,366.26409158266904,467.7222893840717
107.20572275786893,107.39880165297457,137.5055692942837,394.0526359697828
31.007102887955565,71.02259434822835,64.30372677401053,78.19060761831606
3.854646089245541,312.1314406933219,112.12052264274094,383.5958381845156
195.18611406195848,123.57790368351,199.80495471471352,215.83897493488539
250.9472661082729,232.82018685056093,294.9330653115499,258.46485706752696
90.40663131848177,257.4135373492135,415.7911600154151,268.62733019280944
98.8650111676419,157.27238505006207,441.5826615361675,263.78830469159215
40.596358855497016,363.9630077319252,56.10829522040843,381.10163028317265
307.31697968351125,124.49517238239594,510.04750482217855,179.50462731981082
145.95915901078283,247.68832837920397,431.2064015045663,338.12074714044996
296.3895252423919,119.08950128513426,517.9553094435942,145.19045881758973
72.21735593196567,95.42219917673286,164.08602818795953,222.53737111084186
274.9905202639374,202.01805348911302,324.40887718755937,329.0767484616589
136.5855095877465,322.1320151985652,250.09298142472815,415.0665853396804
194.28073464821068,234.35760414727366,256.8650187729771,256.2389460946053
18.710458352298232,172.55040102724428,72.36976640616147,197.26576494792954
546.5570681785127,86.98421212710558,633.9604901419928,334.5370209875563
39.508529601522895,54.09493543013423,91.51436807308906,167.2607464241692
604.9514153363401,259.3585603486164,870.5780520376569,332.2351381707241
417.51701616772687,85.31418921390399,479.50531894279624,162.24395997252392
250.65416519808866,172.83966736119734,303.10501696029564,299.55967475892066
23.179806779587388,165.92151185845097,374.31864103281185,263.9865635606965
199.9560297993503,101.48700258885968,307.98061455209455,189.12593439866663
558.7502333087457,180.78238259758913,570.5878574627861,282.7503227508369
113.86945670990845,207.2576046797809,152.53918751121168,269.5282011711622
312.4732381679226,267.3222717782445,327.7573043717612,325.5189531471299
87.170748270206,123.59659250990691,191.9637006319527,186.8167232754067
67.41927219255686,172.250126408906,282.1858400861946,211.55652022751065
506.54414442136124,247.014517277522,671.4832444831392,348.83598895246365
244.9136925190583,39.76599238448241,363.8920322775725,117.58970464508785
374.67749083370825,92.73070629840863,399.7577706963086,212.9177758806921
463.1010769052758,177.843453088605,672.9952465148008,213.69342605821603
76.58118893133187,227.94586591461416,99.16080549640009,306.1758467974048
27.16108756119804,184.0519086689418,266.15741261635713,331.8518769130476
229.3899404766412,165.67951033847245,253.47008317434788,214.21568717313465
8.168802568685013,111.32621817004028,51.79788138892322,202.33346207966218
21.798058910010905,317.37831463116254,99.14286719658735,367.53542849549405
270.84743335889107,90.48191889417494,283.38794598112037,166.4002579161496
40.72895783192285,305.88033133208893,255.52125437630232,413.77808667355464
19.43969265956764,226.64802635689685,214.33858614409496,255.83508608942907
143.9143246574489,341.5787376053405,199.29222468941092,382.54538740638367
140.8928978339011,153.9417227983053,273.3120018549843,333.5979451468111
259.93262022858573,186.6859839055588,281.5753838873663,205.59515173788455
152.41118206299018,152.04374902516773,588.285964937204,216.25933370044348
166.19465519474363,247.43215241526667,170.86620968238662,255.17098892992698
46.25058350943289,152.0053803487121,92.83466067656514,253.1963690631629
121.31103266292972,429.30457427417974,643.6090352605462,458.1513875347301
43.007389659888865,148.65565978309343,306.24809050420026,165.5924248786627
343.39275297557003,325.1763313153755,379.10192608498755,399.49187812330274
109.95090002057373,471.7623816026231,120.36670874703776,485.5019705011217
128.32597687052134,334.2716937489663,232.53355738539332,416.8435904962513
484.27804156188535,351.4662913659192,629.3855768074235,385.3353467079129
215.57010807602242,139.43497130361408,287.35984761703105,348.70193207546686
194.80727110251084,280.3727698486498,248.47445175386497,291.5540904090286
202.01430489122203,250.8427648854893,270.736458118164,268.63220736836706
773.1411578828387,36.70728262386099,1314.335554189489,73.18720294039832
374.99194821759846,70.25566353264,974.2493662627508,123.57994160588424
197.95850493139486,118.8671334433278,262.3095682645829,433.6320246555665
229.7139311967424,203.81247969507746,446.0637381788093,244.50982023733962
377.43560433935136,275.66061547068244,635.9433294344066,327.04175427854483
33.988734212308394,198.49797051543155,378.9727640186896,238.48783520356344
244.37294387241315,267.51569041421885,358.92296861454577,304.63162521422134
231.5246564134395,74.54905231397096,242.78776788384081,242.71150405059294
34.2153665668917,467.6253473936325,65.49271565442508,566.5145982577055
351.13085279068775,331.9435579785923,714.7553844406757,361.4552712192783
49.93637614483793,205.31520025095534,252.93826704357014,281.3760733434124
264.9521768231196,145.16360509961655,474.756354044967,190.35071146661042
187.38508194861686,232.26736080400127,555.0525252368782,313.6610797372866
26.675409339191294,205.42676297605686,127.674923051296,216.520629158167
274.1353708306646,177.66879576217482,274.9764336263401,186.2529166974622
350.94320678715746,144.1419511695247,537.0654738111983,210.7956868978243
318.2680457244906,250.09793176583923,557.9412326544918,258.7838162698093
144.82978830714967,435.29559156224883,192.88088218042742,455.55711936119894
138.17709548145325,113.71284777987006,153.0639576058957,271.2398447181937
87.32761228849782,344.5685462624719,616.3232556881684,389.05025509448876
60.78693985041512,365.1550059323139,160.3701995521401,397.3263937270321
13.875629321588093,359.19725442014754,253.24373318387188,365.4793877708732
174.9766437326333,231.1738672155394,265.42092972961024,238.69539538269262
703.833545450923,44.02759751315639,894.4712262096721,79.94128361989665
406.0427481340995,114.42538056826014,540.6927722508864,129.82489579988652
54.342446400693994,193.2534313542965,307.2217629208929,197.15427866801485
541.5224648131791,159.5322050867029,640.4490755720774,248.6313350975721
344.793520351207,97.88719077180038,485.5267290287349,209.76160583655067
19.311385864926425,123.87247056050293,206.8090857106598,148.27538878131355
331.3338175729173,65.32753507863752,440.4768301312809,319.16425957852147
366.1239702225568,292.9706733350571,921.14362213503,327.09439234908837
173.74327914182055,241.80072980390412,229.02886243084515,255.7862903822873
356.8587526397486,78.78420640258909,438.6732294930772,115.30979782493257
31.292613814365946,65.34923378962684,98.01029391395822,260.3650300378967
35.5825528443565,341.74957186474455,332.5696451878905,466.8395063220653
68.5468061705988,257.10165303426544,201.29932905639492,364.19527089329773
131.87313631604846,193.97288031750958,154.61695720400027,327.4755035191457
177.8689983716676,233.94580027495806,270.89918852080456,266.56579341001367
321.65481240963186,112.06530095454059,406.0983838177421,113.23840464307094
233.55151655518094,255.66104665374277,281.63599890439684,310.21024972604954
245.97715302786187,111.59104851425005,398.3271107212908,121.00134402395892
353.45105853118463,171.7302050768601,558.0491609889413,338.4494671812614
348.3796844564789,206.26054174508855,581.1211001443438,208.49527239599357
134.5540656853049,264.13574934629816,252.34416099628405,289.88120954523225
157.06848183479508,259.8626329511389,267.5128473476559,330.51378073054167
332.17324334972017,295.1626995894134,387.03218359587026,307.6285205209878
221.015155742762,295.720780426147,306.0673241592449,363.7651398610389
33.26517112237534,147.27542661361534,78.38637486740456,153.39606218923308
203.71923298906918,221.39465423804128,210.9988581994116,227.82204061431767
39.289533808922805,66.63078184952373,330.55244483884036,387.57950431949223
29.600558132654616,439.4908183744631,126.82012211636214,447.0905592331368
244.6536553386705,191.57028193032235,360.0500530518783,386.6793974330971
30.843079308517826,226.60652813717851,106.37648098813133,277.786808208027
40.12712877281651,90.1049848359178,138.24153653628898,288.2496254868831
58.21210084309054,139.58894167832935,381.52524545601506,239.5728128933312
86.53912619013177,224.0531270032746,240.998101544215,420.39603235665464
22.89317692336206,253.6406307559162,61.842096129774035,259.44165438230533
220.22907760904522,264.761185614866,586.7655343751211,388.6170121703019
146.63599168104557,216.336340110152,253.7337338254799,266.30082262027383
304.9480854979399,53.87237516419329,463.68945974022455,250.09395688090828
224.9051814918168,256.7364335978869,397.4569031292021,289.30616615381496
36.49552578237184,188.81516946337865,86.88860499701265,196.4173883193095
62.57428690597468,269.69827673432115,293.5951814918799,335.2018334837748
46.960577670426275,297.3719674517804,188.19395477928427,310.9540959463185
492.48032611896315,332.44340245961087,688.9115356431593,418.3934599024729
498.3160013318702,243.18334991906636,534.5206885273645,257.29598353875224
133.11718734367292,116.20863600504806,226.73914046377195,160.12065455060178
138.35561535257784,500.12320241312375,232.20358364729066,546.2414362356782
267.8523231240289,335.5480272153256,299.7085643585831,384.05422790887684
215.96170722585882,220.16468574759597,230.53341556893312,267.47185401821844
226.53049580773046,312.3109246466108,245.12972067796102,386.7884074226327
381.3918614984863,122.79300276875162,514.2602905226594,287.67454239027575
516.5575872015713,32.15096084952516,554.0455355028091,291.4657275838496
669.320995507637,284.9624591410826,792.7745078510158,329.8641930504679
97.68980760913483,195.98464556278867,123.14874014536865,268.5220318910395
187.07129825904272,313.54291447327114,261.3949861592052,356.2806477034251
351.1882232977753,35.7298659347931,465.925584036993,78.20838962721807
31.870615451500473,112.50448267466112,55.72687093004334,197.32433024918222
46.2513213179565,159.90070587793053,160.3802629464787,199.67031350188984
363.12817333466813,164.88729827168206,446.608989766169,224.8903755600015
118.17960564644024,273.2022136707433,249.54511712311952,296.2772879385502
219.80662703322346,51.59193330803504,226.52542228425042,277.6587246948463
208.81399470073998,48.307551070028644,337.3226381253144,105.80051800584276
279.05175653241776,210.75508843354544,303.06279018334146,411.7933168367745
67.32975935142795,284.27675948606526,93.4347573217902,421.99311331710487
265.76992088592164,173.0997045863272,293.17373736125296,199.6989343845152
748.4764498427752,421.84234079656136,775.2136847058131,438.69539086517267
141.94355115411372,204.7836825459426,354.8490322094471,290.2384773214291
46.918824632239144,122.46514802087601,238.363877396861,253.60091788572274
21.1718522124997,179.60446404330685,70.82971427584853,342.3144975460251
37.72184466453199,108.91180914711066,99.51250595970221,367.8927141159637
93.3170057344233,218.12693179248802,105.48741702442521,366.0514857626803
233.29005729741468,58.27978783323093,475.78870404669624,195.7887375951899
93.93671123721238,104.92007662469119,138.1663468418373,195.32982723831552
213.69323820747684,405.07999496171647,265.84228430003424,426.13913793122776
369.42774216315394,343.48946142722355,477.4859623643683,417.1352345934675
46.39062491399586,69.08581913383397,194.0541166954352,133.59652605309316
104.91007046348669,163.5409720358526,383.8654983176279,239.89782789033157
307.54588982770616,148.9846389213858,447.29806360479495,178.86870338998816
243.24851114545692,30.441147343428877,329.69836806683946,345.3229332778612
91.55507966016278,436.08421032130764,228.37363256759264,531.701392675065
185.1686928488697,332.36819656525165,250.86729276644058,343.27750561144177
34.44797553950763,175.5117653340067,150.55318204268465,228.85989042791778
290.8470482843398,112.59609211754646,342.97987712289984,160.71025503635056
436.77642755955685,93.98546709392721,499.2967801817524,142.21844193117056
193.68837796701436,97.27658126924631,267.40155433359354,275.4975365565906
321.9161581515787,280.8191736808388,377.54670072314514,363.1212109870887
121.28243270121432,174.97433019318726,126.68061595225132,380.6135582927349
68.16995289683595,640.4742294971331,114.93715752611827,713.7880463449695
323.45216089441067,209.51995741729877,427.0656754598768,312.17239884717634
97.76730175081157,126.78956724992608,98.3370916817284,246.43587744215898
497.21245575640114,157.1727431787898,498.2604862222138,417.7697560469577
401.5876799573294,445.3956258415814,440.6828936847491,652.4522680660189
501.6056231638969,453.76955665033375,520.8000571011374,496.4586740800042
55.02821168060744,182.4128391157368,108.78739719826969,338.8912525472534
137.78307283058325,82.20128248398164,229.4718948669298,203.04157086362363
274.3504846983157,93.03342546241622,312.38782479875834,94.10145348943007
323.7473249636109,212.29345191371922,587.7612096607251,247.38979951082462
173.94056381130144,364.82437200456036,200.24101690855144,383.9770369163288
6.926117744604592,186.33970918837875,260.2179228481948,452.17044533440674
650.2238953063694,91.12078314301684,666.6356583728821,312.2955771103083
8.00909768433117,373.7471090568537,115.93276082235515,467.3114621791868
128.41826129256313,171.7021129682636,302.5437636710452,185.97759201618268
179.03216729980116,131.49236006006223,227.920998969063,190.51255109857658
236.2636881497213,306.8985394348606,264.09935768443256,374.62635338550876
229.81484719459988,113.34507308338476,562.6567601181929,152.87781934978403
6.479729360057335,157.136946662208,534.6345512334876,367.76583552129534
37.42203808947857,295.1345391630524,373.8044982302781,300.9495767348724
37.90736996247653,196.75650760544545,452.9788927991203,245.80418044933995
18.300917451336993,128.72303628534695,139.66394504074438,147.5419612733909
69.05092393333284,160.43987935759546,197.59837841894762,257.19042396284726
53.3869736198514,256.48792066093426,165.59168096809256,388.0971804432063
168.582385018794,267.9703720208391,251.2082211066182,269.5389185685792
14.313217958200342,419.72046677590674,39.48644479679371,468.8860383640917
330.15377686314133,217.64738041117556,359.8665401521498,233.82689387713637
644.0852360434612,235.87938294839145,768.7000862118429,364.450102073579
12.782438133348778,104.30139471692883,472.72983700968683,119.28320555469368
69.22460709293776,205.2356867992038,241.4251523915866,206.6570674460953
440.42102317333763,195.93998248441804,517.1238513259361,236.32214337407052
77.79258520275178,191.1526616622536,97.77604995000127,206.40336977624668
26.72743268371467,94.48669006296122,58.500225571854735,139.72600472726083
157.22875047341637,225.97768350411448,404.24706654576244,257.2845981245739
285.6329602142929,227.38363452811365,483.90326898912366,391.75173677330446
9.868762628212183,360.97071702755574,79.05927514555586,628.1384720886316
11.108422881592066,265.84696505231307,93.8378183697195,406.7616326214366
277.77465049009896,328.5993696285716,506.70679485173787,366.02974054436163
270.2301236369551,258.80351927798193,355.3600721150631,386.1494362001298
206.50764959025264,347.2162766070922,387.3677877863299,369.7907604589945
145.53622169028097,181.3224653908068,624.5510166864789,247.8048639173872
357.9913245770696,61.08403453796877,428.6854471581785,211.74135983024365
84.07352063078882,326.5793859583839,151.75636510468223,354.24797991600076
153.2609844440716,197.2104583531541,303.2575923309962,239.60631196544534
98.7027669053602,170.27911118802717,135.559710100227,327.26818876486266
248.64423368117946,55.07017538207309,394.16666622683493,211.43476987574252
245.25139381729792,310.8195097782228,416.1740239895054,319.1604725685803
110.52209741165015,278.6372934819654,280.3351789774112,386.67301969294556
505.2769519798117,84.09219704521486,646.8266779083789,107.3692179413131
123.42420293308068,168.71317640559604,317.4536227298774,572.460701230133
186.7035844107649,148.3222678801741,354.76760246692726,196.98998748914389
10.099565604428484,262.69847055217383,310.06612397184944,328.51753627137344
164.29370184682136,146.80263587428004,311.42952879293324,403.50499273289677
69.07558170750349,303.612762901461,114.10293956831218,459.87954679025944
190.18634028380663,36.953272836412424,286.6703426410013,123.23429424447966
228.11345209340593,114.71737030008488,741.7470077381267,299.99143274932163
366.48488943290045,110.11037011058156,402.94388214088747,191.64094372356888
314.95316577445504,269.95193503801767,359.3964585789565,338.6582515415657
581.7173595884801,68.71632247418549,602.6123320200456,162.0227213086366
382.24355889541187,238.9096653692767,396.33488418690166,385.82272862490237
222.15419920851897,128.54444262865906,491.2003770783238,260.92467548306087
15.375505741410832,131.98463652659163,170.91454379357558,210.62289703729317
164.7977773754525,314.684816091643,231.76210036916441,408.9053813677081
51.54050424667365,90.57259281722195,119.50108930187791,303.392206908841
274.1706911304298,296.56624260472586,365.8119752898922,424.9551910005122
28.758763590870128,245.24159429133155,164.3375682557598,305.3063229169215
148.63968208080257,123.22378271578665,332.56651439156417,166.16988675826065
77.16708029752988,92.58220808998432,122.86650493939064,368.65915507198986
121.50642497574665,169.94918935380645,569.7922238292127,176.851027330227
274.0681965993507,181.19877477595955,303.3240150298348,203.7217266333777
13.211982653205663,194.6979033308392,99.20235901420004,207.8904383702568
65.28025592268968,87.16040835890728,125.67108266008675,127.46115973449587
308.22161515967315,48.23776003181696,446.3582556955917,81.97879647568803
335.04057916223155,123.13234309624923,403.5123670714657,387.5594321324684
150.87735949719436,354.2292278458463,252.35946086459106,364.6576774851052
81.39430323516136,265.82811050166856,249.41812811810024,495.5658331285405
189.2002024184273,226.29122537252934,249.7273425219167,348.3606530580034
414.27035508405146,389.24700812707704,443.6623586394054,451.1670584062298
9.706002085226954,105.21629801587028,47.442367646210364,150.32556039863232
401.393183051401,51.28737906194246,938.8762208281931,236.014014135347
13.52720499587376,154.3217772383151,128.74686667821712,274.0090136051983
685.5271812083874,206.5755345234122,845.8241799425487,243.47067254949505
441.8491077407541,396.3473125809232,478.14026988473745,407.6439046628075
106.72707198551963,313.5409405340932,238.2873520223226,349.41597941911135
185.7480520336518,58.54703226210299,309.18451530829236,80.98656804554683
204.67878526536782,192.25267941172237,264.5255745874861,380.30591592518044
421.06009156601925,424.60461200527396,904.001931972652,483.5098590347831
336.28701514503155,148.5336777977558,340.0173273045596,179.31686955741546
56.700153516255774,161.4408369368932,104.18226146936541,356.60557163647144
15.017979609109661,365.952694142832,594.1749303964352,411.1183458588563
1076.6163230419802,146.3386365538772,1118.6203749006124,177.85441214813258
307.04451060315074,130.06670112253903,410.52957788151,136.87704986833867
229.94746564453337,81.73573661302093,238.25905763999666,200.93357886932324
192.6068734092499,268.88427643080394,326.51006741390796,348.1209290545167
35.91708485393278,296.19985394672875,57.83168124225775,333.7795268190651
97.69443220684812,288.4013841341905,254.3232492653483,337.6420422394571
168.59715249095282,118.04677092706687,199.40037159151146,411.7212182845074
337.3915354699894,65.43001331892307,361.5454975242221,470.8172519595384
257.2540234703464,158.3370615533004,271.517198124626,370.56399940511784
89.78957931647946,254.6633406462034,154.5896123424084,280.4694995640479
497.68889412535543,333.63059814497115,518.0325351262427,370.6480066631183
51.766215537619786,176.62076810199704,188.73898734362163,213.13791976374867
539.2482002560013,164.64049194249722,603.242411561143,220.3952318546459
240.25836022296053,223.36765734675038,347.9395494467193,450.93530932617733
