dataset_A_file,dataset_B_file,point_index_A,measured_n_neighbors_B_close_to_this_point_A_70nm,measured_n_neighbors_A_close_to_this_point_A_70nm_excl_self,simulated_n_neighbors_B_close_to_this_point_A_70nm,simulated_n_neighbors_A_close_to_this_point_A_70nm_excl_self,point_index_B,measured_n_neighbors_A_close_to_this_point_B_70nm,measured_n_neighbors_B_close_to_this_point_B_70nm_excl_self,simulated_n_neighbors_A_close_to_this_point_B_70nm,simulated_n_neighbors_B_close_to_this_point_B_70nm_excl_self
cell1_ROI_dbscan_centers,cell1_ROI_dbscan_centers,0.0,1.0,1.0,1.0,0.0,0.0,0.0,0.0,1.0,0.0
cell1_ROI_dbscan_centers,cell1_ROI_dbscan_centers,1.0,0.0,0.0,0.0,0.0,1.0,0.0,0.0,0.0,0.0
cell1_ROI_dbscan_centers,cell1_ROI_dbscan_centers,2.0,0.0,0.0,0.0,0.0,2.0,0.0,0.0,0.0,1.0
cell1_ROI_dbscan_centers,cell1_ROI_dbscan_centers,3.0,0.0,0.0,1.0,0.0,3.0,0.0,0.0,0.0,0.0
cell1_ROI_dbscan_centers,cell1_ROI_dbscan_centers,4.0,1.0,0.0,0.0,0.0,4.0,0.0,1.0,0.0,0.0
cell1_ROI_dbscan_centers,cell1_ROI_dbscan_centers,5.0,1.0,0.0,0.0,0.0,5.0,1.0,2.0,0.0,0.0
cell1_ROI_dbscan_centers,cell1_ROI_dbscan_centers,6.0,1.0,0.0,0.0,0.0,6.0,0.0,1.0,0.0,0.0
cell1_ROI_dbscan_centers,cell1_ROI_dbscan_centers,7.0,1.0,0.0,1.0,0.0,7.0,1.0,1.0,0.0,0.0
cell1_ROI_dbscan_centers,cell1_ROI_dbscan_centers,8.0,1.0,0.0,0.0,1.0,8.0,1.0,1.0,0.0,0.0
cell1_ROI_dbscan_centers,cell1_ROI_dbscan_centers,9.0,2.0,0.0,1.0,0.0,9.0,1.0,2.0,0.0,0.0
cell1_ROI_dbscan_centers,cell1_ROI_dbscan_centers,10.0,1.0,0.0,0.0,0.0,10.0,1.0,0.0,0.0,0.0
cell1_ROI_dbscan_centers,cell1_ROI_dbscan_centers,11.0,1.0,0.0,0.0,0.0,11.0,0.0,0.0,0.0,0.0
cell1_ROI_dbscan_centers,cell1_ROI_dbscan_centers,12.0,2.0,0.0,0.0,0.0,12.0,0.0,0.0,1.0,0.0
cell1_ROI_dbscan_centers,cell1_ROI_dbscan_centers,13.0,2.0,0.0,0.0,1.0,13.0,2.0,0.0,0.0,0.0
cell1_ROI_dbscan_centers,cell1_ROI_dbscan_centers,14.0,2.0,0.0,0.0,0.0,14.0,1.0,1.0,0.0,0.0
cell1_ROI_dbscan_centers,cell1_ROI_dbscan_centers,15.0,1.0,0.0,0.0,0.0,15.0,0.0,0.0,0.0,0.0
cell1_ROI_dbscan_centers,cell1_ROI_dbscan_centers,16.0,1.0,0.0,0.0,0.0,16.0,0.0,0.0,0.0,0.0
cell1_ROI_dbscan_centers,cell1_ROI_dbscan_centers,17.0,1.0,0.0,0.0,0.0,17.0,0.0,1.0,0.0,1.0
cell1_ROI_dbscan_centers,cell1_ROI_dbscan_centers,18.0,2.0,0.0,0.0,0.0,18.0,0.0,1.0,0.0,0.0
cell1_ROI_dbscan_centers,cell1_ROI_dbscan_centers,19.0,1.0,0.0,0.0,0.0,19.0,0.0,0.0,0.0,0.0
cell1_ROI_dbscan_centers,cell1_ROI_dbscan_centers,20.0,0.0,0.0,1.0,1.0,20.0,1.0,0.0,0.0,0.0
cell1_ROI_dbscan_centers,cell1_ROI_dbscan_centers,21.0,1.0,0.0,0.0,0.0,21.0,0.0,0.0,0.0,0.0
cell1_ROI_dbscan_centers,cell1_ROI_dbscan_centers,22.0,1.0,0.0,0.0,0.0,22.0,0.0,0.0,0.0,0.0
cell1_ROI_dbscan_centers,cell1_ROI_dbscan_centers,23.0,0.0,0.0,0.0,0.0,23.0,0.0,1.0,0.0,0.0
cell1_ROI_dbscan_centers,cell1_ROI_dbscan_centers,24.0,0.0,0.0,1.0,0.0,24.0,0.0,0.0,0.0,1.0
cell1_ROI_dbscan_centers,cell1_ROI_dbscan_centers,25.0,0.0,0.0,0.0,0.0,25.0,0.0,0.0,0.0,0.0
cell1_ROI_dbscan_centers,cell1_ROI_dbscan_centers,26.0,1.0,0.0,0.0,0.0,26.0,1.0,0.0,0.0,0.0
cell1_ROI_dbscan_centers,cell1_ROI_dbscan_centers,27.0,2.0,0.0,0.0,0.0,27.0,0.0,0.0,0.0,0.0
cell1_ROI_dbscan_centers,cell1_ROI_dbscan_centers,28.0,0.0,0.0,0.0,0.0,28.0,0.0,1.0,0.0,0.0
cell1_ROI_dbscan_centers,cell1_ROI_dbscan_centers,29.0,1.0,0.0,0.0,0.0,29.0,1.0,0.0,0.0,1.0
cell1_ROI_dbscan_centers,cell1_ROI_dbscan_centers,30.0,0.0,0.0,0.0,0.0,30.0,0.0,0.0,0.0,1.0
cell1_ROI_dbscan_centers,cell1_ROI_dbscan_centers,31.0,0.0,0.0,0.0,0.0,31.0,0.0,1.0,0.0,0.0
cell1_ROI_dbscan_centers,cell1_ROI_dbscan_centers,32.0,0.0,0.0,0.0,0.0,32.0,0.0,1.0,0.0,0.0
cell1_ROI_dbscan_centers,cell1_ROI_dbscan_centers,33.0,1.0,0.0,1.0,1.0,33.0,0.0,1.0,0.0,1.0
cell1_ROI_dbscan_centers,cell1_ROI_dbscan_centers,34.0,2.0,0.0,1.0,0.0,34.0,1.0,1.0,0.0,0.0
cell1_ROI_dbscan_centers,cell1_ROI_dbscan_centers,35.0,0.0,1.0,1.0,0.0,35.0,0.0,0.0,0.0,1.0
cell1_ROI_dbscan_centers,cell1_ROI_dbscan_centers,36.0,1.0,0.0,0.0,0.0,36.0,1.0,1.0,0.0,1.0
cell1_ROI_dbscan_centers,cell1_ROI_dbscan_centers,37.0,1.0,0.0,0.0,0.0,37.0,0.0,0.0,0.0,0.0
cell1_ROI_dbscan_centers,cell1_ROI_dbscan_centers,38.0,1.0,0.0,1.0,0.0,38.0,0.0,0.0,0.0,0.0
cell1_ROI_dbscan_centers,cell1_ROI_dbscan_centers,39.0,0.0,0.0,0.0,0.0,39.0,1.0,0.0,0.0,0.0
cell1_ROI_dbscan_centers,cell1_ROI_dbscan_centers,40.0,1.0,0.0,0.0,0.0,40.0,0.0,0.0,0.0,0.0
cell1_ROI_dbscan_centers,cell1_ROI_dbscan_centers,41.0,2.0,0.0,1.0,0.0,41.0,1.0,0.0,0.0,0.0
cell1_ROI_dbscan_centers,cell1_ROI_dbscan_centers,42.0,1.0,0.0,0.0,0.0,42.0,1.0,1.0,0.0,0.0
cell1_ROI_dbscan_centers,cell1_ROI_dbscan_centers,43.0,0.0,0.0,0.0,0.0,43.0,1.0,1.0,0.0,0.0
cell1_ROI_dbscan_centers,cell1_ROI_dbscan_centers,44.0,0.0,0.0,0.0,0.0,44.0,1.0,1.0,0.0,0.0
cell1_ROI_dbscan_centers,cell1_ROI_dbscan_centers,45.0,0.0,0.0,1.0,0.0,45.0,0.0,0.0,0.0,0.0
cell1_ROI_dbscan_centers,cell1_ROI_dbscan_centers,46.0,1.0,0.0,0.0,0.0,46.0,1.0,0.0,0.0,0.0
cell1_ROI_dbscan_centers,cell1_ROI_dbscan_centers,47.0,1.0,0.0,0.0,0.0,47.0,1.0,0.0,0.0,0.0
cell1_ROI_dbscan_centers,cell1_ROI_dbscan_centers,48.0,0.0,0.0,0.0,0.0,48.0,0.0,0.0,0.0,0.0
cell1_ROI_dbscan_centers,cell1_ROI_dbscan_centers,49.0,1.0,0.0,1.0,1.0,49.0,0.0,0.0,0.0,0.0
cell1_ROI_dbscan_centers,cell1_ROI_dbscan_centers,50.0,1.0,0.0,0.0,0.0,50.0,1.0,0.0,0.0,0.0
cell1_ROI_dbscan_centers,cell1_ROI_dbscan_centers,51.0,0.0,0.0,0.0,0.0,51.0,0.0,0.0,0.0,0.0
cell1_ROI_dbscan_centers,cell1_ROI_dbscan_centers,52.0,1.0,0.0,1.0,0.0,52.0,1.0,0.0,0.0,0.0
cell1_ROI_dbscan_centers,cell1_ROI_dbscan_centers,53.0,0.0,0.0,1.0,0.0,53.0,0.0,0.0,0.0,1.0
cell1_ROI_dbscan_centers,cell1_ROI_dbscan_centers,54.0,0.0,0.0,1.0,0.0,54.0,0.0,0.0,0.0,0.0
cell1_ROI_dbscan_centers,cell1_ROI_dbscan_centers,55.0,1.0,0.0,1.0,0.0,55.0,1.0,0.0,0.0,0.0
cell1_ROI_dbscan_centers,cell1_ROI_dbscan_centers,56.0,0.0,0.0,1.0,0.0,56.0,1.0,0.0,0.0,0.0
cell1_ROI_dbscan_centers,cell1_ROI_dbscan_centers,57.0,0.0,0.0,1.0,0.0,57.0,0.0,0.0,0.0,1.0
cell1_ROI_dbscan_centers,cell1_ROI_dbscan_centers,58.0,1.0,0.0,0.0,0.0,58.0,0.0,0.0,0.0,0.0
cell1_ROI_dbscan_centers,cell1_ROI_dbscan_centers,59.0,0.0,0.0,0.0,0.0,59.0,0.0,0.0,0.0,0.0
cell1_ROI_dbscan_centers,cell1_ROI_dbscan_centers,60.0,1.0,0.0,0.0,0.0,60.0,1.0,0.0,0.0,0.0
cell1_ROI_dbscan_centers,cell1_ROI_dbscan_centers,61.0,1.0,0.0,0.0,0.0,61.0,0.0,0.0,1.0,0.0
cell1_ROI_dbscan_centers,cell1_ROI_dbscan_centers,62.0,0.0,0.0,0.0,0.0,62.0,1.0,0.0,0.0,0.0
cell1_ROI_dbscan_centers,cell1_ROI_dbscan_centers,63.0,0.0,0.0,1.0,0.0,63.0,1.0,0.0,0.0,0.0
cell1_ROI_dbscan_centers,cell1_ROI_dbscan_centers,64.0,1.0,1.0,0.0,0.0,64.0,1.0,0.0,0.0,0.0
cell1_ROI_dbscan_centers,cell1_ROI_dbscan_centers,65.0,1.0,0.0,0.0,0.0,65.0,0.0,1.0,0.0,0.0
cell1_ROI_dbscan_centers,cell1_ROI_dbscan_centers,66.0,1.0,0.0,0.0,0.0,66.0,0.0,0.0,0.0,0.0
cell1_ROI_dbscan_centers,cell1_ROI_dbscan_centers,67.0,0.0,0.0,0.0,0.0,67.0,1.0,0.0,0.0,0.0
cell1_ROI_dbscan_centers,cell1_ROI_dbscan_centers,68.0,1.0,0.0,0.0,0.0,68.0,1.0,0.0,0.0,0.0
cell1_ROI_dbscan_centers,cell1_ROI_dbscan_centers,69.0,0.0,0.0,1.0,0.0,69.0,1.0,0.0,0.0,1.0
cell1_ROI_dbscan_centers,cell1_ROI_dbscan_centers,70.0,0.0,0.0,0.0,0.0,70.0,1.0,0.0,0.0,0.0
cell1_ROI_dbscan_centers,cell1_ROI_dbscan_centers,71.0,1.0,0.0,0.0,0.0,71.0,1.0,0.0,0.0,0.0
cell1_ROI_dbscan_centers,cell1_ROI_dbscan_centers,72.0,0.0,0.0,0.0,0.0,72.0,0.0,1.0,0.0,0.0
cell1_ROI_dbscan_centers,cell1_ROI_dbscan_centers,73.0,0.0,0.0,0.0,0.0,73.0,0.0,0.0,0.0,0.0
cell1_ROI_dbscan_centers,cell1_ROI_dbscan_centers,74.0,1.0,0.0,0.0,0.0,74.0,0.0,0.0,0.0,0.0
cell1_ROI_dbscan_centers,cell1_ROI_dbscan_centers,75.0,0.0,0.0,0.0,0.0,75.0,1.0,0.0,0.0,0.0
cell1_ROI_dbscan_centers,cell1_ROI_dbscan_centers,76.0,0.0,0.0,0.0,0.0,76.0,1.0,1.0,0.0,0.0
cell1_ROI_dbscan_centers,cell1_ROI_dbscan_centers,77.0,1.0,0.0,0.0,0.0,77.0,0.0,0.0,0.0,0.0
cell1_ROI_dbscan_centers,cell1_ROI_dbscan_centers,78.0,1.0,0.0,0.0,0.0,78.0,0.0,1.0,0.0,0.0
cell1_ROI_dbscan_centers,cell1_ROI_dbscan_centers,79.0,0.0,0.0,0.0,0.0,79.0,1.0,0.0,0.0,0.0
cell1_ROI_dbscan_centers,cell1_ROI_dbscan_centers,80.0,1.0,0.0,0.0,0.0,80.0,1.0,0.0,0.0,1.0
cell1_ROI_dbscan_centers,cell1_ROI_dbscan_centers,81.0,0.0,0.0,0.0,0.0,81.0,1.0,0.0,0.0,1.0
cell1_ROI_dbscan_centers,cell1_ROI_dbscan_centers,82.0,2.0,0.0,1.0,0.0,82.0,0.0,1.0,0.0,0.0
cell1_ROI_dbscan_centers,cell1_ROI_dbscan_centers,83.0,1.0,0.0,0.0,0.0,83.0,0.0,0.0,0.0,0.0
cell1_ROI_dbscan_centers,cell1_ROI_dbscan_centers,84.0,0.0,0.0,0.0,0.0,84.0,0.0,0.0,0.0,1.0
cell1_ROI_dbscan_centers,cell1_ROI_dbscan_centers,85.0,1.0,0.0,1.0,0.0,85.0,1.0,0.0,0.0,0.0
cell1_ROI_dbscan_centers,cell1_ROI_dbscan_centers,86.0,1.0,0.0,0.0,0.0,86.0,1.0,0.0,1.0,0.0
cell1_ROI_dbscan_centers,cell1_ROI_dbscan_centers,87.0,0.0,0.0,1.0,0.0,87.0,0.0,0.0,0.0,0.0
cell1_ROI_dbscan_centers,cell1_ROI_dbscan_centers,88.0,2.0,0.0,0.0,1.0,88.0,1.0,0.0,0.0,0.0
cell1_ROI_dbscan_centers,cell1_ROI_dbscan_centers,89.0,0.0,0.0,0.0,0.0,89.0,1.0,1.0,0.0,1.0
cell1_ROI_dbscan_centers,cell1_ROI_dbscan_centers,90.0,1.0,0.0,0.0,0.0,90.0,0.0,0.0,0.0,0.0
cell1_ROI_dbscan_centers,cell1_ROI_dbscan_centers,91.0,1.0,0.0,0.0,0.0,91.0,1.0,0.0,0.0,0.0
cell1_ROI_dbscan_centers,cell1_ROI_dbscan_centers,92.0,1.0,0.0,0.0,0.0,92.0,0.0,1.0,0.0,0.0
cell1_ROI_dbscan_centers,cell1_ROI_dbscan_centers,93.0,1.0,0.0,0.0,0.0,93.0,1.0,0.0,0.0,0.0
cell1_ROI_dbscan_centers,cell1_ROI_dbscan_centers,94.0,0.0,0.0,1.0,0.0,94.0,0.0,0.0,0.0,0.0
cell1_ROI_dbscan_centers,cell1_ROI_dbscan_centers,95.0,1.0,0.0,1.0,0.0,95.0,1.0,0.0,0.0,0.0
cell1_ROI_dbscan_centers,cell1_ROI_dbscan_centers,96.0,1.0,0.0,0.0,0.0,96.0,1.0,0.0,0.0,0.0
cell1_ROI_dbscan_centers,cell1_ROI_dbscan_centers,97.0,0.0,0.0,0.0,2.0,97.0,1.0,0.0,0.0,0.0
cell1_ROI_dbscan_centers,cell1_ROI_dbscan_centers,98.0,0.0,0.0,0.0,0.0,98.0,1.0,0.0,0.0,0.0
cell1_ROI_dbscan_centers,cell1_ROI_dbscan_centers,99.0,2.0,0.0,1.0,0.0,99.0,1.0,0.0,0.0,0.0
cell1_ROI_dbscan_centers,cell1_ROI_dbscan_centers,100.0,1.0,0.0,0.0,0.0,100.0,1.0,0.0,0.0,0.0
cell1_ROI_dbscan_centers,cell1_ROI_dbscan_centers,101.0,0.0,0.0,1.0,0.0,101.0,0.0,0.0,0.0,0.0
cell1_ROI_dbscan_centers,cell1_ROI_dbscan_centers,102.0,1.0,0.0,0.0,0.0,102.0,1.0,0.0,0.0,0.0
cell1_ROI_dbscan_centers,cell1_ROI_dbscan_centers,103.0,1.0,0.0,0.0,0.0,103.0,1.0,1.0,0.0,3.0
cell1_ROI_dbscan_centers,cell1_ROI_dbscan_centers,104.0,1.0,0.0,0.0,1.0,104.0,0.0,0.0,0.0,0.0
cell1_ROI_dbscan_centers,cell1_ROI_dbscan_centers,105.0,2.0,0.0,0.0,0.0,105.0,0.0,3.0,0.0,0.0
cell1_ROI_dbscan_centers,cell1_ROI_dbscan_centers,106.0,0.0,0.0,0.0,0.0,106.0,0.0,0.0,0.0,0.0
cell1_ROI_dbscan_centers,cell1_ROI_dbscan_centers,107.0,0.0,0.0,2.0,0.0,107.0,0.0,0.0,1.0,0.0
cell1_ROI_dbscan_centers,cell1_ROI_dbscan_centers,108.0,1.0,0.0,0.0,0.0,108.0,0.0,0.0,0.0,0.0
cell1_ROI_dbscan_centers,cell1_ROI_dbscan_centers,109.0,1.0,0.0,0.0,0.0,109.0,0.0,0.0,0.0,0.0
cell1_ROI_dbscan_centers,cell1_ROI_dbscan_centers,110.0,0.0,0.0,2.0,0.0,110.0,0.0,0.0,0.0,0.0
cell1_ROI_dbscan_centers,cell1_ROI_dbscan_centers,111.0,1.0,0.0,1.0,0.0,111.0,1.0,0.0,1.0,0.0
cell1_ROI_dbscan_centers,cell1_ROI_dbscan_centers,112.0,1.0,0.0,0.0,0.0,112.0,1.0,0.0,0.0,0.0
cell1_ROI_dbscan_centers,cell1_ROI_dbscan_centers,113.0,2.0,0.0,0.0,0.0,113.0,0.0,1.0,0.0,0.0
cell1_ROI_dbscan_centers,cell1_ROI_dbscan_centers,114.0,0.0,0.0,0.0,0.0,114.0,1.0,0.0,0.0,0.0
cell1_ROI_dbscan_centers,cell1_ROI_dbscan_centers,115.0,0.0,0.0,0.0,0.0,115.0,1.0,0.0,0.0,0.0
cell1_ROI_dbscan_centers,cell1_ROI_dbscan_centers,116.0,0.0,0.0,0.0,0.0,116.0,1.0,0.0,0.0,0.0
cell1_ROI_dbscan_centers,cell1_ROI_dbscan_centers,117.0,1.0,0.0,0.0,0.0,117.0,1.0,0.0,0.0,0.0
cell1_ROI_dbscan_centers,cell1_ROI_dbscan_centers,118.0,1.0,0.0,0.0,0.0,118.0,0.0,0.0,0.0,0.0
cell1_ROI_dbscan_centers,cell1_ROI_dbscan_centers,119.0,2.0,0.0,1.0,1.0,119.0,1.0,0.0,0.0,0.0
cell1_ROI_dbscan_centers,cell1_ROI_dbscan_centers,120.0,1.0,0.0,1.0,0.0,120.0,0.0,0.0,0.0,0.0
cell1_ROI_dbscan_centers,cell1_ROI_dbscan_centers,121.0,0.0,0.0,0.0,0.0,121.0,1.0,1.0,0.0,0.0
cell1_ROI_dbscan_centers,cell1_ROI_dbscan_centers,122.0,1.0,0.0,1.0,0.0,122.0,0.0,1.0,0.0,0.0
cell1_ROI_dbscan_centers,cell1_ROI_dbscan_centers,123.0,1.0,0.0,0.0,0.0,123.0,1.0,0.0,0.0,0.0
cell1_ROI_dbscan_centers,cell1_ROI_dbscan_centers,124.0,1.0,0.0,0.0,1.0,124.0,0.0,0.0,0.0,0.0
cell1_ROI_dbscan_centers,cell1_ROI_dbscan_centers,125.0,1.0,0.0,0.0,0.0,125.0,1.0,0.0,0.0,0.0
cell1_ROI_dbscan_centers,cell1_ROI_dbscan_centers,126.0,1.0,0.0,0.0,1.0,126.0,0.0,0.0,0.0,0.0
cell1_ROI_dbscan_centers,cell1_ROI_dbscan_centers,127.0,1.0,0.0,0.0,0.0,127.0,0.0,0.0,0.0,0.0
cell1_ROI_dbscan_centers,cell1_ROI_dbscan_centers,128.0,1.0,0.0,0.0,0.0,128.0,0.0,0.0,0.0,0.0
cell1_ROI_dbscan_centers,cell1_ROI_dbscan_centers,129.0,1.0,0.0,0.0,0.0,129.0,0.0,0.0,0.0,0.0
cell1_ROI_dbscan_centers,cell1_ROI_dbscan_centers,130.0,1.0,0.0,1.0,0.0,130.0,0.0,0.0,0.0,0.0
cell1_ROI_dbscan_centers,cell1_ROI_dbscan_centers,131.0,0.0,0.0,0.0,0.0,131.0,0.0,1.0,0.0,0.0
cell1_ROI_dbscan_centers,cell1_ROI_dbscan_centers,132.0,1.0,0.0,0.0,0.0,132.0,1.0,1.0,0.0,1.0
cell1_ROI_dbscan_centers,cell1_ROI_dbscan_centers,133.0,1.0,0.0,0.0,0.0,133.0,0.0,0.0,0.0,0.0
cell1_ROI_dbscan_centers,cell1_ROI_dbscan_centers,134.0,1.0,0.0,0.0,0.0,134.0,1.0,1.0,0.0,0.0
cell1_ROI_dbscan_centers,cell1_ROI_dbscan_centers,135.0,1.0,0.0,0.0,0.0,135.0,1.0,0.0,0.0,0.0
cell1_ROI_dbscan_centers,cell1_ROI_dbscan_centers,136.0,2.0,0.0,1.0,0.0,136.0,1.0,0.0,0.0,0.0
cell1_ROI_dbscan_centers,cell1_ROI_dbscan_centers,137.0,1.0,0.0,0.0,0.0,137.0,0.0,0.0,0.0,0.0
cell1_ROI_dbscan_centers,cell1_ROI_dbscan_centers,138.0,1.0,0.0,0.0,0.0,138.0,0.0,0.0,0.0,3.0
cell1_ROI_dbscan_centers,cell1_ROI_dbscan_centers,139.0,1.0,0.0,0.0,0.0,139.0,0.0,0.0,1.0,0.0
cell1_ROI_dbscan_centers,cell1_ROI_dbscan_centers,140.0,1.0,0.0,0.0,0.0,140.0,0.0,0.0,0.0,0.0
cell1_ROI_dbscan_centers,cell1_ROI_dbscan_centers,141.0,0.0,0.0,0.0,0.0,141.0,1.0,0.0,0.0,0.0
cell1_ROI_dbscan_centers,cell1_ROI_dbscan_centers,142.0,0.0,0.0,1.0,0.0,142.0,1.0,1.0,0.0,0.0
cell1_ROI_dbscan_centers,cell1_ROI_dbscan_centers,143.0,0.0,0.0,0.0,0.0,143.0,0.0,0.0,0.0,0.0
cell1_ROI_dbscan_centers,cell1_ROI_dbscan_centers,144.0,0.0,0.0,0.0,0.0,144.0,2.0,1.0,0.0,0.0
cell1_ROI_dbscan_centers,cell1_ROI_dbscan_centers,145.0,1.0,0.0,0.0,0.0,145.0,1.0,0.0,0.0,0.0
cell1_ROI_dbscan_centers,cell1_ROI_dbscan_centers,146.0,2.0,1.0,1.0,0.0,146.0,0.0,0.0,0.0,0.0
cell1_ROI_dbscan_centers,cell1_ROI_dbscan_centers,147.0,1.0,0.0,0.0,0.0,147.0,1.0,0.0,0.0,0.0
cell1_ROI_dbscan_centers,cell1_ROI_dbscan_centers,148.0,2.0,0.0,0.0,0.0,148.0,1.0,0.0,0.0,0.0
cell1_ROI_dbscan_centers,cell1_ROI_dbscan_centers,149.0,1.0,0.0,1.0,0.0,149.0,0.0,1.0,0.0,0.0
cell1_ROI_dbscan_centers,cell1_ROI_dbscan_centers,150.0,1.0,0.0,1.0,0.0,150.0,0.0,0.0,0.0,2.0
cell1_ROI_dbscan_centers,cell1_ROI_dbscan_centers,151.0,0.0,0.0,0.0,0.0,151.0,1.0,0.0,1.0,0.0
cell1_ROI_dbscan_centers,cell1_ROI_dbscan_centers,152.0,1.0,0.0,0.0,0.0,152.0,0.0,2.0,0.0,0.0
cell1_ROI_dbscan_centers,cell1_ROI_dbscan_centers,153.0,1.0,0.0,0.0,0.0,153.0,1.0,0.0,0.0,0.0
cell1_ROI_dbscan_centers,cell1_ROI_dbscan_centers,154.0,1.0,0.0,0.0,0.0,154.0,1.0,0.0,0.0,0.0
cell1_ROI_dbscan_centers,cell1_ROI_dbscan_centers,155.0,2.0,0.0,0.0,0.0,155.0,1.0,2.0,0.0,0.0
cell1_ROI_dbscan_centers,cell1_ROI_dbscan_centers,156.0,0.0,0.0,0.0,1.0,156.0,1.0,0.0,1.0,0.0
cell1_ROI_dbscan_centers,cell1_ROI_dbscan_centers,157.0,1.0,0.0,1.0,0.0,157.0,0.0,0.0,0.0,0.0
cell1_ROI_dbscan_centers,cell1_ROI_dbscan_centers,158.0,0.0,0.0,0.0,0.0,158.0,1.0,1.0,0.0,0.0
cell1_ROI_dbscan_centers,cell1_ROI_dbscan_centers,159.0,0.0,0.0,1.0,0.0,159.0,0.0,0.0,0.0,0.0
cell1_ROI_dbscan_centers,cell1_ROI_dbscan_centers,160.0,1.0,0.0,0.0,0.0,160.0,1.0,0.0,1.0,0.0
cell1_ROI_dbscan_centers,cell1_ROI_dbscan_centers,161.0,1.0,0.0,0.0,0.0,161.0,1.0,0.0,0.0,0.0
cell1_ROI_dbscan_centers,cell1_ROI_dbscan_centers,162.0,0.0,0.0,0.0,0.0,162.0,0.0,0.0,1.0,0.0
cell1_ROI_dbscan_centers,cell1_ROI_dbscan_centers,163.0,1.0,0.0,0.0,0.0,163.0,1.0,0.0,0.0,0.0
cell1_ROI_dbscan_centers,cell1_ROI_dbscan_centers,164.0,1.0,0.0,1.0,0.0,164.0,0.0,0.0,0.0,0.0
cell1_ROI_dbscan_centers,cell1_ROI_dbscan_centers,165.0,1.0,0.0,1.0,0.0,165.0,0.0,0.0,0.0,0.0
cell1_ROI_dbscan_centers,cell1_ROI_dbscan_centers,166.0,1.0,0.0,0.0,0.0,166.0,0.0,0.0,0.0,0.0
cell1_ROI_dbscan_centers,cell1_ROI_dbscan_centers,167.0,0.0,0.0,0.0,0.0,167.0,1.0,0.0,0.0,0.0
cell1_ROI_dbscan_centers,cell1_ROI_dbscan_centers,168.0,1.0,0.0,0.0,0.0,168.0,1.0,0.0,0.0,0.0
cell1_ROI_dbscan_centers,cell1_ROI_dbscan_centers,169.0,1.0,1.0,0.0,0.0,169.0,0.0,0.0,0.0,0.0
cell1_ROI_dbscan_centers,cell1_ROI_dbscan_centers,170.0,1.0,0.0,0.0,0.0,170.0,1.0,0.0,0.0,0.0
cell1_ROI_dbscan_centers,cell1_ROI_dbscan_centers,171.0,1.0,0.0,0.0,0.0,171.0,1.0,0.0,0.0,1.0
cell1_ROI_dbscan_centers,cell1_ROI_dbscan_centers,172.0,0.0,0.0,0.0,1.0,172.0,1.0,0.0,0.0,1.0
cell1_ROI_dbscan_centers,cell1_ROI_dbscan_centers,173.0,1.0,0.0,0.0,0.0,173.0,1.0,0.0,0.0,0.0
cell1_ROI_dbscan_centers,cell1_ROI_dbscan_centers,174.0,0.0,0.0,0.0,0.0,174.0,1.0,0.0,0.0,0.0
cell1_ROI_dbscan_centers,cell1_ROI_dbscan_centers,175.0,0.0,0.0,0.0,0.0,175.0,0.0,0.0,0.0,0.0
cell1_ROI_dbscan_centers,cell1_ROI_dbscan_centers,176.0,1.0,0.0,1.0,0.0,176.0,0.0,0.0,0.0,0.0
cell1_ROI_dbscan_centers,cell1_ROI_dbscan_centers,177.0,0.0,0.0,0.0,0.0,177.0,1.0,0.0,0.0,0.0
cell1_ROI_dbscan_centers,cell1_ROI_dbscan_centers,178.0,0.0,0.0,0.0,0.0,178.0,2.0,0.0,0.0,0.0
cell1_ROI_dbscan_centers,cell1_ROI_dbscan_centers,179.0,0.0,0.0,0.0,0.0,179.0,1.0,1.0,0.0,0.0
cell1_ROI_dbscan_centers,cell1_ROI_dbscan_centers,180.0,2.0,0.0,0.0,0.0,180.0,1.0,2.0,0.0,0.0
cell1_ROI_dbscan_centers,cell1_ROI_dbscan_centers,181.0,1.0,0.0,0.0,0.0,181.0,1.0,0.0,0.0,0.0
cell1_ROI_dbscan_centers,cell1_ROI_dbscan_centers,182.0,0.0,0.0,1.0,0.0,182.0,0.0,0.0,0.0,1.0
cell1_ROI_dbscan_centers,cell1_ROI_dbscan_centers,183.0,1.0,0.0,0.0,0.0,183.0,1.0,0.0,0.0,0.0
cell1_ROI_dbscan_centers,cell1_ROI_dbscan_centers,184.0,1.0,0.0,0.0,0.0,184.0,0.0,0.0,0.0,1.0
cell1_ROI_dbscan_centers,cell1_ROI_dbscan_centers,185.0,0.0,0.0,0.0,0.0,185.0,1.0,0.0,0.0,0.0
cell1_ROI_dbscan_centers,cell1_ROI_dbscan_centers,186.0,0.0,0.0,0.0,0.0,186.0,0.0,1.0,0.0,0.0
cell1_ROI_dbscan_centers,cell1_ROI_dbscan_centers,187.0,0.0,0.0,0.0,0.0,187.0,1.0,0.0,0.0,0.0
cell1_ROI_dbscan_centers,cell1_ROI_dbscan_centers,188.0,2.0,0.0,0.0,0.0,188.0,1.0,0.0,0.0,0.0
cell1_ROI_dbscan_centers,cell1_ROI_dbscan_centers,189.0,1.0,0.0,0.0,0.0,189.0,1.0,1.0,0.0,0.0
cell1_ROI_dbscan_centers,cell1_ROI_dbscan_centers,190.0,0.0,0.0,1.0,0.0,190.0,1.0,0.0,0.0,0.0
cell1_ROI_dbscan_centers,cell1_ROI_dbscan_centers,191.0,0.0,0.0,0.0,0.0,191.0,0.0,0.0,1.0,1.0
cell1_ROI_dbscan_centers,cell1_ROI_dbscan_centers,192.0,0.0,0.0,0.0,0.0,192.0,0.0,0.0,0.0,1.0
cell1_ROI_dbscan_centers,cell1_ROI_dbscan_centers,193.0,0.0,0.0,1.0,0.0,193.0,0.0,0.0,0.0,0.0
cell1_ROI_dbscan_centers,cell1_ROI_dbscan_centers,194.0,1.0,0.0,0.0,0.0,194.0,1.0,0.0,0.0,0.0
cell1_ROI_dbscan_centers,cell1_ROI_dbscan_centers,195.0,0.0,0.0,0.0,0.0,195.0,1.0,0.0,0.0,0.0
cell1_ROI_dbscan_centers,cell1_ROI_dbscan_centers,196.0,2.0,0.0,0.0,0.0,196.0,0.0,1.0,0.0,1.0
cell1_ROI_dbscan_centers,cell1_ROI_dbscan_centers,197.0,2.0,0.0,0.0,0.0,197.0,0.0,0.0,0.0,0.0
cell1_ROI_dbscan_centers,cell1_ROI_dbscan_centers,198.0,0.0,0.0,1.0,0.0,198.0,1.0,0.0,0.0,0.0
cell1_ROI_dbscan_centers,cell1_ROI_dbscan_centers,199.0,0.0,0.0,1.0,0.0,199.0,0.0,0.0,0.0,1.0
cell1_ROI_dbscan_centers,cell1_ROI_dbscan_centers,200.0,0.0,0.0,1.0,0.0,200.0,1.0,0.0,0.0,0.0
cell1_ROI_dbscan_centers,cell1_ROI_dbscan_centers,201.0,1.0,0.0,0.0,0.0,201.0,1.0,0.0,0.0,0.0
cell1_ROI_dbscan_centers,cell1_ROI_dbscan_centers,202.0,1.0,0.0,1.0,0.0,202.0,0.0,1.0,0.0,0.0
cell1_ROI_dbscan_centers,cell1_ROI_dbscan_centers,203.0,1.0,0.0,0.0,0.0,203.0,0.0,1.0,0.0,0.0
cell1_ROI_dbscan_centers,cell1_ROI_dbscan_centers,204.0,1.0,0.0,0.0,0.0,204.0,1.0,1.0,0.0,0.0
cell1_ROI_dbscan_centers,cell1_ROI_dbscan_centers,205.0,0.0,0.0,0.0,0.0,205.0,0.0,0.0,0.0,0.0
cell1_ROI_dbscan_centers,cell1_ROI_dbscan_centers,206.0,0.0,0.0,0.0,0.0,206.0,1.0,0.0,1.0,0.0
cell1_ROI_dbscan_centers,cell1_ROI_dbscan_centers,207.0,1.0,0.0,0.0,0.0,207.0,1.0,0.0,0.0,0.0
cell1_ROI_dbscan_centers,cell1_ROI_dbscan_centers,208.0,1.0,0.0,0.0,0.0,208.0,0.0,0.0,0.0,0.0
cell1_ROI_dbscan_centers,cell1_ROI_dbscan_centers,209.0,0.0,0.0,0.0,0.0,209.0,0.0,0.0,0.0,0.0
cell1_ROI_dbscan_centers,cell1_ROI_dbscan_centers,210.0,0.0,0.0,1.0,0.0,210.0,0.0,2.0,0.0,0.0
cell1_ROI_dbscan_centers,cell1_ROI_dbscan_centers,211.0,0.0,0.0,1.0,0.0,211.0,0.0,0.0,0.0,0.0
cell1_ROI_dbscan_centers,cell1_ROI_dbscan_centers,212.0,0.0,0.0,0.0,0.0,212.0,0.0,0.0,0.0,0.0
cell1_ROI_dbscan_centers,cell1_ROI_dbscan_centers,213.0,0.0,0.0,1.0,0.0,213.0,0.0,0.0,0.0,0.0
cell1_ROI_dbscan_centers,cell1_ROI_dbscan_centers,214.0,1.0,0.0,0.0,0.0,214.0,0.0,0.0,0.0,0.0
cell1_ROI_dbscan_centers,cell1_ROI_dbscan_centers,215.0,1.0,0.0,1.0,0.0,215.0,1.0,0.0,0.0,0.0
cell1_ROI_dbscan_centers,cell1_ROI_dbscan_centers,216.0,0.0,0.0,0.0,0.0,216.0,1.0,0.0,0.0,0.0
cell1_ROI_dbscan_centers,cell1_ROI_dbscan_centers,217.0,1.0,0.0,0.0,0.0,217.0,1.0,0.0,0.0,0.0
cell1_ROI_dbscan_centers,cell1_ROI_dbscan_centers,218.0,1.0,0.0,0.0,0.0,218.0,0.0,0.0,0.0,1.0
cell1_ROI_dbscan_centers,cell1_ROI_dbscan_centers,219.0,1.0,0.0,0.0,0.0,219.0,0.0,0.0,0.0,1.0
cell1_ROI_dbscan_centers,cell1_ROI_dbscan_centers,220.0,1.0,0.0,0.0,0.0,220.0,1.0,0.0,0.0,0.0
cell1_ROI_dbscan_centers,cell1_ROI_dbscan_centers,221.0,2.0,0.0,0.0,0.0,221.0,0.0,0.0,0.0,1.0
cell1_ROI_dbscan_centers,cell1_ROI_dbscan_centers,222.0,1.0,0.0,0.0,0.0,222.0,0.0,0.0,0.0,1.0
cell1_ROI_dbscan_centers,cell1_ROI_dbscan_centers,223.0,0.0,0.0,0.0,0.0,223.0,0.0,1.0,0.0,0.0
cell1_ROI_dbscan_centers,cell1_ROI_dbscan_centers,224.0,1.0,0.0,0.0,0.0,224.0,1.0,0.0,0.0,0.0
cell1_ROI_dbscan_centers,cell1_ROI_dbscan_centers,225.0,1.0,0.0,1.0,0.0,225.0,1.0,0.0,0.0,0.0
cell1_ROI_dbscan_centers,cell1_ROI_dbscan_centers,226.0,0.0,0.0,0.0,0.0,226.0,1.0,1.0,0.0,1.0
cell1_ROI_dbscan_centers,cell1_ROI_dbscan_centers,227.0,1.0,1.0,0.0,0.0,227.0,1.0,0.0,0.0,2.0
cell1_ROI_dbscan_centers,cell1_ROI_dbscan_centers,228.0,0.0,0.0,0.0,0.0,228.0,0.0,0.0,0.0,0.0
cell1_ROI_dbscan_centers,cell1_ROI_dbscan_centers,229.0,4.0,0.0,0.0,0.0,229.0,1.0,0.0,0.0,0.0
cell1_ROI_dbscan_centers,cell1_ROI_dbscan_centers,230.0,1.0,0.0,0.0,1.0,230.0,0.0,0.0,0.0,1.0
cell1_ROI_dbscan_centers,cell1_ROI_dbscan_centers,231.0,1.0,0.0,0.0,0.0,231.0,1.0,0.0,0.0,0.0
cell1_ROI_dbscan_centers,cell1_ROI_dbscan_centers,232.0,1.0,0.0,1.0,0.0,232.0,0.0,0.0,0.0,0.0
cell1_ROI_dbscan_centers,cell1_ROI_dbscan_centers,233.0,1.0,0.0,0.0,0.0,233.0,0.0,0.0,0.0,0.0
cell1_ROI_dbscan_centers,cell1_ROI_dbscan_centers,234.0,2.0,0.0,0.0,0.0,234.0,1.0,0.0,0.0,0.0
cell1_ROI_dbscan_centers,cell1_ROI_dbscan_centers,235.0,0.0,0.0,0.0,0.0,235.0,1.0,0.0,0.0,0.0
cell1_ROI_dbscan_centers,cell1_ROI_dbscan_centers,236.0,1.0,0.0,1.0,0.0,236.0,1.0,0.0,0.0,0.0
cell1_ROI_dbscan_centers,cell1_ROI_dbscan_centers,237.0,1.0,0.0,1.0,0.0,237.0,1.0,0.0,0.0,2.0
cell1_ROI_dbscan_centers,cell1_ROI_dbscan_centers,238.0,0.0,0.0,0.0,0.0,238.0,0.0,0.0,0.0,0.0
cell1_ROI_dbscan_centers,cell1_ROI_dbscan_centers,239.0,0.0,0.0,2.0,0.0,239.0,1.0,0.0,0.0,3.0
cell1_ROI_dbscan_centers,cell1_ROI_dbscan_centers,240.0,1.0,0.0,0.0,0.0,240.0,0.0,0.0,0.0,0.0
cell1_ROI_dbscan_centers,cell1_ROI_dbscan_centers,241.0,2.0,0.0,0.0,0.0,241.0,0.0,0.0,0.0,0.0
cell1_ROI_dbscan_centers,cell1_ROI_dbscan_centers,242.0,1.0,0.0,0.0,0.0,242.0,1.0,0.0,0.0,1.0
cell1_ROI_dbscan_centers,cell1_ROI_dbscan_centers,243.0,1.0,0.0,0.0,0.0,243.0,0.0,0.0,0.0,0.0
cell1_ROI_dbscan_centers,cell1_ROI_dbscan_centers,244.0,0.0,0.0,0.0,0.0,244.0,0.0,0.0,0.0,0.0
cell1_ROI_dbscan_centers,cell1_ROI_dbscan_centers,245.0,0.0,0.0,0.0,0.0,245.0,1.0,0.0,1.0,0.0
cell1_ROI_dbscan_centers,cell1_ROI_dbscan_centers,246.0,1.0,0.0,0.0,0.0,246.0,1.0,0.0,0.0,0.0
cell1_ROI_dbscan_centers,cell1_ROI_dbscan_centers,247.0,0.0,0.0,0.0,0.0,247.0,0.0,1.0,0.0,0.0
cell1_ROI_dbscan_centers,cell1_ROI_dbscan_centers,248.0,3.0,0.0,0.0,0.0,248.0,0.0,1.0,0.0,0.0
cell1_ROI_dbscan_centers,cell1_ROI_dbscan_centers,249.0,1.0,0.0,0.0,0.0,249.0,0.0,1.0,0.0,0.0
cell1_ROI_dbscan_centers,cell1_ROI_dbscan_centers,250.0,1.0,0.0,0.0,0.0,250.0,0.0,0.0,0.0,0.0
cell1_ROI_dbscan_centers,cell1_ROI_dbscan_centers,251.0,1.0,0.0,0.0,0.0,251.0,1.0,0.0,1.0,0.0
cell1_ROI_dbscan_centers,cell1_ROI_dbscan_centers,252.0,1.0,0.0,0.0,0.0,252.0,0.0,1.0,0.0,0.0
cell1_ROI_dbscan_centers,cell1_ROI_dbscan_centers,253.0,1.0,0.0,0.0,0.0,253.0,0.0,0.0,0.0,0.0
cell1_ROI_dbscan_centers,cell1_ROI_dbscan_centers,254.0,0.0,0.0,1.0,0.0,254.0,0.0,0.0,0.0,1.0
cell1_ROI_dbscan_centers,cell1_ROI_dbscan_centers,255.0,0.0,0.0,0.0,0.0,255.0,1.0,0.0,0.0,0.0
cell1_ROI_dbscan_centers,cell1_ROI_dbscan_centers,256.0,0.0,0.0,0.0,0.0,256.0,1.0,0.0,0.0,0.0
cell1_ROI_dbscan_centers,cell1_ROI_dbscan_centers,257.0,1.0,0.0,0.0,0.0,257.0,1.0,0.0,0.0,0.0
cell1_ROI_dbscan_centers,cell1_ROI_dbscan_centers,258.0,1.0,0.0,0.0,0.0,258.0,0.0,0.0,1.0,0.0
cell1_ROI_dbscan_centers,cell1_ROI_dbscan_centers,259.0,1.0,0.0,0.0,0.0,259.0,0.0,0.0,0.0,0.0
cell1_ROI_dbscan_centers,cell1_ROI_dbscan_centers,260.0,2.0,0.0,1.0,0.0,260.0,0.0,0.0,0.0,0.0
cell1_ROI_dbscan_centers,cell1_ROI_dbscan_centers,261.0,0.0,0.0,0.0,0.0,261.0,0.0,0.0,0.0,0.0
cell1_ROI_dbscan_centers,cell1_ROI_dbscan_centers,262.0,0.0,0.0,1.0,0.0,262.0,1.0,0.0,0.0,0.0
cell1_ROI_dbscan_centers,cell1_ROI_dbscan_centers,263.0,1.0,0.0,0.0,0.0,263.0,1.0,0.0,0.0,0.0
cell1_ROI_dbscan_centers,cell1_ROI_dbscan_centers,264.0,0.0,0.0,1.0,0.0,264.0,0.0,0.0,0.0,0.0
cell1_ROI_dbscan_centers,cell1_ROI_dbscan_centers,265.0,0.0,0.0,0.0,0.0,265.0,0.0,1.0,1.0,0.0
cell1_ROI_dbscan_centers,cell1_ROI_dbscan_centers,266.0,1.0,0.0,0.0,0.0,266.0,1.0,0.0,0.0,0.0
cell1_ROI_dbscan_centers,cell1_ROI_dbscan_centers,267.0,0.0,0.0,0.0,0.0,267.0,1.0,0.0,0.0,0.0
cell1_ROI_dbscan_centers,cell1_ROI_dbscan_centers,268.0,0.0,0.0,0.0,0.0,268.0,0.0,0.0,0.0,0.0
cell1_ROI_dbscan_centers,cell1_ROI_dbscan_centers,269.0,0.0,0.0,0.0,0.0,269.0,0.0,2.0,0.0,0.0
cell1_ROI_dbscan_centers,cell1_ROI_dbscan_centers,270.0,0.0,0.0,0.0,0.0,270.0,0.0,0.0,0.0,0.0
cell1_ROI_dbscan_centers,cell1_ROI_dbscan_centers,271.0,1.0,0.0,0.0,0.0,271.0,0.0,3.0,0.0,0.0
cell1_ROI_dbscan_centers,cell1_ROI_dbscan_centers,272.0,2.0,0.0,0.0,0.0,272.0,1.0,0.0,0.0,0.0
cell1_ROI_dbscan_centers,cell1_ROI_dbscan_centers,273.0,1.0,0.0,0.0,0.0,273.0,0.0,0.0,0.0,0.0
cell1_ROI_dbscan_centers,cell1_ROI_dbscan_centers,274.0,2.0,0.0,0.0,1.0,274.0,0.0,0.0,0.0,1.0
cell1_ROI_dbscan_centers,cell1_ROI_dbscan_centers,275.0,0.0,0.0,0.0,0.0,275.0,1.0,0.0,0.0,0.0
cell1_ROI_dbscan_centers,cell1_ROI_dbscan_centers,276.0,2.0,0.0,0.0,0.0,276.0,1.0,0.0,0.0,0.0
cell1_ROI_dbscan_centers,cell1_ROI_dbscan_centers,277.0,1.0,0.0,0.0,1.0,277.0,1.0,0.0,0.0,0.0
cell1_ROI_dbscan_centers,cell1_ROI_dbscan_centers,278.0,0.0,0.0,0.0,0.0,278.0,1.0,0.0,0.0,1.0
cell1_ROI_dbscan_centers,cell1_ROI_dbscan_centers,279.0,0.0,0.0,0.0,0.0,279.0,1.0,1.0,0.0,1.0
cell1_ROI_dbscan_centers,cell1_ROI_dbscan_centers,280.0,1.0,0.0,0.0,1.0,280.0,0.0,0.0,0.0,0.0
cell1_ROI_dbscan_centers,cell1_ROI_dbscan_centers,281.0,0.0,0.0,0.0,0.0,281.0,1.0,1.0,0.0,0.0
cell1_ROI_dbscan_centers,cell1_ROI_dbscan_centers,282.0,0.0,0.0,0.0,0.0,282.0,1.0,0.0,0.0,0.0
cell1_ROI_dbscan_centers,cell1_ROI_dbscan_centers,283.0,0.0,0.0,0.0,0.0,283.0,1.0,2.0,1.0,0.0
cell1_ROI_dbscan_centers,cell1_ROI_dbscan_centers,284.0,1.0,0.0,0.0,0.0,284.0,1.0,0.0,0.0,0.0
cell1_ROI_dbscan_centers,cell1_ROI_dbscan_centers,285.0,0.0,0.0,0.0,1.0,285.0,1.0,0.0,0.0,0.0
cell1_ROI_dbscan_centers,cell1_ROI_dbscan_centers,286.0,0.0,0.0,1.0,0.0,286.0,0.0,0.0,0.0,1.0
cell1_ROI_dbscan_centers,cell1_ROI_dbscan_centers,287.0,1.0,0.0,0.0,0.0,287.0,0.0,0.0,0.0,0.0
cell1_ROI_dbscan_centers,cell1_ROI_dbscan_centers,288.0,0.0,0.0,0.0,0.0,288.0,1.0,0.0,0.0,0.0
cell1_ROI_dbscan_centers,cell1_ROI_dbscan_centers,289.0,1.0,0.0,0.0,0.0,289.0,1.0,0.0,0.0,0.0
cell1_ROI_dbscan_centers,cell1_ROI_dbscan_centers,290.0,1.0,0.0,0.0,0.0,290.0,0.0,1.0,0.0,0.0
cell1_ROI_dbscan_centers,cell1_ROI_dbscan_centers,291.0,1.0,0.0,0.0,0.0,291.0,1.0,0.0,0.0,0.0
cell1_ROI_dbscan_centers,cell1_ROI_dbscan_centers,292.0,1.0,0.0,0.0,1.0,292.0,0.0,0.0,0.0,0.0
cell1_ROI_dbscan_centers,cell1_ROI_dbscan_centers,293.0,0.0,0.0,0.0,0.0,293.0,0.0,2.0,0.0,0.0
cell1_ROI_dbscan_centers,cell1_ROI_dbscan_centers,294.0,0.0,0.0,0.0,0.0,294.0,1.0,0.0,0.0,0.0
cell1_ROI_dbscan_centers,cell1_ROI_dbscan_centers,295.0,1.0,0.0,0.0,0.0,295.0,1.0,0.0,0.0,0.0
cell1_ROI_dbscan_centers,cell1_ROI_dbscan_centers,296.0,0.0,0.0,0.0,0.0,296.0,1.0,0.0,0.0,0.0
cell1_ROI_dbscan_centers,cell1_ROI_dbscan_centers,297.0,2.0,0.0,0.0,0.0,297.0,1.0,0.0,0.0,0.0
cell1_ROI_dbscan_centers,cell1_ROI_dbscan_centers,298.0,1.0,0.0,0.0,0.0,298.0,0.0,0.0,0.0,0.0
cell1_ROI_dbscan_centers,cell1_ROI_dbscan_centers,299.0,1.0,0.0,0.0,0.0,299.0,1.0,0.0,0.0,0.0
cell1_ROI_dbscan_centers,cell1_ROI_dbscan_centers,300.0,1.0,0.0,0.0,1.0,300.0,1.0,0.0,1.0,0.0
cell1_ROI_dbscan_centers,cell1_ROI_dbscan_centers,301.0,0.0,0.0,0.0,1.0,301.0,1.0,0.0,0.0,0.0
cell1_ROI_dbscan_centers,cell1_ROI_dbscan_centers,302.0,0.0,0.0,0.0,0.0,302.0,0.0,0.0,0.0,0.0
cell1_ROI_dbscan_centers,cell1_ROI_dbscan_centers,303.0,1.0,0.0,1.0,0.0,303.0,1.0,0.0,0.0,0.0
cell1_ROI_dbscan_centers,cell1_ROI_dbscan_centers,304.0,2.0,0.0,0.0,0.0,304.0,1.0,0.0,0.0,0.0
cell1_ROI_dbscan_centers,cell1_ROI_dbscan_centers,305.0,1.0,0.0,0.0,0.0,305.0,0.0,1.0,0.0,3.0
cell1_ROI_dbscan_centers,cell1_ROI_dbscan_centers,306.0,0.0,0.0,0.0,0.0,306.0,1.0,0.0,0.0,0.0
cell1_ROI_dbscan_centers,cell1_ROI_dbscan_centers,307.0,0.0,0.0,0.0,0.0,307.0,0.0,0.0,0.0,0.0
cell1_ROI_dbscan_centers,cell1_ROI_dbscan_centers,308.0,3.0,0.0,0.0,0.0,308.0,1.0,1.0,0.0,0.0
cell1_ROI_dbscan_centers,cell1_ROI_dbscan_centers,309.0,1.0,0.0,0.0,0.0,309.0,0.0,1.0,0.0,0.0
cell1_ROI_dbscan_centers,cell1_ROI_dbscan_centers,310.0,1.0,0.0,0.0,0.0,310.0,0.0,0.0,0.0,0.0
cell1_ROI_dbscan_centers,cell1_ROI_dbscan_centers,311.0,0.0,0.0,0.0,1.0,311.0,0.0,0.0,0.0,0.0
cell1_ROI_dbscan_centers,cell1_ROI_dbscan_centers,312.0,0.0,0.0,0.0,0.0,312.0,1.0,0.0,0.0,0.0
cell1_ROI_dbscan_centers,cell1_ROI_dbscan_centers,313.0,1.0,0.0,0.0,0.0,313.0,1.0,0.0,0.0,0.0
cell1_ROI_dbscan_centers,cell1_ROI_dbscan_centers,314.0,0.0,0.0,0.0,0.0,314.0,0.0,0.0,0.0,1.0
cell1_ROI_dbscan_centers,cell1_ROI_dbscan_centers,315.0,2.0,0.0,0.0,0.0,315.0,1.0,1.0,0.0,0.0
cell1_ROI_dbscan_centers,cell1_ROI_dbscan_centers,316.0,1.0,0.0,0.0,0.0,316.0,1.0,0.0,0.0,0.0
cell1_ROI_dbscan_centers,cell1_ROI_dbscan_centers,317.0,0.0,0.0,0.0,0.0,317.0,0.0,0.0,0.0,0.0
cell1_ROI_dbscan_centers,cell1_ROI_dbscan_centers,318.0,1.0,0.0,0.0,0.0,318.0,0.0,0.0,0.0,0.0
cell1_ROI_dbscan_centers,cell1_ROI_dbscan_centers,319.0,1.0,0.0,0.0,1.0,319.0,1.0,1.0,0.0,0.0
cell1_ROI_dbscan_centers,cell1_ROI_dbscan_centers,320.0,0.0,0.0,0.0,0.0,320.0,0.0,0.0,2.0,0.0
cell1_ROI_dbscan_centers,cell1_ROI_dbscan_centers,321.0,2.0,0.0,1.0,0.0,321.0,1.0,0.0,0.0,0.0
cell1_ROI_dbscan_centers,cell1_ROI_dbscan_centers,322.0,2.0,0.0,0.0,0.0,322.0,0.0,0.0,0.0,1.0
cell1_ROI_dbscan_centers,cell1_ROI_dbscan_centers,323.0,1.0,0.0,0.0,0.0,323.0,0.0,0.0,0.0,0.0
cell1_ROI_dbscan_centers,cell1_ROI_dbscan_centers,324.0,1.0,0.0,0.0,0.0,324.0,0.0,0.0,0.0,0.0
cell1_ROI_dbscan_centers,cell1_ROI_dbscan_centers,325.0,0.0,0.0,0.0,0.0,325.0,0.0,0.0,0.0,0.0
cell1_ROI_dbscan_centers,cell1_ROI_dbscan_centers,326.0,0.0,0.0,0.0,0.0,326.0,0.0,0.0,0.0,0.0
cell1_ROI_dbscan_centers,cell1_ROI_dbscan_centers,327.0,1.0,0.0,0.0,0.0,327.0,0.0,0.0,0.0,0.0
cell1_ROI_dbscan_centers,cell1_ROI_dbscan_centers,328.0,1.0,0.0,0.0,0.0,328.0,0.0,1.0,0.0,0.0
cell1_ROI_dbscan_centers,cell1_ROI_dbscan_centers,329.0,0.0,0.0,0.0,1.0,329.0,1.0,0.0,0.0,0.0
cell1_ROI_dbscan_centers,cell1_ROI_dbscan_centers,330.0,1.0,0.0,0.0,0.0,330.0,1.0,0.0,0.0,0.0
cell1_ROI_dbscan_centers,cell1_ROI_dbscan_centers,331.0,2.0,0.0,0.0,0.0,331.0,1.0,0.0,0.0,0.0
cell1_ROI_dbscan_centers,cell1_ROI_dbscan_centers,332.0,0.0,0.0,0.0,0.0,332.0,1.0,1.0,0.0,0.0
cell1_ROI_dbscan_centers,cell1_ROI_dbscan_centers,333.0,1.0,1.0,0.0,0.0,333.0,0.0,0.0,0.0,0.0
cell1_ROI_dbscan_centers,cell1_ROI_dbscan_centers,334.0,0.0,0.0,0.0,0.0,334.0,1.0,0.0,0.0,0.0
cell1_ROI_dbscan_centers,cell1_ROI_dbscan_centers,335.0,0.0,0.0,0.0,0.0,335.0,0.0,0.0,0.0,0.0
cell1_ROI_dbscan_centers,cell1_ROI_dbscan_centers,336.0,0.0,0.0,0.0,0.0,336.0,0.0,1.0,0.0,0.0
cell1_ROI_dbscan_centers,cell1_ROI_dbscan_centers,337.0,1.0,0.0,0.0,0.0,337.0,0.0,1.0,0.0,0.0
cell1_ROI_dbscan_centers,cell1_ROI_dbscan_centers,338.0,1.0,0.0,0.0,0.0,338.0,1.0,1.0,0.0,0.0
cell1_ROI_dbscan_centers,cell1_ROI_dbscan_centers,339.0,3.0,0.0,0.0,0.0,339.0,1.0,0.0,1.0,1.0
cell1_ROI_dbscan_centers,cell1_ROI_dbscan_centers,340.0,0.0,0.0,0.0,0.0,340.0,0.0,0.0,0.0,0.0
cell1_ROI_dbscan_centers,cell1_ROI_dbscan_centers,341.0,0.0,0.0,0.0,0.0,341.0,1.0,1.0,0.0,0.0
cell1_ROI_dbscan_centers,cell1_ROI_dbscan_centers,342.0,0.0,0.0,0.0,2.0,342.0,1.0,0.0,0.0,0.0
cell1_ROI_dbscan_centers,cell1_ROI_dbscan_centers,343.0,0.0,0.0,0.0,0.0,343.0,0.0,0.0,1.0,0.0
cell1_ROI_dbscan_centers,cell1_ROI_dbscan_centers,344.0,1.0,0.0,0.0,0.0,344.0,0.0,0.0,0.0,0.0
cell1_ROI_dbscan_centers,cell1_ROI_dbscan_centers,345.0,0.0,0.0,0.0,0.0,345.0,0.0,1.0,0.0,0.0
cell1_ROI_dbscan_centers,cell1_ROI_dbscan_centers,346.0,1.0,0.0,0.0,0.0,346.0,0.0,0.0,0.0,0.0
cell1_ROI_dbscan_centers,cell1_ROI_dbscan_centers,347.0,0.0,0.0,0.0,0.0,347.0,0.0,0.0,0.0,0.0
cell1_ROI_dbscan_centers,cell1_ROI_dbscan_centers,348.0,0.0,0.0,0.0,0.0,348.0,0.0,2.0,0.0,0.0
cell1_ROI_dbscan_centers,cell1_ROI_dbscan_centers,349.0,1.0,1.0,0.0,1.0,349.0,0.0,0.0,0.0,1.0
cell1_ROI_dbscan_centers,cell1_ROI_dbscan_centers,350.0,1.0,0.0,0.0,0.0,350.0,0.0,0.0,0.0,0.0
cell1_ROI_dbscan_centers,cell1_ROI_dbscan_centers,351.0,0.0,0.0,0.0,0.0,351.0,0.0,0.0,0.0,0.0
cell1_ROI_dbscan_centers,cell1_ROI_dbscan_centers,352.0,2.0,0.0,1.0,0.0,352.0,0.0,1.0,0.0,0.0
cell1_ROI_dbscan_centers,cell1_ROI_dbscan_centers,353.0,1.0,0.0,0.0,0.0,353.0,1.0,0.0,0.0,0.0
cell1_ROI_dbscan_centers,cell1_ROI_dbscan_centers,354.0,1.0,0.0,0.0,0.0,354.0,0.0,1.0,1.0,0.0
cell1_ROI_dbscan_centers,cell1_ROI_dbscan_centers,355.0,0.0,0.0,0.0,0.0,355.0,0.0,0.0,0.0,1.0
cell1_ROI_dbscan_centers,cell1_ROI_dbscan_centers,356.0,0.0,0.0,0.0,0.0,356.0,0.0,0.0,0.0,0.0
cell1_ROI_dbscan_centers,cell1_ROI_dbscan_centers,357.0,0.0,0.0,0.0,0.0,357.0,0.0,0.0,0.0,0.0
cell1_ROI_dbscan_centers,cell1_ROI_dbscan_centers,358.0,1.0,0.0,0.0,0.0,358.0,0.0,0.0,0.0,0.0
cell1_ROI_dbscan_centers,cell1_ROI_dbscan_centers,359.0,1.0,0.0,1.0,0.0,359.0,1.0,0.0,0.0,1.0
cell1_ROI_dbscan_centers,cell1_ROI_dbscan_centers,360.0,2.0,0.0,0.0,0.0,360.0,0.0,0.0,0.0,0.0
cell1_ROI_dbscan_centers,cell1_ROI_dbscan_centers,361.0,0.0,0.0,0.0,0.0,361.0,1.0,0.0,0.0,0.0
cell1_ROI_dbscan_centers,cell1_ROI_dbscan_centers,362.0,1.0,0.0,0.0,0.0,362.0,0.0,1.0,0.0,0.0
cell1_ROI_dbscan_centers,cell1_ROI_dbscan_centers,363.0,0.0,0.0,0.0,0.0,363.0,0.0,0.0,0.0,0.0
cell1_ROI_dbscan_centers,cell1_ROI_dbscan_centers,364.0,0.0,0.0,0.0,0.0,364.0,0.0,0.0,0.0,0.0
cell1_ROI_dbscan_centers,cell1_ROI_dbscan_centers,365.0,1.0,0.0,0.0,0.0,365.0,0.0,0.0,0.0,0.0
cell1_ROI_dbscan_centers,cell1_ROI_dbscan_centers,366.0,1.0,0.0,0.0,0.0,366.0,0.0,0.0,0.0,0.0
cell1_ROI_dbscan_centers,cell1_ROI_dbscan_centers,367.0,1.0,0.0,0.0,0.0,367.0,1.0,0.0,0.0,0.0
cell1_ROI_dbscan_centers,cell1_ROI_dbscan_centers,368.0,1.0,0.0,0.0,0.0,368.0,0.0,0.0,0.0,0.0
cell1_ROI_dbscan_centers,cell1_ROI_dbscan_centers,369.0,1.0,0.0,0.0,0.0,369.0,0.0,0.0,0.0,0.0
cell1_ROI_dbscan_centers,cell1_ROI_dbscan_centers,370.0,0.0,0.0,0.0,0.0,370.0,0.0,2.0,0.0,0.0
cell1_ROI_dbscan_centers,cell1_ROI_dbscan_centers,371.0,1.0,0.0,0.0,0.0,371.0,0.0,1.0,0.0,0.0
cell1_ROI_dbscan_centers,cell1_ROI_dbscan_centers,372.0,1.0,0.0,0.0,0.0,372.0,0.0,0.0,0.0,0.0
cell1_ROI_dbscan_centers,cell1_ROI_dbscan_centers,373.0,0.0,0.0,0.0,0.0,373.0,0.0,3.0,0.0,0.0
cell1_ROI_dbscan_centers,cell1_ROI_dbscan_centers,374.0,1.0,0.0,0.0,0.0,374.0,0.0,0.0,0.0,0.0
cell1_ROI_dbscan_centers,cell1_ROI_dbscan_centers,375.0,0.0,0.0,0.0,0.0,375.0,0.0,1.0,0.0,1.0
cell1_ROI_dbscan_centers,cell1_ROI_dbscan_centers,376.0,0.0,0.0,0.0,0.0,376.0,0.0,0.0,0.0,0.0
cell1_ROI_dbscan_centers,cell1_ROI_dbscan_centers,377.0,0.0,0.0,0.0,0.0,377.0,0.0,0.0,0.0,0.0
cell1_ROI_dbscan_centers,cell1_ROI_dbscan_centers,378.0,1.0,0.0,1.0,0.0,378.0,0.0,0.0,1.0,0.0
cell1_ROI_dbscan_centers,cell1_ROI_dbscan_centers,379.0,0.0,0.0,0.0,0.0,379.0,0.0,1.0,0.0,0.0
cell1_ROI_dbscan_centers,cell1_ROI_dbscan_centers,380.0,0.0,0.0,1.0,0.0,380.0,0.0,0.0,0.0,0.0
cell1_ROI_dbscan_centers,cell1_ROI_dbscan_centers,381.0,0.0,0.0,0.0,0.0,381.0,0.0,0.0,0.0,0.0
cell1_ROI_dbscan_centers,cell1_ROI_dbscan_centers,382.0,1.0,0.0,0.0,0.0,382.0,1.0,1.0,0.0,1.0
cell1_ROI_dbscan_centers,cell1_ROI_dbscan_centers,383.0,1.0,0.0,0.0,0.0,383.0,1.0,0.0,0.0,0.0
cell1_ROI_dbscan_centers,cell1_ROI_dbscan_centers,384.0,0.0,0.0,0.0,0.0,384.0,0.0,1.0,0.0,0.0
cell1_ROI_dbscan_centers,cell1_ROI_dbscan_centers,385.0,2.0,0.0,0.0,0.0,385.0,2.0,1.0,0.0,0.0
cell1_ROI_dbscan_centers,cell1_ROI_dbscan_centers,386.0,3.0,0.0,2.0,0.0,386.0,0.0,0.0,0.0,0.0
cell1_ROI_dbscan_centers,cell1_ROI_dbscan_centers,387.0,0.0,0.0,1.0,0.0,387.0,0.0,0.0,0.0,0.0
cell1_ROI_dbscan_centers,cell1_ROI_dbscan_centers,388.0,1.0,0.0,0.0,0.0,388.0,1.0,0.0,0.0,0.0
cell1_ROI_dbscan_centers,cell1_ROI_dbscan_centers,389.0,1.0,0.0,2.0,0.0,389.0,0.0,0.0,0.0,0.0
cell1_ROI_dbscan_centers,cell1_ROI_dbscan_centers,390.0,1.0,0.0,0.0,0.0,390.0,1.0,1.0,0.0,1.0
cell1_ROI_dbscan_centers,cell1_ROI_dbscan_centers,391.0,1.0,0.0,0.0,0.0,391.0,0.0,0.0,0.0,0.0
cell1_ROI_dbscan_centers,cell1_ROI_dbscan_centers,392.0,1.0,0.0,0.0,0.0,392.0,1.0,0.0,0.0,0.0
cell1_ROI_dbscan_centers,cell1_ROI_dbscan_centers,393.0,0.0,0.0,0.0,0.0,393.0,0.0,0.0,0.0,0.0
cell1_ROI_dbscan_centers,cell1_ROI_dbscan_centers,394.0,1.0,0.0,0.0,1.0,394.0,1.0,0.0,0.0,0.0
cell1_ROI_dbscan_centers,cell1_ROI_dbscan_centers,395.0,1.0,0.0,0.0,0.0,395.0,0.0,2.0,0.0,0.0
cell1_ROI_dbscan_centers,cell1_ROI_dbscan_centers,396.0,0.0,0.0,0.0,0.0,396.0,0.0,0.0,0.0,0.0
cell1_ROI_dbscan_centers,cell1_ROI_dbscan_centers,397.0,0.0,0.0,0.0,0.0,397.0,0.0,0.0,0.0,0.0
cell1_ROI_dbscan_centers,cell1_ROI_dbscan_centers,398.0,0.0,0.0,0.0,0.0,398.0,0.0,0.0,0.0,0.0
cell1_ROI_dbscan_centers,cell1_ROI_dbscan_centers,399.0,1.0,0.0,2.0,0.0,399.0,1.0,0.0,0.0,0.0
cell1_ROI_dbscan_centers,cell1_ROI_dbscan_centers,400.0,0.0,0.0,1.0,0.0,400.0,0.0,0.0,0.0,0.0
cell1_ROI_dbscan_centers,cell1_ROI_dbscan_centers,401.0,0.0,0.0,0.0,0.0,401.0,0.0,0.0,0.0,0.0
cell1_ROI_dbscan_centers,cell1_ROI_dbscan_centers,402.0,2.0,0.0,1.0,0.0,402.0,1.0,0.0,0.0,1.0
cell1_ROI_dbscan_centers,cell1_ROI_dbscan_centers,403.0,0.0,0.0,1.0,1.0,403.0,1.0,0.0,0.0,0.0
cell1_ROI_dbscan_centers,cell1_ROI_dbscan_centers,404.0,0.0,0.0,0.0,0.0,404.0,0.0,0.0,0.0,0.0
cell1_ROI_dbscan_centers,cell1_ROI_dbscan_centers,405.0,1.0,0.0,0.0,0.0,405.0,1.0,0.0,0.0,0.0
cell1_ROI_dbscan_centers,cell1_ROI_dbscan_centers,406.0,0.0,0.0,0.0,0.0,406.0,0.0,0.0,0.0,0.0
cell1_ROI_dbscan_centers,cell1_ROI_dbscan_centers,407.0,0.0,0.0,1.0,0.0,407.0,1.0,1.0,0.0,0.0
cell1_ROI_dbscan_centers,cell1_ROI_dbscan_centers,408.0,1.0,0.0,0.0,0.0,408.0,0.0,0.0,0.0,0.0
cell1_ROI_dbscan_centers,cell1_ROI_dbscan_centers,409.0,1.0,0.0,0.0,0.0,409.0,1.0,0.0,0.0,0.0
cell1_ROI_dbscan_centers,cell1_ROI_dbscan_centers,410.0,1.0,0.0,0.0,0.0,410.0,0.0,0.0,0.0,0.0
cell1_ROI_dbscan_centers,cell1_ROI_dbscan_centers,411.0,1.0,0.0,0.0,0.0,411.0,1.0,1.0,0.0,0.0
cell1_ROI_dbscan_centers,cell1_ROI_dbscan_centers,412.0,0.0,0.0,0.0,0.0,412.0,0.0,0.0,0.0,0.0
cell1_ROI_dbscan_centers,cell1_ROI_dbscan_centers,413.0,1.0,0.0,0.0,0.0,413.0,0.0,0.0,0.0,0.0
cell1_ROI_dbscan_centers,cell1_ROI_dbscan_centers,414.0,0.0,0.0,0.0,0.0,414.0,0.0,0.0,0.0,0.0
cell1_ROI_dbscan_centers,cell1_ROI_dbscan_centers,415.0,0.0,0.0,0.0,0.0,415.0,1.0,0.0,0.0,0.0
cell1_ROI_dbscan_centers,cell1_ROI_dbscan_centers,416.0,0.0,0.0,0.0,1.0,416.0,0.0,0.0,0.0,1.0
cell1_ROI_dbscan_centers,cell1_ROI_dbscan_centers,417.0,1.0,0.0,0.0,0.0,417.0,0.0,0.0,0.0,0.0
cell1_ROI_dbscan_centers,cell1_ROI_dbscan_centers,418.0,0.0,0.0,0.0,0.0,418.0,1.0,0.0,0.0,0.0
cell1_ROI_dbscan_centers,cell1_ROI_dbscan_centers,419.0,1.0,0.0,0.0,0.0,419.0,0.0,0.0,0.0,0.0
cell1_ROI_dbscan_centers,cell1_ROI_dbscan_centers,420.0,0.0,0.0,0.0,0.0,420.0,1.0,0.0,0.0,0.0
cell1_ROI_dbscan_centers,cell1_ROI_dbscan_centers,421.0,1.0,0.0,0.0,0.0,421.0,0.0,1.0,0.0,1.0
cell1_ROI_dbscan_centers,cell1_ROI_dbscan_centers,422.0,0.0,0.0,0.0,0.0,422.0,0.0,0.0,0.0,2.0
cell1_ROI_dbscan_centers,cell1_ROI_dbscan_centers,423.0,0.0,0.0,0.0,1.0,423.0,1.0,0.0,0.0,0.0
cell1_ROI_dbscan_centers,cell1_ROI_dbscan_centers,424.0,0.0,0.0,0.0,0.0,424.0,1.0,0.0,0.0,0.0
cell1_ROI_dbscan_centers,cell1_ROI_dbscan_centers,425.0,2.0,0.0,0.0,0.0,425.0,1.0,1.0,0.0,0.0
cell1_ROI_dbscan_centers,cell1_ROI_dbscan_centers,426.0,1.0,0.0,0.0,0.0,426.0,0.0,0.0,0.0,0.0
cell1_ROI_dbscan_centers,cell1_ROI_dbscan_centers,427.0,0.0,0.0,0.0,0.0,427.0,0.0,0.0,0.0,0.0
cell1_ROI_dbscan_centers,cell1_ROI_dbscan_centers,428.0,1.0,0.0,0.0,0.0,428.0,1.0,1.0,0.0,0.0
cell1_ROI_dbscan_centers,cell1_ROI_dbscan_centers,429.0,1.0,1.0,0.0,0.0,429.0,0.0,0.0,0.0,0.0
cell1_ROI_dbscan_centers,cell1_ROI_dbscan_centers,430.0,0.0,0.0,0.0,0.0,430.0,1.0,2.0,0.0,0.0
cell1_ROI_dbscan_centers,cell1_ROI_dbscan_centers,431.0,2.0,0.0,1.0,0.0,431.0,1.0,0.0,0.0,1.0
cell1_ROI_dbscan_centers,cell1_ROI_dbscan_centers,432.0,0.0,0.0,0.0,0.0,432.0,0.0,0.0,0.0,0.0
cell1_ROI_dbscan_centers,cell1_ROI_dbscan_centers,433.0,0.0,0.0,0.0,0.0,433.0,1.0,0.0,0.0,0.0
cell1_ROI_dbscan_centers,cell1_ROI_dbscan_centers,434.0,0.0,0.0,1.0,0.0,434.0,0.0,0.0,0.0,0.0
cell1_ROI_dbscan_centers,cell1_ROI_dbscan_centers,435.0,2.0,0.0,0.0,0.0,435.0,1.0,0.0,0.0,0.0
cell1_ROI_dbscan_centers,cell1_ROI_dbscan_centers,436.0,0.0,0.0,0.0,0.0,436.0,0.0,1.0,0.0,0.0
cell1_ROI_dbscan_centers,cell1_ROI_dbscan_centers,437.0,1.0,0.0,1.0,0.0,437.0,0.0,0.0,0.0,0.0
cell1_ROI_dbscan_centers,cell1_ROI_dbscan_centers,438.0,1.0,0.0,0.0,0.0,438.0,0.0,1.0,0.0,0.0
cell1_ROI_dbscan_centers,cell1_ROI_dbscan_centers,439.0,0.0,1.0,0.0,1.0,439.0,0.0,0.0,0.0,0.0
cell1_ROI_dbscan_centers,cell1_ROI_dbscan_centers,440.0,1.0,0.0,0.0,0.0,440.0,0.0,0.0,0.0,0.0
cell1_ROI_dbscan_centers,cell1_ROI_dbscan_centers,441.0,1.0,0.0,0.0,0.0,441.0,1.0,0.0,0.0,0.0
cell1_ROI_dbscan_centers,cell1_ROI_dbscan_centers,442.0,1.0,0.0,0.0,0.0,442.0,0.0,0.0,0.0,0.0
cell1_ROI_dbscan_centers,cell1_ROI_dbscan_centers,443.0,0.0,0.0,0.0,0.0,443.0,0.0,0.0,0.0,0.0
cell1_ROI_dbscan_centers,cell1_ROI_dbscan_centers,444.0,1.0,0.0,0.0,0.0,444.0,1.0,1.0,0.0,1.0
cell1_ROI_dbscan_centers,cell1_ROI_dbscan_centers,445.0,0.0,0.0,0.0,0.0,445.0,0.0,0.0,0.0,2.0
cell1_ROI_dbscan_centers,cell1_ROI_dbscan_centers,446.0,2.0,0.0,0.0,0.0,446.0,1.0,0.0,0.0,0.0
cell1_ROI_dbscan_centers,cell1_ROI_dbscan_centers,447.0,1.0,0.0,0.0,0.0,447.0,0.0,0.0,0.0,1.0
cell1_ROI_dbscan_centers,cell1_ROI_dbscan_centers,448.0,1.0,0.0,0.0,0.0,448.0,1.0,0.0,1.0,0.0
cell1_ROI_dbscan_centers,cell1_ROI_dbscan_centers,449.0,2.0,0.0,0.0,0.0,449.0,0.0,0.0,0.0,0.0
cell1_ROI_dbscan_centers,cell1_ROI_dbscan_centers,450.0,0.0,0.0,1.0,1.0,450.0,0.0,0.0,0.0,0.0
cell1_ROI_dbscan_centers,cell1_ROI_dbscan_centers,451.0,1.0,0.0,0.0,0.0,451.0,0.0,0.0,0.0,0.0
cell1_ROI_dbscan_centers,cell1_ROI_dbscan_centers,452.0,1.0,0.0,0.0,0.0,452.0,0.0,0.0,0.0,0.0
cell1_ROI_dbscan_centers,cell1_ROI_dbscan_centers,453.0,0.0,1.0,0.0,0.0,453.0,1.0,0.0,0.0,0.0
cell1_ROI_dbscan_centers,cell1_ROI_dbscan_centers,454.0,0.0,0.0,0.0,0.0,454.0,0.0,0.0,0.0,0.0
cell1_ROI_dbscan_centers,cell1_ROI_dbscan_centers,455.0,2.0,0.0,0.0,0.0,455.0,0.0,0.0,0.0,0.0
cell1_ROI_dbscan_centers,cell1_ROI_dbscan_centers,456.0,1.0,0.0,0.0,1.0,456.0,0.0,0.0,0.0,0.0
cell1_ROI_dbscan_centers,cell1_ROI_dbscan_centers,457.0,1.0,0.0,0.0,1.0,457.0,1.0,0.0,0.0,0.0
cell1_ROI_dbscan_centers,cell1_ROI_dbscan_centers,458.0,0.0,0.0,1.0,0.0,458.0,0.0,0.0,0.0,0.0
cell1_ROI_dbscan_centers,cell1_ROI_dbscan_centers,459.0,1.0,0.0,0.0,0.0,459.0,0.0,0.0,0.0,0.0
cell1_ROI_dbscan_centers,cell1_ROI_dbscan_centers,460.0,0.0,0.0,0.0,0.0,460.0,0.0,0.0,0.0,0.0
cell1_ROI_dbscan_centers,cell1_ROI_dbscan_centers,461.0,1.0,0.0,0.0,0.0,461.0,0.0,0.0,0.0,0.0
cell1_ROI_dbscan_centers,cell1_ROI_dbscan_centers,462.0,2.0,0.0,0.0,0.0,462.0,0.0,0.0,0.0,0.0
cell1_ROI_dbscan_centers,cell1_ROI_dbscan_centers,463.0,1.0,0.0,0.0,0.0,463.0,1.0,0.0,0.0,0.0
cell1_ROI_dbscan_centers,cell1_ROI_dbscan_centers,464.0,0.0,0.0,0.0,1.0,464.0,1.0,0.0,0.0,0.0
cell1_ROI_dbscan_centers,cell1_ROI_dbscan_centers,465.0,0.0,0.0,0.0,0.0,465.0,0.0,0.0,0.0,0.0
cell1_ROI_dbscan_centers,cell1_ROI_dbscan_centers,466.0,1.0,0.0,0.0,0.0,466.0,1.0,0.0,0.0,0.0
cell1_ROI_dbscan_centers,cell1_ROI_dbscan_centers,467.0,0.0,1.0,0.0,1.0,467.0,1.0,0.0,0.0,0.0
cell1_ROI_dbscan_centers,cell1_ROI_dbscan_centers,468.0,1.0,1.0,0.0,0.0,468.0,0.0,0.0,0.0,0.0
cell1_ROI_dbscan_centers,cell1_ROI_dbscan_centers,469.0,1.0,0.0,1.0,0.0,469.0,0.0,0.0,0.0,0.0
cell1_ROI_dbscan_centers,cell1_ROI_dbscan_centers,470.0,1.0,0.0,1.0,1.0,470.0,0.0,0.0,0.0,0.0
cell1_ROI_dbscan_centers,cell1_ROI_dbscan_centers,471.0,0.0,0.0,0.0,0.0,471.0,0.0,0.0,0.0,1.0
cell1_ROI_dbscan_centers,cell1_ROI_dbscan_centers,472.0,1.0,0.0,0.0,0.0,472.0,1.0,0.0,0.0,0.0
cell1_ROI_dbscan_centers,cell1_ROI_dbscan_centers,473.0,1.0,0.0,2.0,0.0,473.0,0.0,0.0,0.0,0.0
cell1_ROI_dbscan_centers,cell1_ROI_dbscan_centers,474.0,1.0,0.0,0.0,0.0,474.0,1.0,0.0,0.0,0.0
cell1_ROI_dbscan_centers,cell1_ROI_dbscan_centers,475.0,0.0,0.0,0.0,0.0,475.0,1.0,0.0,0.0,0.0
cell1_ROI_dbscan_centers,cell1_ROI_dbscan_centers,476.0,1.0,0.0,1.0,0.0,476.0,0.0,1.0,0.0,0.0
cell1_ROI_dbscan_centers,cell1_ROI_dbscan_centers,477.0,0.0,0.0,0.0,0.0,477.0,0.0,0.0,1.0,0.0
cell1_ROI_dbscan_centers,cell1_ROI_dbscan_centers,478.0,1.0,0.0,0.0,0.0,478.0,1.0,0.0,0.0,1.0
cell1_ROI_dbscan_centers,cell1_ROI_dbscan_centers,479.0,1.0,0.0,0.0,0.0,479.0,2.0,0.0,0.0,0.0
cell1_ROI_dbscan_centers,cell1_ROI_dbscan_centers,480.0,0.0,0.0,1.0,0.0,480.0,0.0,0.0,0.0,0.0
cell1_ROI_dbscan_centers,cell1_ROI_dbscan_centers,481.0,1.0,0.0,0.0,0.0,481.0,0.0,0.0,0.0,0.0
cell1_ROI_dbscan_centers,cell1_ROI_dbscan_centers,482.0,0.0,1.0,2.0,0.0,482.0,1.0,0.0,0.0,0.0
cell1_ROI_dbscan_centers,cell1_ROI_dbscan_centers,483.0,2.0,0.0,0.0,0.0,483.0,0.0,1.0,0.0,0.0
cell1_ROI_dbscan_centers,cell1_ROI_dbscan_centers,484.0,0.0,0.0,0.0,0.0,484.0,0.0,0.0,0.0,0.0
cell1_ROI_dbscan_centers,cell1_ROI_dbscan_centers,485.0,0.0,0.0,0.0,0.0,485.0,0.0,1.0,0.0,0.0
cell1_ROI_dbscan_centers,cell1_ROI_dbscan_centers,486.0,1.0,0.0,0.0,0.0,486.0,0.0,0.0,0.0,0.0
cell1_ROI_dbscan_centers,cell1_ROI_dbscan_centers,487.0,2.0,0.0,1.0,0.0,487.0,0.0,0.0,0.0,0.0
cell1_ROI_dbscan_centers,cell1_ROI_dbscan_centers,488.0,1.0,0.0,0.0,0.0,488.0,1.0,0.0,0.0,0.0
cell1_ROI_dbscan_centers,cell1_ROI_dbscan_centers,489.0,1.0,0.0,0.0,0.0,489.0,0.0,0.0,0.0,0.0
cell1_ROI_dbscan_centers,cell1_ROI_dbscan_centers,490.0,1.0,0.0,0.0,0.0,490.0,1.0,0.0,0.0,0.0
cell1_ROI_dbscan_centers,cell1_ROI_dbscan_centers,491.0,0.0,0.0,0.0,0.0,491.0,0.0,0.0,0.0,0.0
cell1_ROI_dbscan_centers,cell1_ROI_dbscan_centers,492.0,0.0,0.0,0.0,0.0,492.0,0.0,0.0,0.0,0.0
cell1_ROI_dbscan_centers,cell1_ROI_dbscan_centers,493.0,1.0,0.0,0.0,0.0,493.0,1.0,0.0,0.0,0.0
cell1_ROI_dbscan_centers,cell1_ROI_dbscan_centers,494.0,1.0,0.0,0.0,0.0,494.0,0.0,0.0,0.0,0.0
cell1_ROI_dbscan_centers,cell1_ROI_dbscan_centers,495.0,0.0,0.0,0.0,0.0,495.0,1.0,0.0,0.0,1.0
cell1_ROI_dbscan_centers,cell1_ROI_dbscan_centers,496.0,0.0,0.0,0.0,1.0,496.0,0.0,0.0,0.0,0.0
cell1_ROI_dbscan_centers,cell1_ROI_dbscan_centers,497.0,1.0,0.0,0.0,0.0,497.0,0.0,0.0,0.0,0.0
cell1_ROI_dbscan_centers,cell1_ROI_dbscan_centers,498.0,1.0,0.0,0.0,0.0,498.0,0.0,0.0,0.0,0.0
cell1_ROI_dbscan_centers,cell1_ROI_dbscan_centers,499.0,0.0,0.0,0.0,1.0,499.0,1.0,0.0,0.0,0.0
cell1_ROI_dbscan_centers,cell1_ROI_dbscan_centers,500.0,1.0,0.0,0.0,0.0,500.0,0.0,0.0,1.0,0.0
cell1_ROI_dbscan_centers,cell1_ROI_dbscan_centers,501.0,0.0,0.0,0.0,0.0,501.0,0.0,1.0,0.0,0.0
cell1_ROI_dbscan_centers,cell1_ROI_dbscan_centers,502.0,0.0,0.0,0.0,0.0,502.0,0.0,1.0,0.0,0.0
cell1_ROI_dbscan_centers,cell1_ROI_dbscan_centers,503.0,0.0,0.0,1.0,0.0,503.0,0.0,0.0,0.0,0.0
cell1_ROI_dbscan_centers,cell1_ROI_dbscan_centers,504.0,0.0,0.0,1.0,0.0,504.0,1.0,0.0,0.0,0.0
cell1_ROI_dbscan_centers,cell1_ROI_dbscan_centers,505.0,0.0,0.0,1.0,0.0,505.0,0.0,0.0,0.0,1.0
cell1_ROI_dbscan_centers,cell1_ROI_dbscan_centers,506.0,2.0,0.0,0.0,0.0,506.0,0.0,0.0,0.0,0.0
cell1_ROI_dbscan_centers,cell1_ROI_dbscan_centers,507.0,1.0,1.0,0.0,0.0,507.0,0.0,0.0,0.0,0.0
cell1_ROI_dbscan_centers,cell1_ROI_dbscan_centers,508.0,2.0,0.0,0.0,0.0,508.0,0.0,0.0,0.0,0.0
cell1_ROI_dbscan_centers,cell1_ROI_dbscan_centers,509.0,0.0,0.0,0.0,0.0,509.0,1.0,1.0,0.0,0.0
cell1_ROI_dbscan_centers,cell1_ROI_dbscan_centers,510.0,0.0,0.0,0.0,0.0,510.0,1.0,0.0,1.0,0.0
cell1_ROI_dbscan_centers,cell1_ROI_dbscan_centers,511.0,0.0,0.0,0.0,0.0,511.0,1.0,0.0,0.0,0.0
cell1_ROI_dbscan_centers,cell1_ROI_dbscan_centers,512.0,1.0,0.0,0.0,0.0,512.0,0.0,0.0,0.0,0.0
cell1_ROI_dbscan_centers,cell1_ROI_dbscan_centers,513.0,1.0,0.0,0.0,0.0,513.0,1.0,0.0,0.0,0.0
cell1_ROI_dbscan_centers,cell1_ROI_dbscan_centers,514.0,1.0,0.0,0.0,0.0,514.0,0.0,0.0,0.0,0.0
cell1_ROI_dbscan_centers,cell1_ROI_dbscan_centers,515.0,0.0,0.0,0.0,0.0,515.0,1.0,1.0,0.0,0.0
cell1_ROI_dbscan_centers,cell1_ROI_dbscan_centers,516.0,1.0,0.0,0.0,0.0,516.0,0.0,0.0,0.0,2.0
cell1_ROI_dbscan_centers,cell1_ROI_dbscan_centers,517.0,0.0,0.0,0.0,0.0,517.0,0.0,0.0,0.0,0.0
cell1_ROI_dbscan_centers,cell1_ROI_dbscan_centers,518.0,0.0,0.0,0.0,0.0,518.0,0.0,2.0,0.0,0.0
cell1_ROI_dbscan_centers,cell1_ROI_dbscan_centers,519.0,1.0,0.0,1.0,1.0,519.0,1.0,1.0,0.0,0.0
cell1_ROI_dbscan_centers,cell1_ROI_dbscan_centers,520.0,0.0,0.0,0.0,0.0,520.0,0.0,0.0,0.0,0.0
cell1_ROI_dbscan_centers,cell1_ROI_dbscan_centers,521.0,1.0,0.0,0.0,0.0,521.0,0.0,1.0,0.0,0.0
cell1_ROI_dbscan_centers,cell1_ROI_dbscan_centers,522.0,2.0,0.0,0.0,1.0,522.0,0.0,0.0,0.0,2.0
cell1_ROI_dbscan_centers,cell1_ROI_dbscan_centers,523.0,2.0,0.0,1.0,0.0,523.0,0.0,0.0,0.0,0.0
cell1_ROI_dbscan_centers,cell1_ROI_dbscan_centers,524.0,1.0,0.0,0.0,0.0,524.0,0.0,0.0,0.0,1.0
cell1_ROI_dbscan_centers,cell1_ROI_dbscan_centers,525.0,0.0,0.0,0.0,2.0,525.0,1.0,0.0,0.0,0.0
cell1_ROI_dbscan_centers,cell1_ROI_dbscan_centers,526.0,0.0,0.0,1.0,0.0,526.0,0.0,0.0,0.0,0.0
cell1_ROI_dbscan_centers,cell1_ROI_dbscan_centers,527.0,0.0,0.0,0.0,1.0,527.0,0.0,0.0,0.0,0.0
cell1_ROI_dbscan_centers,cell1_ROI_dbscan_centers,528.0,1.0,0.0,0.0,0.0,528.0,0.0,1.0,0.0,0.0
cell1_ROI_dbscan_centers,cell1_ROI_dbscan_centers,529.0,0.0,0.0,0.0,0.0,529.0,0.0,0.0,0.0,0.0
cell1_ROI_dbscan_centers,cell1_ROI_dbscan_centers,530.0,1.0,0.0,0.0,0.0,530.0,0.0,0.0,0.0,0.0
cell1_ROI_dbscan_centers,cell1_ROI_dbscan_centers,531.0,0.0,0.0,0.0,0.0,531.0,0.0,1.0,0.0,0.0
cell1_ROI_dbscan_centers,cell1_ROI_dbscan_centers,532.0,0.0,0.0,0.0,0.0,532.0,1.0,0.0,0.0,0.0
cell1_ROI_dbscan_centers,cell1_ROI_dbscan_centers,533.0,1.0,0.0,0.0,0.0,533.0,0.0,0.0,0.0,0.0
cell1_ROI_dbscan_centers,cell1_ROI_dbscan_centers,534.0,0.0,0.0,2.0,0.0,534.0,0.0,0.0,0.0,0.0
cell1_ROI_dbscan_centers,cell1_ROI_dbscan_centers,535.0,1.0,0.0,0.0,0.0,535.0,0.0,0.0,0.0,0.0
cell1_ROI_dbscan_centers,cell1_ROI_dbscan_centers,536.0,1.0,0.0,0.0,1.0,536.0,1.0,0.0,0.0,0.0
cell1_ROI_dbscan_centers,cell1_ROI_dbscan_centers,537.0,1.0,0.0,0.0,0.0,537.0,1.0,0.0,0.0,0.0
cell1_ROI_dbscan_centers,cell1_ROI_dbscan_centers,538.0,1.0,0.0,0.0,0.0,538.0,0.0,0.0,0.0,0.0
cell1_ROI_dbscan_centers,cell1_ROI_dbscan_centers,539.0,1.0,0.0,0.0,0.0,539.0,0.0,0.0,0.0,0.0
cell1_ROI_dbscan_centers,cell1_ROI_dbscan_centers,540.0,0.0,0.0,0.0,0.0,540.0,1.0,1.0,0.0,0.0
cell1_ROI_dbscan_centers,cell1_ROI_dbscan_centers,541.0,0.0,0.0,0.0,0.0,541.0,1.0,0.0,0.0,0.0
cell1_ROI_dbscan_centers,cell1_ROI_dbscan_centers,542.0,1.0,0.0,0.0,0.0,542.0,0.0,0.0,0.0,0.0
cell1_ROI_dbscan_centers,cell1_ROI_dbscan_centers,543.0,0.0,0.0,0.0,0.0,543.0,0.0,0.0,0.0,1.0
cell1_ROI_dbscan_centers,cell1_ROI_dbscan_centers,544.0,1.0,0.0,0.0,0.0,544.0,0.0,0.0,0.0,0.0
cell1_ROI_dbscan_centers,cell1_ROI_dbscan_centers,545.0,0.0,0.0,0.0,0.0,545.0,1.0,0.0,0.0,0.0
cell1_ROI_dbscan_centers,cell1_ROI_dbscan_centers,546.0,1.0,0.0,0.0,0.0,546.0,0.0,0.0,0.0,0.0
cell1_ROI_dbscan_centers,cell1_ROI_dbscan_centers,547.0,1.0,0.0,0.0,0.0,547.0,0.0,0.0,0.0,0.0
cell1_ROI_dbscan_centers,cell1_ROI_dbscan_centers,548.0,0.0,0.0,0.0,0.0,548.0,0.0,0.0,0.0,1.0
cell1_ROI_dbscan_centers,cell1_ROI_dbscan_centers,549.0,1.0,0.0,0.0,0.0,549.0,1.0,0.0,0.0,0.0
cell1_ROI_dbscan_centers,cell1_ROI_dbscan_centers,550.0,1.0,0.0,0.0,0.0,550.0,0.0,0.0,0.0,0.0
cell1_ROI_dbscan_centers,cell1_ROI_dbscan_centers,551.0,1.0,0.0,0.0,0.0,551.0,0.0,0.0,0.0,0.0
cell1_ROI_dbscan_centers,cell1_ROI_dbscan_centers,552.0,1.0,0.0,0.0,0.0,552.0,0.0,0.0,0.0,0.0
cell1_ROI_dbscan_centers,cell1_ROI_dbscan_centers,553.0,0.0,0.0,2.0,0.0,553.0,1.0,0.0,0.0,0.0
cell1_ROI_dbscan_centers,cell1_ROI_dbscan_centers,554.0,0.0,0.0,0.0,0.0,554.0,0.0,0.0,0.0,0.0
cell1_ROI_dbscan_centers,cell1_ROI_dbscan_centers,555.0,0.0,0.0,0.0,0.0,555.0,0.0,0.0,0.0,0.0
cell1_ROI_dbscan_centers,cell1_ROI_dbscan_centers,556.0,1.0,0.0,0.0,0.0,556.0,0.0,0.0,0.0,0.0
cell1_ROI_dbscan_centers,cell1_ROI_dbscan_centers,557.0,0.0,0.0,0.0,0.0,557.0,0.0,0.0,1.0,0.0
cell1_ROI_dbscan_centers,cell1_ROI_dbscan_centers,558.0,1.0,0.0,1.0,0.0,558.0,0.0,1.0,0.0,0.0
cell1_ROI_dbscan_centers,cell1_ROI_dbscan_centers,559.0,1.0,0.0,1.0,0.0,559.0,0.0,0.0,0.0,0.0
cell1_ROI_dbscan_centers,cell1_ROI_dbscan_centers,560.0,1.0,1.0,0.0,0.0,560.0,0.0,0.0,0.0,0.0
cell1_ROI_dbscan_centers,cell1_ROI_dbscan_centers,561.0,2.0,0.0,0.0,0.0,561.0,0.0,1.0,0.0,0.0
cell1_ROI_dbscan_centers,cell1_ROI_dbscan_centers,562.0,0.0,0.0,1.0,0.0,562.0,1.0,0.0,0.0,0.0
cell1_ROI_dbscan_centers,cell1_ROI_dbscan_centers,563.0,2.0,1.0,0.0,0.0,563.0,0.0,0.0,0.0,0.0
cell1_ROI_dbscan_centers,cell1_ROI_dbscan_centers,564.0,0.0,0.0,1.0,1.0,564.0,0.0,0.0,0.0,0.0
cell1_ROI_dbscan_centers,cell1_ROI_dbscan_centers,565.0,0.0,0.0,0.0,0.0,565.0,0.0,0.0,0.0,0.0
cell1_ROI_dbscan_centers,cell1_ROI_dbscan_centers,566.0,1.0,0.0,0.0,0.0,566.0,1.0,0.0,1.0,0.0
cell1_ROI_dbscan_centers,cell1_ROI_dbscan_centers,567.0,0.0,0.0,0.0,0.0,567.0,1.0,0.0,0.0,0.0
cell1_ROI_dbscan_centers,cell1_ROI_dbscan_centers,568.0,0.0,0.0,0.0,0.0,568.0,1.0,0.0,0.0,0.0
cell1_ROI_dbscan_centers,cell1_ROI_dbscan_centers,569.0,1.0,0.0,0.0,1.0,569.0,0.0,0.0,0.0,0.0
cell1_ROI_dbscan_centers,cell1_ROI_dbscan_centers,570.0,3.0,0.0,0.0,0.0,570.0,0.0,0.0,0.0,0.0
cell1_ROI_dbscan_centers,cell1_ROI_dbscan_centers,571.0,1.0,0.0,0.0,0.0,571.0,1.0,0.0,0.0,0.0
cell1_ROI_dbscan_centers,cell1_ROI_dbscan_centers,572.0,1.0,0.0,0.0,0.0,572.0,0.0,0.0,1.0,0.0
cell1_ROI_dbscan_centers,cell1_ROI_dbscan_centers,573.0,1.0,0.0,0.0,2.0,573.0,0.0,1.0,0.0,0.0
cell1_ROI_dbscan_centers,cell1_ROI_dbscan_centers,574.0,0.0,0.0,0.0,0.0,574.0,1.0,0.0,0.0,0.0
cell1_ROI_dbscan_centers,cell1_ROI_dbscan_centers,575.0,0.0,0.0,0.0,0.0,575.0,0.0,0.0,0.0,0.0
cell1_ROI_dbscan_centers,cell1_ROI_dbscan_centers,576.0,0.0,0.0,0.0,0.0,576.0,0.0,0.0,0.0,1.0
cell1_ROI_dbscan_centers,cell1_ROI_dbscan_centers,577.0,2.0,0.0,0.0,1.0,577.0,0.0,0.0,0.0,0.0
cell1_ROI_dbscan_centers,cell1_ROI_dbscan_centers,578.0,0.0,0.0,1.0,0.0,578.0,0.0,0.0,0.0,0.0
cell1_ROI_dbscan_centers,cell1_ROI_dbscan_centers,579.0,1.0,0.0,0.0,0.0,579.0,0.0,0.0,0.0,0.0
cell1_ROI_dbscan_centers,cell1_ROI_dbscan_centers,580.0,1.0,0.0,0.0,0.0,580.0,0.0,1.0,1.0,0.0
cell1_ROI_dbscan_centers,cell1_ROI_dbscan_centers,581.0,0.0,0.0,0.0,0.0,581.0,0.0,0.0,0.0,1.0
cell1_ROI_dbscan_centers,cell1_ROI_dbscan_centers,582.0,0.0,0.0,1.0,0.0,582.0,1.0,0.0,0.0,0.0
cell1_ROI_dbscan_centers,cell1_ROI_dbscan_centers,583.0,0.0,0.0,1.0,0.0,583.0,0.0,0.0,1.0,0.0
cell1_ROI_dbscan_centers,cell1_ROI_dbscan_centers,584.0,0.0,0.0,0.0,0.0,584.0,0.0,0.0,0.0,0.0
cell1_ROI_dbscan_centers,cell1_ROI_dbscan_centers,585.0,1.0,0.0,0.0,0.0,585.0,1.0,0.0,0.0,0.0
cell1_ROI_dbscan_centers,cell1_ROI_dbscan_centers,586.0,0.0,0.0,0.0,0.0,586.0,0.0,0.0,0.0,0.0
cell1_ROI_dbscan_centers,cell1_ROI_dbscan_centers,587.0,1.0,0.0,0.0,0.0,587.0,0.0,0.0,0.0,1.0
cell1_ROI_dbscan_centers,cell1_ROI_dbscan_centers,588.0,1.0,0.0,0.0,0.0,588.0,1.0,0.0,0.0,0.0
cell1_ROI_dbscan_centers,cell1_ROI_dbscan_centers,589.0,2.0,0.0,1.0,0.0,589.0,2.0,1.0,0.0,1.0
cell1_ROI_dbscan_centers,cell1_ROI_dbscan_centers,590.0,0.0,0.0,0.0,0.0,590.0,1.0,0.0,0.0,0.0
cell1_ROI_dbscan_centers,cell1_ROI_dbscan_centers,591.0,3.0,0.0,0.0,0.0,591.0,1.0,0.0,0.0,0.0
cell1_ROI_dbscan_centers,cell1_ROI_dbscan_centers,592.0,0.0,0.0,0.0,0.0,592.0,0.0,1.0,0.0,0.0
cell1_ROI_dbscan_centers,cell1_ROI_dbscan_centers,593.0,1.0,0.0,0.0,0.0,593.0,1.0,0.0,0.0,0.0
cell1_ROI_dbscan_centers,cell1_ROI_dbscan_centers,594.0,0.0,0.0,0.0,1.0,594.0,1.0,0.0,1.0,1.0
cell1_ROI_dbscan_centers,cell1_ROI_dbscan_centers,595.0,1.0,0.0,1.0,0.0,595.0,0.0,0.0,0.0,0.0
cell1_ROI_dbscan_centers,cell1_ROI_dbscan_centers,596.0,1.0,0.0,0.0,0.0,596.0,0.0,0.0,1.0,0.0
cell1_ROI_dbscan_centers,cell1_ROI_dbscan_centers,597.0,1.0,0.0,0.0,0.0,597.0,0.0,0.0,1.0,0.0
cell1_ROI_dbscan_centers,cell1_ROI_dbscan_centers,598.0,1.0,0.0,0.0,0.0,598.0,0.0,0.0,0.0,1.0
cell1_ROI_dbscan_centers,cell1_ROI_dbscan_centers,599.0,0.0,0.0,0.0,0.0,599.0,0.0,0.0,0.0,0.0
cell1_ROI_dbscan_centers,cell1_ROI_dbscan_centers,600.0,1.0,0.0,0.0,0.0,600.0,0.0,0.0,0.0,0.0
cell1_ROI_dbscan_centers,cell1_ROI_dbscan_centers,601.0,1.0,0.0,0.0,0.0,601.0,2.0,1.0,0.0,0.0
cell1_ROI_dbscan_centers,cell1_ROI_dbscan_centers,602.0,0.0,0.0,1.0,0.0,602.0,1.0,0.0,0.0,1.0
cell1_ROI_dbscan_centers,cell1_ROI_dbscan_centers,603.0,0.0,0.0,0.0,0.0,603.0,1.0,0.0,0.0,0.0
cell1_ROI_dbscan_centers,cell1_ROI_dbscan_centers,604.0,2.0,0.0,0.0,0.0,604.0,1.0,1.0,0.0,0.0
cell1_ROI_dbscan_centers,cell1_ROI_dbscan_centers,605.0,0.0,0.0,0.0,0.0,605.0,0.0,0.0,0.0,0.0
cell1_ROI_dbscan_centers,cell1_ROI_dbscan_centers,606.0,2.0,0.0,1.0,0.0,606.0,1.0,0.0,0.0,0.0
cell1_ROI_dbscan_centers,cell1_ROI_dbscan_centers,607.0,0.0,0.0,0.0,0.0,607.0,1.0,0.0,0.0,0.0
cell1_ROI_dbscan_centers,cell1_ROI_dbscan_centers,608.0,1.0,0.0,0.0,0.0,608.0,0.0,1.0,0.0,0.0
cell1_ROI_dbscan_centers,cell1_ROI_dbscan_centers,609.0,0.0,0.0,1.0,0.0,609.0,0.0,0.0,0.0,1.0
cell1_ROI_dbscan_centers,cell1_ROI_dbscan_centers,610.0,1.0,0.0,0.0,0.0,610.0,1.0,0.0,1.0,0.0
cell1_ROI_dbscan_centers,cell1_ROI_dbscan_centers,611.0,0.0,0.0,0.0,0.0,611.0,0.0,1.0,0.0,0.0
cell1_ROI_dbscan_centers,cell1_ROI_dbscan_centers,612.0,0.0,0.0,0.0,0.0,612.0,0.0,0.0,0.0,0.0
cell1_ROI_dbscan_centers,cell1_ROI_dbscan_centers,613.0,0.0,0.0,0.0,0.0,613.0,1.0,1.0,0.0,1.0
cell1_ROI_dbscan_centers,cell1_ROI_dbscan_centers,614.0,0.0,0.0,0.0,0.0,614.0,0.0,0.0,0.0,0.0
cell1_ROI_dbscan_centers,cell1_ROI_dbscan_centers,615.0,1.0,0.0,0.0,1.0,615.0,1.0,0.0,0.0,0.0
cell1_ROI_dbscan_centers,cell1_ROI_dbscan_centers,616.0,1.0,0.0,0.0,0.0,616.0,1.0,1.0,0.0,1.0
cell1_ROI_dbscan_centers,cell1_ROI_dbscan_centers,617.0,0.0,0.0,1.0,0.0,617.0,0.0,0.0,0.0,0.0
cell1_ROI_dbscan_centers,cell1_ROI_dbscan_centers,618.0,0.0,0.0,0.0,0.0,618.0,1.0,0.0,0.0,0.0
cell1_ROI_dbscan_centers,cell1_ROI_dbscan_centers,619.0,1.0,0.0,0.0,0.0,619.0,0.0,0.0,0.0,0.0
cell1_ROI_dbscan_centers,cell1_ROI_dbscan_centers,620.0,1.0,0.0,0.0,0.0,620.0,1.0,1.0,0.0,0.0
cell1_ROI_dbscan_centers,cell1_ROI_dbscan_centers,621.0,1.0,0.0,1.0,0.0,621.0,0.0,1.0,0.0,0.0
cell1_ROI_dbscan_centers,cell1_ROI_dbscan_centers,622.0,1.0,0.0,0.0,0.0,622.0,1.0,0.0,0.0,0.0
cell1_ROI_dbscan_centers,cell1_ROI_dbscan_centers,623.0,1.0,0.0,0.0,0.0,623.0,0.0,1.0,0.0,0.0
cell1_ROI_dbscan_centers,cell1_ROI_dbscan_centers,624.0,2.0,0.0,0.0,0.0,624.0,0.0,0.0,0.0,0.0
cell1_ROI_dbscan_centers,cell1_ROI_dbscan_centers,625.0,1.0,0.0,0.0,0.0,625.0,1.0,0.0,0.0,0.0
cell1_ROI_dbscan_centers,cell1_ROI_dbscan_centers,626.0,1.0,0.0,0.0,0.0,626.0,0.0,0.0,1.0,0.0
cell1_ROI_dbscan_centers,cell1_ROI_dbscan_centers,627.0,2.0,0.0,1.0,0.0,627.0,0.0,0.0,0.0,1.0
cell1_ROI_dbscan_centers,cell1_ROI_dbscan_centers,628.0,1.0,0.0,0.0,1.0,628.0,0.0,0.0,0.0,0.0
cell1_ROI_dbscan_centers,cell1_ROI_dbscan_centers,629.0,1.0,0.0,1.0,0.0,629.0,1.0,0.0,0.0,0.0
cell1_ROI_dbscan_centers,cell1_ROI_dbscan_centers,630.0,0.0,0.0,0.0,0.0,630.0,1.0,0.0,0.0,0.0
cell1_ROI_dbscan_centers,cell1_ROI_dbscan_centers,631.0,0.0,0.0,0.0,0.0,631.0,2.0,0.0,1.0,0.0
cell1_ROI_dbscan_centers,cell1_ROI_dbscan_centers,632.0,1.0,0.0,0.0,0.0,632.0,0.0,0.0,0.0,0.0
cell1_ROI_dbscan_centers,cell1_ROI_dbscan_centers,633.0,1.0,0.0,1.0,0.0,633.0,1.0,1.0,0.0,0.0
cell1_ROI_dbscan_centers,cell1_ROI_dbscan_centers,634.0,1.0,0.0,0.0,0.0,634.0,0.0,0.0,0.0,0.0
cell1_ROI_dbscan_centers,cell1_ROI_dbscan_centers,635.0,0.0,0.0,0.0,0.0,635.0,0.0,1.0,0.0,1.0
cell1_ROI_dbscan_centers,cell1_ROI_dbscan_centers,636.0,1.0,0.0,1.0,0.0,636.0,1.0,0.0,0.0,0.0
cell1_ROI_dbscan_centers,cell1_ROI_dbscan_centers,637.0,0.0,1.0,0.0,0.0,637.0,0.0,0.0,0.0,0.0
cell1_ROI_dbscan_centers,cell1_ROI_dbscan_centers,638.0,0.0,0.0,0.0,1.0,638.0,1.0,0.0,0.0,0.0
cell1_ROI_dbscan_centers,cell1_ROI_dbscan_centers,639.0,1.0,0.0,0.0,0.0,639.0,0.0,0.0,1.0,0.0
cell1_ROI_dbscan_centers,cell1_ROI_dbscan_centers,640.0,1.0,0.0,0.0,0.0,640.0,0.0,0.0,0.0,0.0
cell1_ROI_dbscan_centers,cell1_ROI_dbscan_centers,641.0,2.0,0.0,0.0,0.0,641.0,1.0,1.0,0.0,0.0
cell1_ROI_dbscan_centers,cell1_ROI_dbscan_centers,642.0,1.0,0.0,0.0,0.0,642.0,1.0,0.0,0.0,1.0
cell1_ROI_dbscan_centers,cell1_ROI_dbscan_centers,643.0,1.0,0.0,0.0,0.0,643.0,1.0,0.0,0.0,1.0
cell1_ROI_dbscan_centers,cell1_ROI_dbscan_centers,644.0,1.0,0.0,0.0,1.0,644.0,0.0,0.0,0.0,0.0
cell1_ROI_dbscan_centers,cell1_ROI_dbscan_centers,645.0,1.0,0.0,1.0,0.0,645.0,1.0,1.0,0.0,1.0
cell1_ROI_dbscan_centers,cell1_ROI_dbscan_centers,646.0,1.0,0.0,0.0,0.0,646.0,1.0,0.0,0.0,0.0
cell1_ROI_dbscan_centers,cell1_ROI_dbscan_centers,647.0,0.0,0.0,0.0,0.0,647.0,0.0,0.0,0.0,0.0
cell1_ROI_dbscan_centers,cell1_ROI_dbscan_centers,648.0,1.0,0.0,0.0,0.0,648.0,0.0,0.0,0.0,0.0
cell1_ROI_dbscan_centers,cell1_ROI_dbscan_centers,649.0,1.0,0.0,1.0,0.0,649.0,1.0,1.0,0.0,0.0
cell1_ROI_dbscan_centers,cell1_ROI_dbscan_centers,650.0,0.0,0.0,0.0,0.0,650.0,0.0,0.0,0.0,0.0
cell1_ROI_dbscan_centers,cell1_ROI_dbscan_centers,651.0,1.0,0.0,1.0,0.0,651.0,0.0,0.0,0.0,0.0
cell1_ROI_dbscan_centers,cell1_ROI_dbscan_centers,652.0,0.0,0.0,0.0,0.0,652.0,0.0,0.0,0.0,0.0
cell1_ROI_dbscan_centers,cell1_ROI_dbscan_centers,653.0,1.0,0.0,0.0,1.0,653.0,1.0,0.0,0.0,0.0
cell1_ROI_dbscan_centers,cell1_ROI_dbscan_centers,654.0,1.0,0.0,0.0,0.0,654.0,0.0,0.0,0.0,0.0
cell1_ROI_dbscan_centers,cell1_ROI_dbscan_centers,655.0,0.0,0.0,0.0,0.0,655.0,0.0,0.0,0.0,0.0
cell1_ROI_dbscan_centers,cell1_ROI_dbscan_centers,656.0,0.0,0.0,0.0,0.0,656.0,0.0,0.0,0.0,0.0
cell1_ROI_dbscan_centers,cell1_ROI_dbscan_centers,657.0,0.0,0.0,0.0,0.0,657.0,0.0,0.0,0.0,0.0
cell1_ROI_dbscan_centers,cell1_ROI_dbscan_centers,658.0,1.0,0.0,0.0,0.0,658.0,0.0,0.0,0.0,0.0
cell1_ROI_dbscan_centers,cell1_ROI_dbscan_centers,659.0,1.0,0.0,0.0,0.0,659.0,0.0,0.0,0.0,0.0
cell1_ROI_dbscan_centers,cell1_ROI_dbscan_centers,660.0,0.0,0.0,1.0,0.0,660.0,1.0,0.0,0.0,0.0
cell1_ROI_dbscan_centers,cell1_ROI_dbscan_centers,661.0,0.0,0.0,0.0,0.0,661.0,0.0,0.0,0.0,0.0
cell1_ROI_dbscan_centers,cell1_ROI_dbscan_centers,662.0,1.0,0.0,0.0,0.0,662.0,0.0,0.0,0.0,0.0
cell1_ROI_dbscan_centers,cell1_ROI_dbscan_centers,663.0,2.0,0.0,0.0,0.0,663.0,1.0,0.0,0.0,0.0
cell1_ROI_dbscan_centers,cell1_ROI_dbscan_centers,664.0,1.0,0.0,0.0,0.0,664.0,1.0,0.0,0.0,0.0
cell1_ROI_dbscan_centers,cell1_ROI_dbscan_centers,665.0,0.0,0.0,0.0,0.0,665.0,0.0,0.0,0.0,1.0
cell1_ROI_dbscan_centers,cell1_ROI_dbscan_centers,666.0,1.0,0.0,1.0,0.0,666.0,0.0,0.0,0.0,0.0
cell1_ROI_dbscan_centers,cell1_ROI_dbscan_centers,667.0,2.0,0.0,0.0,0.0,667.0,1.0,0.0,1.0,0.0
cell1_ROI_dbscan_centers,cell1_ROI_dbscan_centers,668.0,0.0,0.0,0.0,0.0,668.0,0.0,0.0,0.0,0.0
cell1_ROI_dbscan_centers,cell1_ROI_dbscan_centers,669.0,1.0,0.0,1.0,0.0,669.0,1.0,0.0,0.0,0.0
cell1_ROI_dbscan_centers,cell1_ROI_dbscan_centers,670.0,1.0,0.0,0.0,0.0,670.0,0.0,0.0,0.0,0.0
cell1_ROI_dbscan_centers,cell1_ROI_dbscan_centers,671.0,0.0,0.0,0.0,0.0,671.0,1.0,1.0,0.0,0.0
cell1_ROI_dbscan_centers,cell1_ROI_dbscan_centers,672.0,0.0,0.0,0.0,0.0,672.0,1.0,0.0,0.0,0.0
cell1_ROI_dbscan_centers,cell1_ROI_dbscan_centers,673.0,1.0,0.0,0.0,0.0,673.0,1.0,1.0,0.0,0.0
cell1_ROI_dbscan_centers,cell1_ROI_dbscan_centers,674.0,0.0,0.0,0.0,0.0,674.0,0.0,0.0,0.0,0.0
cell1_ROI_dbscan_centers,cell1_ROI_dbscan_centers,675.0,0.0,0.0,0.0,0.0,675.0,0.0,0.0,0.0,1.0
cell1_ROI_dbscan_centers,cell1_ROI_dbscan_centers,676.0,0.0,0.0,0.0,0.0,676.0,0.0,0.0,0.0,0.0
cell1_ROI_dbscan_centers,cell1_ROI_dbscan_centers,677.0,0.0,0.0,0.0,0.0,677.0,0.0,0.0,0.0,0.0
cell1_ROI_dbscan_centers,cell1_ROI_dbscan_centers,678.0,1.0,0.0,0.0,0.0,678.0,1.0,1.0,0.0,0.0
cell1_ROI_dbscan_centers,cell1_ROI_dbscan_centers,679.0,0.0,0.0,0.0,0.0,679.0,1.0,0.0,0.0,0.0
cell1_ROI_dbscan_centers,cell1_ROI_dbscan_centers,680.0,0.0,0.0,1.0,0.0,680.0,1.0,0.0,0.0,0.0
cell1_ROI_dbscan_centers,cell1_ROI_dbscan_centers,681.0,2.0,0.0,0.0,0.0,681.0,1.0,0.0,0.0,0.0
cell1_ROI_dbscan_centers,cell1_ROI_dbscan_centers,682.0,1.0,0.0,0.0,0.0,682.0,1.0,0.0,0.0,0.0
cell1_ROI_dbscan_centers,cell1_ROI_dbscan_centers,683.0,1.0,0.0,0.0,0.0,683.0,0.0,0.0,0.0,0.0
cell1_ROI_dbscan_centers,cell1_ROI_dbscan_centers,684.0,1.0,0.0,1.0,0.0,684.0,0.0,1.0,0.0,0.0
cell1_ROI_dbscan_centers,cell1_ROI_dbscan_centers,685.0,1.0,0.0,3.0,0.0,685.0,0.0,0.0,0.0,0.0
cell1_ROI_dbscan_centers,cell1_ROI_dbscan_centers,686.0,1.0,0.0,0.0,0.0,686.0,1.0,0.0,0.0,0.0
cell1_ROI_dbscan_centers,cell1_ROI_dbscan_centers,687.0,1.0,0.0,0.0,0.0,687.0,0.0,0.0,0.0,1.0
cell1_ROI_dbscan_centers,cell1_ROI_dbscan_centers,688.0,1.0,0.0,0.0,0.0,688.0,0.0,0.0,0.0,2.0
cell1_ROI_dbscan_centers,cell1_ROI_dbscan_centers,689.0,0.0,0.0,0.0,0.0,689.0,0.0,0.0,0.0,0.0
cell1_ROI_dbscan_centers,cell1_ROI_dbscan_centers,690.0,1.0,0.0,0.0,1.0,690.0,1.0,0.0,1.0,1.0
cell1_ROI_dbscan_centers,cell1_ROI_dbscan_centers,691.0,1.0,0.0,0.0,0.0,691.0,1.0,0.0,1.0,0.0
cell1_ROI_dbscan_centers,cell1_ROI_dbscan_centers,692.0,0.0,0.0,0.0,0.0,692.0,0.0,0.0,0.0,0.0
cell1_ROI_dbscan_centers,cell1_ROI_dbscan_centers,693.0,2.0,0.0,1.0,0.0,693.0,0.0,0.0,0.0,0.0
cell1_ROI_dbscan_centers,cell1_ROI_dbscan_centers,694.0,2.0,0.0,0.0,0.0,694.0,0.0,0.0,0.0,0.0
cell1_ROI_dbscan_centers,cell1_ROI_dbscan_centers,695.0,0.0,0.0,2.0,0.0,695.0,0.0,0.0,1.0,0.0
cell1_ROI_dbscan_centers,cell1_ROI_dbscan_centers,696.0,0.0,0.0,0.0,0.0,696.0,1.0,1.0,0.0,0.0
cell1_ROI_dbscan_centers,cell1_ROI_dbscan_centers,697.0,2.0,0.0,1.0,0.0,697.0,0.0,0.0,0.0,0.0
cell1_ROI_dbscan_centers,cell1_ROI_dbscan_centers,698.0,1.0,0.0,0.0,0.0,698.0,0.0,0.0,0.0,0.0
cell1_ROI_dbscan_centers,cell1_ROI_dbscan_centers,699.0,0.0,0.0,0.0,0.0,699.0,0.0,0.0,0.0,0.0
cell1_ROI_dbscan_centers,cell1_ROI_dbscan_centers,700.0,0.0,0.0,1.0,0.0,700.0,1.0,0.0,0.0,0.0
cell1_ROI_dbscan_centers,cell1_ROI_dbscan_centers,701.0,1.0,0.0,0.0,0.0,701.0,0.0,1.0,0.0,0.0
cell1_ROI_dbscan_centers,cell1_ROI_dbscan_centers,702.0,0.0,0.0,1.0,0.0,702.0,1.0,0.0,0.0,0.0
cell1_ROI_dbscan_centers,cell1_ROI_dbscan_centers,703.0,2.0,0.0,0.0,0.0,703.0,1.0,0.0,0.0,0.0
cell1_ROI_dbscan_centers,cell1_ROI_dbscan_centers,704.0,1.0,0.0,0.0,0.0,704.0,0.0,0.0,0.0,0.0
cell1_ROI_dbscan_centers,cell1_ROI_dbscan_centers,705.0,2.0,0.0,0.0,0.0,705.0,1.0,0.0,0.0,0.0
cell1_ROI_dbscan_centers,cell1_ROI_dbscan_centers,706.0,1.0,0.0,0.0,0.0,706.0,1.0,0.0,0.0,0.0
cell1_ROI_dbscan_centers,cell1_ROI_dbscan_centers,707.0,0.0,0.0,0.0,0.0,707.0,1.0,1.0,0.0,0.0
cell1_ROI_dbscan_centers,cell1_ROI_dbscan_centers,708.0,0.0,0.0,0.0,1.0,708.0,0.0,0.0,0.0,0.0
cell1_ROI_dbscan_centers,cell1_ROI_dbscan_centers,709.0,0.0,0.0,0.0,0.0,709.0,0.0,0.0,0.0,1.0
cell1_ROI_dbscan_centers,cell1_ROI_dbscan_centers,710.0,1.0,0.0,0.0,0.0,710.0,1.0,2.0,0.0,0.0
cell1_ROI_dbscan_centers,cell1_ROI_dbscan_centers,711.0,1.0,0.0,0.0,1.0,711.0,0.0,0.0,0.0,0.0
cell1_ROI_dbscan_centers,cell1_ROI_dbscan_centers,712.0,1.0,0.0,0.0,0.0,712.0,1.0,0.0,0.0,0.0
cell1_ROI_dbscan_centers,cell1_ROI_dbscan_centers,713.0,1.0,0.0,0.0,0.0,713.0,0.0,0.0,0.0,0.0
cell1_ROI_dbscan_centers,cell1_ROI_dbscan_centers,714.0,1.0,0.0,0.0,0.0,714.0,0.0,0.0,0.0,0.0
cell1_ROI_dbscan_centers,cell1_ROI_dbscan_centers,715.0,1.0,0.0,0.0,0.0,715.0,0.0,0.0,0.0,0.0
cell1_ROI_dbscan_centers,cell1_ROI_dbscan_centers,716.0,0.0,0.0,0.0,0.0,716.0,0.0,0.0,0.0,1.0
cell1_ROI_dbscan_centers,cell1_ROI_dbscan_centers,717.0,1.0,0.0,0.0,0.0,717.0,0.0,0.0,0.0,0.0
cell1_ROI_dbscan_centers,cell1_ROI_dbscan_centers,718.0,0.0,0.0,0.0,0.0,718.0,0.0,0.0,0.0,0.0
cell1_ROI_dbscan_centers,cell1_ROI_dbscan_centers,719.0,1.0,0.0,0.0,0.0,719.0,1.0,0.0,0.0,0.0
cell1_ROI_dbscan_centers,cell1_ROI_dbscan_centers,720.0,0.0,0.0,0.0,0.0,720.0,1.0,0.0,0.0,0.0
cell1_ROI_dbscan_centers,cell1_ROI_dbscan_centers,721.0,0.0,0.0,1.0,0.0,721.0,0.0,0.0,0.0,0.0
cell1_ROI_dbscan_centers,cell1_ROI_dbscan_centers,722.0,0.0,0.0,0.0,0.0,722.0,0.0,2.0,0.0,0.0
cell1_ROI_dbscan_centers,cell1_ROI_dbscan_centers,723.0,0.0,0.0,1.0,0.0,723.0,1.0,0.0,0.0,1.0
cell1_ROI_dbscan_centers,cell1_ROI_dbscan_centers,724.0,0.0,0.0,0.0,0.0,724.0,0.0,0.0,0.0,0.0
cell1_ROI_dbscan_centers,cell1_ROI_dbscan_centers,725.0,0.0,0.0,0.0,0.0,725.0,1.0,0.0,0.0,0.0
cell1_ROI_dbscan_centers,cell1_ROI_dbscan_centers,726.0,0.0,0.0,0.0,0.0,726.0,0.0,0.0,0.0,0.0
cell1_ROI_dbscan_centers,cell1_ROI_dbscan_centers,727.0,1.0,0.0,0.0,0.0,727.0,0.0,0.0,0.0,0.0
cell1_ROI_dbscan_centers,cell1_ROI_dbscan_centers,728.0,0.0,0.0,0.0,1.0,728.0,0.0,0.0,0.0,1.0
cell1_ROI_dbscan_centers,cell1_ROI_dbscan_centers,729.0,1.0,0.0,0.0,0.0,729.0,1.0,0.0,0.0,0.0
cell1_ROI_dbscan_centers,cell1_ROI_dbscan_centers,730.0,0.0,0.0,0.0,0.0,730.0,1.0,0.0,0.0,0.0
cell1_ROI_dbscan_centers,cell1_ROI_dbscan_centers,731.0,1.0,0.0,0.0,0.0,731.0,0.0,0.0,0.0,0.0
cell1_ROI_dbscan_centers,cell1_ROI_dbscan_centers,732.0,0.0,0.0,0.0,0.0,732.0,1.0,0.0,0.0,0.0
cell1_ROI_dbscan_centers,cell1_ROI_dbscan_centers,733.0,1.0,0.0,0.0,0.0,733.0,1.0,0.0,0.0,0.0
cell1_ROI_dbscan_centers,cell1_ROI_dbscan_centers,734.0,0.0,0.0,0.0,0.0,734.0,0.0,0.0,0.0,0.0
cell1_ROI_dbscan_centers,cell1_ROI_dbscan_centers,735.0,0.0,0.0,0.0,0.0,735.0,0.0,0.0,0.0,0.0
cell1_ROI_dbscan_centers,cell1_ROI_dbscan_centers,736.0,1.0,0.0,1.0,0.0,736.0,1.0,0.0,0.0,0.0
cell1_ROI_dbscan_centers,cell1_ROI_dbscan_centers,737.0,1.0,0.0,0.0,0.0,737.0,0.0,0.0,0.0,1.0
cell1_ROI_dbscan_centers,cell1_ROI_dbscan_centers,738.0,0.0,0.0,1.0,0.0,738.0,1.0,0.0,0.0,0.0
cell1_ROI_dbscan_centers,cell1_ROI_dbscan_centers,739.0,2.0,0.0,0.0,0.0,739.0,1.0,0.0,0.0,0.0
cell1_ROI_dbscan_centers,cell1_ROI_dbscan_centers,740.0,0.0,0.0,0.0,0.0,740.0,0.0,1.0,0.0,0.0
cell1_ROI_dbscan_centers,cell1_ROI_dbscan_centers,741.0,0.0,0.0,0.0,0.0,741.0,0.0,0.0,0.0,0.0
cell1_ROI_dbscan_centers,cell1_ROI_dbscan_centers,742.0,0.0,0.0,0.0,0.0,742.0,1.0,0.0,0.0,0.0
cell1_ROI_dbscan_centers,cell1_ROI_dbscan_centers,743.0,1.0,0.0,0.0,0.0,743.0,0.0,0.0,0.0,2.0
cell1_ROI_dbscan_centers,cell1_ROI_dbscan_centers,744.0,1.0,0.0,0.0,1.0,744.0,0.0,0.0,0.0,1.0
cell1_ROI_dbscan_centers,cell1_ROI_dbscan_centers,745.0,1.0,0.0,0.0,0.0,745.0,1.0,0.0,0.0,0.0
cell1_ROI_dbscan_centers,cell1_ROI_dbscan_centers,746.0,1.0,0.0,0.0,0.0,746.0,1.0,0.0,0.0,1.0
cell1_ROI_dbscan_centers,cell1_ROI_dbscan_centers,747.0,1.0,0.0,0.0,0.0,747.0,0.0,0.0,0.0,0.0
cell1_ROI_dbscan_centers,cell1_ROI_dbscan_centers,748.0,1.0,0.0,0.0,0.0,748.0,0.0,0.0,0.0,0.0
cell1_ROI_dbscan_centers,cell1_ROI_dbscan_centers,749.0,1.0,0.0,0.0,0.0,749.0,0.0,1.0,1.0,0.0
cell1_ROI_dbscan_centers,cell1_ROI_dbscan_centers,750.0,1.0,0.0,0.0,0.0,750.0,1.0,0.0,0.0,0.0
cell1_ROI_dbscan_centers,cell1_ROI_dbscan_centers,751.0,1.0,0.0,1.0,0.0,751.0,0.0,0.0,0.0,0.0
cell1_ROI_dbscan_centers,cell1_ROI_dbscan_centers,752.0,2.0,0.0,0.0,0.0,752.0,0.0,1.0,0.0,0.0
cell1_ROI_dbscan_centers,cell1_ROI_dbscan_centers,753.0,1.0,0.0,0.0,1.0,753.0,1.0,0.0,0.0,0.0
cell1_ROI_dbscan_centers,cell1_ROI_dbscan_centers,754.0,1.0,0.0,0.0,0.0,754.0,0.0,0.0,0.0,0.0
cell1_ROI_dbscan_centers,cell1_ROI_dbscan_centers,755.0,0.0,0.0,0.0,0.0,755.0,0.0,0.0,0.0,1.0
cell1_ROI_dbscan_centers,cell1_ROI_dbscan_centers,756.0,0.0,0.0,0.0,0.0,756.0,0.0,0.0,0.0,0.0
cell1_ROI_dbscan_centers,cell1_ROI_dbscan_centers,757.0,1.0,0.0,0.0,1.0,757.0,1.0,0.0,0.0,0.0
cell1_ROI_dbscan_centers,cell1_ROI_dbscan_centers,758.0,0.0,0.0,0.0,0.0,758.0,0.0,0.0,0.0,0.0
cell1_ROI_dbscan_centers,cell1_ROI_dbscan_centers,759.0,1.0,0.0,1.0,0.0,759.0,1.0,0.0,1.0,0.0
cell1_ROI_dbscan_centers,cell1_ROI_dbscan_centers,760.0,0.0,0.0,0.0,1.0,760.0,0.0,0.0,0.0,0.0
cell1_ROI_dbscan_centers,cell1_ROI_dbscan_centers,761.0,0.0,0.0,0.0,0.0,761.0,1.0,0.0,0.0,0.0
cell1_ROI_dbscan_centers,cell1_ROI_dbscan_centers,762.0,0.0,0.0,0.0,0.0,762.0,1.0,0.0,0.0,1.0
cell1_ROI_dbscan_centers,cell1_ROI_dbscan_centers,763.0,0.0,0.0,0.0,0.0,763.0,1.0,0.0,0.0,2.0
cell1_ROI_dbscan_centers,cell1_ROI_dbscan_centers,764.0,1.0,0.0,0.0,0.0,764.0,1.0,0.0,1.0,1.0
cell1_ROI_dbscan_centers,cell1_ROI_dbscan_centers,765.0,1.0,0.0,0.0,0.0,765.0,0.0,0.0,0.0,0.0
cell1_ROI_dbscan_centers,cell1_ROI_dbscan_centers,766.0,0.0,0.0,0.0,0.0,766.0,1.0,0.0,0.0,0.0
cell1_ROI_dbscan_centers,cell1_ROI_dbscan_centers,767.0,0.0,0.0,1.0,0.0,767.0,1.0,0.0,0.0,0.0
cell1_ROI_dbscan_centers,cell1_ROI_dbscan_centers,768.0,2.0,0.0,0.0,0.0,768.0,1.0,0.0,0.0,0.0
cell1_ROI_dbscan_centers,cell1_ROI_dbscan_centers,769.0,2.0,0.0,0.0,0.0,769.0,0.0,0.0,0.0,0.0
cell1_ROI_dbscan_centers,cell1_ROI_dbscan_centers,770.0,1.0,0.0,0.0,0.0,770.0,0.0,0.0,0.0,0.0
cell1_ROI_dbscan_centers,cell1_ROI_dbscan_centers,771.0,0.0,0.0,0.0,0.0,771.0,0.0,0.0,0.0,0.0
cell1_ROI_dbscan_centers,cell1_ROI_dbscan_centers,772.0,0.0,0.0,0.0,0.0,772.0,0.0,0.0,0.0,0.0
cell1_ROI_dbscan_centers,cell1_ROI_dbscan_centers,773.0,1.0,0.0,0.0,1.0,773.0,1.0,0.0,0.0,0.0
cell1_ROI_dbscan_centers,cell1_ROI_dbscan_centers,774.0,0.0,0.0,0.0,0.0,774.0,0.0,1.0,0.0,0.0
cell1_ROI_dbscan_centers,cell1_ROI_dbscan_centers,775.0,0.0,0.0,1.0,0.0,775.0,0.0,0.0,0.0,0.0
cell1_ROI_dbscan_centers,cell1_ROI_dbscan_centers,776.0,1.0,0.0,0.0,0.0,776.0,0.0,0.0,0.0,0.0
cell1_ROI_dbscan_centers,cell1_ROI_dbscan_centers,777.0,0.0,0.0,0.0,0.0,777.0,0.0,0.0,0.0,0.0
cell1_ROI_dbscan_centers,cell1_ROI_dbscan_centers,778.0,1.0,0.0,1.0,0.0,778.0,0.0,1.0,0.0,0.0
cell1_ROI_dbscan_centers,cell1_ROI_dbscan_centers,779.0,0.0,0.0,1.0,0.0,779.0,0.0,0.0,0.0,0.0
cell1_ROI_dbscan_centers,cell1_ROI_dbscan_centers,780.0,1.0,0.0,0.0,0.0,780.0,0.0,0.0,0.0,0.0
cell1_ROI_dbscan_centers,cell1_ROI_dbscan_centers,781.0,0.0,0.0,0.0,0.0,781.0,0.0,1.0,0.0,0.0
cell1_ROI_dbscan_centers,cell1_ROI_dbscan_centers,782.0,1.0,0.0,1.0,0.0,782.0,0.0,0.0,0.0,0.0
cell1_ROI_dbscan_centers,cell1_ROI_dbscan_centers,783.0,0.0,0.0,0.0,0.0,783.0,0.0,0.0,0.0,0.0
cell1_ROI_dbscan_centers,cell1_ROI_dbscan_centers,784.0,1.0,0.0,0.0,0.0,784.0,1.0,0.0,0.0,0.0
cell1_ROI_dbscan_centers,cell1_ROI_dbscan_centers,785.0,1.0,0.0,0.0,0.0,785.0,1.0,0.0,0.0,1.0
cell1_ROI_dbscan_centers,cell1_ROI_dbscan_centers,786.0,0.0,0.0,0.0,0.0,786.0,0.0,1.0,0.0,0.0
cell1_ROI_dbscan_centers,cell1_ROI_dbscan_centers,787.0,1.0,0.0,0.0,0.0,787.0,1.0,0.0,0.0,0.0
cell1_ROI_dbscan_centers,cell1_ROI_dbscan_centers,788.0,1.0,0.0,0.0,0.0,788.0,0.0,0.0,0.0,0.0
cell1_ROI_dbscan_centers,cell1_ROI_dbscan_centers,789.0,0.0,0.0,1.0,0.0,789.0,0.0,0.0,0.0,1.0
cell1_ROI_dbscan_centers,cell1_ROI_dbscan_centers,790.0,2.0,0.0,0.0,0.0,790.0,1.0,0.0,0.0,0.0
cell1_ROI_dbscan_centers,cell1_ROI_dbscan_centers,791.0,0.0,0.0,0.0,0.0,791.0,0.0,1.0,0.0,0.0
cell1_ROI_dbscan_centers,cell1_ROI_dbscan_centers,792.0,2.0,1.0,0.0,0.0,792.0,0.0,0.0,0.0,0.0
cell1_ROI_dbscan_centers,cell1_ROI_dbscan_centers,793.0,1.0,0.0,0.0,1.0,793.0,1.0,1.0,0.0,1.0
cell1_ROI_dbscan_centers,cell1_ROI_dbscan_centers,794.0,0.0,0.0,0.0,0.0,794.0,0.0,0.0,0.0,0.0
cell1_ROI_dbscan_centers,cell1_ROI_dbscan_centers,795.0,0.0,0.0,1.0,0.0,795.0,0.0,0.0,0.0,0.0
cell1_ROI_dbscan_centers,cell1_ROI_dbscan_centers,796.0,2.0,0.0,0.0,0.0,796.0,1.0,0.0,1.0,0.0
cell1_ROI_dbscan_centers,cell1_ROI_dbscan_centers,797.0,0.0,0.0,1.0,0.0,797.0,0.0,1.0,0.0,1.0
cell1_ROI_dbscan_centers,cell1_ROI_dbscan_centers,798.0,1.0,0.0,0.0,0.0,798.0,1.0,1.0,0.0,0.0
cell1_ROI_dbscan_centers,cell1_ROI_dbscan_centers,799.0,0.0,0.0,1.0,0.0,799.0,1.0,0.0,0.0,0.0
cell1_ROI_dbscan_centers,cell1_ROI_dbscan_centers,800.0,0.0,0.0,0.0,0.0,800.0,0.0,0.0,0.0,1.0
cell1_ROI_dbscan_centers,cell1_ROI_dbscan_centers,801.0,0.0,0.0,0.0,0.0,801.0,0.0,0.0,0.0,0.0
cell1_ROI_dbscan_centers,cell1_ROI_dbscan_centers,802.0,0.0,0.0,0.0,1.0,802.0,0.0,0.0,0.0,0.0
cell1_ROI_dbscan_centers,cell1_ROI_dbscan_centers,803.0,0.0,0.0,1.0,0.0,803.0,1.0,0.0,0.0,0.0
cell1_ROI_dbscan_centers,cell1_ROI_dbscan_centers,804.0,0.0,0.0,0.0,0.0,804.0,0.0,0.0,0.0,0.0
cell1_ROI_dbscan_centers,cell1_ROI_dbscan_centers,805.0,1.0,0.0,0.0,0.0,805.0,0.0,1.0,0.0,0.0
cell1_ROI_dbscan_centers,cell1_ROI_dbscan_centers,806.0,0.0,1.0,0.0,0.0,806.0,0.0,0.0,0.0,0.0
cell1_ROI_dbscan_centers,cell1_ROI_dbscan_centers,807.0,1.0,0.0,0.0,0.0,807.0,1.0,0.0,0.0,0.0
cell1_ROI_dbscan_centers,cell1_ROI_dbscan_centers,808.0,1.0,0.0,0.0,0.0,808.0,1.0,1.0,0.0,0.0
cell1_ROI_dbscan_centers,cell1_ROI_dbscan_centers,809.0,0.0,0.0,0.0,0.0,809.0,0.0,0.0,0.0,0.0
cell1_ROI_dbscan_centers,cell1_ROI_dbscan_centers,810.0,0.0,1.0,0.0,0.0,810.0,0.0,0.0,0.0,0.0
cell1_ROI_dbscan_centers,cell1_ROI_dbscan_centers,811.0,1.0,0.0,0.0,0.0,811.0,1.0,0.0,0.0,0.0
cell1_ROI_dbscan_centers,cell1_ROI_dbscan_centers,812.0,0.0,0.0,0.0,0.0,812.0,0.0,0.0,0.0,0.0
cell1_ROI_dbscan_centers,cell1_ROI_dbscan_centers,813.0,0.0,0.0,0.0,0.0,813.0,0.0,1.0,1.0,0.0
cell1_ROI_dbscan_centers,cell1_ROI_dbscan_centers,814.0,1.0,0.0,1.0,0.0,814.0,1.0,0.0,0.0,0.0
cell1_ROI_dbscan_centers,cell1_ROI_dbscan_centers,815.0,1.0,0.0,0.0,0.0,815.0,0.0,0.0,0.0,0.0
cell1_ROI_dbscan_centers,cell1_ROI_dbscan_centers,816.0,0.0,0.0,0.0,0.0,816.0,0.0,0.0,1.0,1.0
cell1_ROI_dbscan_centers,cell1_ROI_dbscan_centers,817.0,1.0,0.0,0.0,0.0,817.0,0.0,1.0,0.0,0.0
cell1_ROI_dbscan_centers,cell1_ROI_dbscan_centers,818.0,1.0,0.0,0.0,1.0,818.0,0.0,2.0,0.0,0.0
cell1_ROI_dbscan_centers,cell1_ROI_dbscan_centers,819.0,0.0,0.0,1.0,0.0,819.0,0.0,0.0,0.0,0.0
cell1_ROI_dbscan_centers,cell1_ROI_dbscan_centers,820.0,3.0,0.0,0.0,0.0,820.0,0.0,1.0,0.0,0.0
cell1_ROI_dbscan_centers,cell1_ROI_dbscan_centers,821.0,0.0,0.0,1.0,0.0,821.0,0.0,0.0,0.0,0.0
cell1_ROI_dbscan_centers,cell1_ROI_dbscan_centers,822.0,1.0,0.0,0.0,0.0,822.0,0.0,0.0,0.0,0.0
cell1_ROI_dbscan_centers,cell1_ROI_dbscan_centers,823.0,1.0,0.0,0.0,0.0,823.0,0.0,0.0,0.0,0.0
cell1_ROI_dbscan_centers,cell1_ROI_dbscan_centers,824.0,0.0,0.0,0.0,0.0,824.0,0.0,0.0,0.0,0.0
cell1_ROI_dbscan_centers,cell1_ROI_dbscan_centers,825.0,0.0,0.0,0.0,0.0,825.0,0.0,1.0,0.0,0.0
cell1_ROI_dbscan_centers,cell1_ROI_dbscan_centers,826.0,0.0,0.0,0.0,0.0,826.0,0.0,0.0,0.0,1.0
cell1_ROI_dbscan_centers,cell1_ROI_dbscan_centers,827.0,1.0,0.0,0.0,0.0,827.0,0.0,0.0,0.0,0.0
cell1_ROI_dbscan_centers,cell1_ROI_dbscan_centers,828.0,1.0,0.0,0.0,0.0,828.0,0.0,0.0,0.0,0.0
cell1_ROI_dbscan_centers,cell1_ROI_dbscan_centers,829.0,0.0,0.0,0.0,0.0,829.0,0.0,0.0,0.0,1.0
cell1_ROI_dbscan_centers,cell1_ROI_dbscan_centers,830.0,0.0,0.0,0.0,0.0,830.0,0.0,0.0,0.0,0.0
cell1_ROI_dbscan_centers,cell1_ROI_dbscan_centers,831.0,1.0,0.0,0.0,0.0,831.0,0.0,0.0,0.0,0.0
cell1_ROI_dbscan_centers,cell1_ROI_dbscan_centers,832.0,1.0,0.0,0.0,0.0,832.0,0.0,0.0,0.0,0.0
cell1_ROI_dbscan_centers,cell1_ROI_dbscan_centers,833.0,1.0,0.0,0.0,0.0,833.0,0.0,0.0,0.0,0.0
cell1_ROI_dbscan_centers,cell1_ROI_dbscan_centers,834.0,1.0,0.0,0.0,0.0,834.0,0.0,1.0,0.0,1.0
cell1_ROI_dbscan_centers,cell1_ROI_dbscan_centers,835.0,1.0,0.0,1.0,0.0,835.0,0.0,0.0,0.0,1.0
cell1_ROI_dbscan_centers,cell1_ROI_dbscan_centers,836.0,1.0,0.0,0.0,0.0,836.0,1.0,0.0,0.0,0.0
cell1_ROI_dbscan_centers,cell1_ROI_dbscan_centers,837.0,1.0,0.0,0.0,0.0,837.0,1.0,0.0,0.0,0.0
cell1_ROI_dbscan_centers,cell1_ROI_dbscan_centers,838.0,2.0,0.0,0.0,1.0,838.0,1.0,1.0,0.0,0.0
cell1_ROI_dbscan_centers,cell1_ROI_dbscan_centers,839.0,1.0,0.0,0.0,0.0,839.0,0.0,0.0,0.0,0.0
cell1_ROI_dbscan_centers,cell1_ROI_dbscan_centers,840.0,1.0,0.0,0.0,0.0,840.0,0.0,0.0,0.0,1.0
cell1_ROI_dbscan_centers,cell1_ROI_dbscan_centers,841.0,1.0,0.0,0.0,0.0,841.0,0.0,0.0,1.0,0.0
cell1_ROI_dbscan_centers,cell1_ROI_dbscan_centers,842.0,0.0,0.0,0.0,0.0,842.0,0.0,1.0,0.0,1.0
cell1_ROI_dbscan_centers,cell1_ROI_dbscan_centers,843.0,0.0,0.0,0.0,0.0,843.0,1.0,0.0,0.0,0.0
cell1_ROI_dbscan_centers,cell1_ROI_dbscan_centers,844.0,0.0,0.0,0.0,0.0,844.0,1.0,0.0,0.0,0.0
cell1_ROI_dbscan_centers,cell1_ROI_dbscan_centers,845.0,1.0,0.0,0.0,0.0,845.0,0.0,1.0,0.0,1.0
cell1_ROI_dbscan_centers,cell1_ROI_dbscan_centers,846.0,1.0,0.0,0.0,0.0,846.0,1.0,0.0,0.0,1.0
cell1_ROI_dbscan_centers,cell1_ROI_dbscan_centers,847.0,1.0,0.0,0.0,0.0,847.0,0.0,0.0,0.0,1.0
cell1_ROI_dbscan_centers,cell1_ROI_dbscan_centers,848.0,1.0,0.0,0.0,0.0,848.0,1.0,0.0,0.0,0.0
cell1_ROI_dbscan_centers,cell1_ROI_dbscan_centers,849.0,0.0,0.0,1.0,0.0,849.0,0.0,0.0,1.0,0.0
cell1_ROI_dbscan_centers,cell1_ROI_dbscan_centers,850.0,0.0,0.0,0.0,0.0,850.0,1.0,0.0,0.0,0.0
cell1_ROI_dbscan_centers,cell1_ROI_dbscan_centers,851.0,0.0,0.0,0.0,0.0,851.0,2.0,0.0,0.0,0.0
cell1_ROI_dbscan_centers,cell1_ROI_dbscan_centers,852.0,0.0,0.0,0.0,0.0,852.0,2.0,0.0,0.0,0.0
cell1_ROI_dbscan_centers,cell1_ROI_dbscan_centers,853.0,1.0,0.0,0.0,0.0,853.0,0.0,0.0,0.0,0.0
cell1_ROI_dbscan_centers,cell1_ROI_dbscan_centers,854.0,1.0,0.0,1.0,0.0,854.0,1.0,0.0,0.0,1.0
cell1_ROI_dbscan_centers,cell1_ROI_dbscan_centers,855.0,0.0,0.0,0.0,0.0,855.0,0.0,0.0,0.0,0.0
cell1_ROI_dbscan_centers,cell1_ROI_dbscan_centers,856.0,1.0,0.0,0.0,0.0,856.0,0.0,0.0,0.0,0.0
cell1_ROI_dbscan_centers,cell1_ROI_dbscan_centers,857.0,1.0,0.0,0.0,0.0,857.0,0.0,0.0,1.0,0.0
cell1_ROI_dbscan_centers,cell1_ROI_dbscan_centers,858.0,3.0,0.0,0.0,0.0,858.0,1.0,0.0,0.0,0.0
cell1_ROI_dbscan_centers,cell1_ROI_dbscan_centers,859.0,1.0,0.0,0.0,0.0,859.0,0.0,0.0,0.0,0.0
cell1_ROI_dbscan_centers,cell1_ROI_dbscan_centers,860.0,1.0,0.0,1.0,0.0,860.0,1.0,0.0,0.0,0.0
cell1_ROI_dbscan_centers,cell1_ROI_dbscan_centers,861.0,1.0,0.0,1.0,0.0,861.0,0.0,0.0,2.0,0.0
cell1_ROI_dbscan_centers,cell1_ROI_dbscan_centers,862.0,0.0,0.0,1.0,0.0,862.0,0.0,1.0,0.0,0.0
cell1_ROI_dbscan_centers,cell1_ROI_dbscan_centers,863.0,1.0,0.0,0.0,0.0,863.0,0.0,0.0,0.0,0.0
cell1_ROI_dbscan_centers,cell1_ROI_dbscan_centers,864.0,0.0,0.0,0.0,0.0,864.0,1.0,0.0,0.0,0.0
cell1_ROI_dbscan_centers,cell1_ROI_dbscan_centers,865.0,0.0,0.0,0.0,0.0,865.0,1.0,0.0,0.0,0.0
cell1_ROI_dbscan_centers,cell1_ROI_dbscan_centers,866.0,0.0,0.0,0.0,0.0,866.0,1.0,1.0,0.0,0.0
cell1_ROI_dbscan_centers,cell1_ROI_dbscan_centers,867.0,0.0,0.0,1.0,0.0,867.0,1.0,0.0,0.0,0.0
cell1_ROI_dbscan_centers,cell1_ROI_dbscan_centers,868.0,0.0,0.0,1.0,0.0,868.0,0.0,0.0,0.0,0.0
cell1_ROI_dbscan_centers,cell1_ROI_dbscan_centers,869.0,0.0,0.0,1.0,0.0,869.0,0.0,0.0,0.0,0.0
cell1_ROI_dbscan_centers,cell1_ROI_dbscan_centers,870.0,1.0,0.0,0.0,0.0,870.0,1.0,0.0,0.0,0.0
cell1_ROI_dbscan_centers,cell1_ROI_dbscan_centers,871.0,0.0,0.0,0.0,0.0,871.0,1.0,0.0,0.0,0.0
cell1_ROI_dbscan_centers,cell1_ROI_dbscan_centers,872.0,0.0,0.0,0.0,0.0,872.0,0.0,0.0,0.0,0.0
cell1_ROI_dbscan_centers,cell1_ROI_dbscan_centers,873.0,1.0,0.0,1.0,0.0,873.0,0.0,0.0,0.0,1.0
cell1_ROI_dbscan_centers,cell1_ROI_dbscan_centers,874.0,1.0,0.0,0.0,0.0,874.0,0.0,0.0,0.0,0.0
cell1_ROI_dbscan_centers,cell1_ROI_dbscan_centers,875.0,1.0,0.0,0.0,0.0,875.0,0.0,0.0,0.0,2.0
cell1_ROI_dbscan_centers,cell1_ROI_dbscan_centers,876.0,1.0,0.0,0.0,0.0,876.0,0.0,0.0,0.0,0.0
cell1_ROI_dbscan_centers,cell1_ROI_dbscan_centers,877.0,0.0,0.0,0.0,0.0,877.0,0.0,0.0,0.0,0.0
cell1_ROI_dbscan_centers,cell1_ROI_dbscan_centers,878.0,2.0,0.0,0.0,0.0,878.0,1.0,1.0,0.0,0.0
cell1_ROI_dbscan_centers,cell1_ROI_dbscan_centers,879.0,1.0,0.0,0.0,0.0,879.0,0.0,0.0,0.0,0.0
cell1_ROI_dbscan_centers,cell1_ROI_dbscan_centers,880.0,0.0,0.0,0.0,0.0,880.0,1.0,0.0,0.0,1.0
cell1_ROI_dbscan_centers,cell1_ROI_dbscan_centers,881.0,1.0,0.0,0.0,0.0,881.0,0.0,0.0,0.0,0.0
cell1_ROI_dbscan_centers,cell1_ROI_dbscan_centers,882.0,0.0,1.0,0.0,0.0,882.0,1.0,0.0,0.0,0.0
cell1_ROI_dbscan_centers,cell1_ROI_dbscan_centers,883.0,1.0,0.0,0.0,0.0,883.0,1.0,0.0,0.0,0.0
cell1_ROI_dbscan_centers,cell1_ROI_dbscan_centers,884.0,1.0,0.0,0.0,0.0,884.0,1.0,0.0,0.0,0.0
cell1_ROI_dbscan_centers,cell1_ROI_dbscan_centers,885.0,1.0,0.0,0.0,0.0,885.0,0.0,0.0,0.0,0.0
cell1_ROI_dbscan_centers,cell1_ROI_dbscan_centers,886.0,0.0,0.0,0.0,0.0,886.0,0.0,0.0,0.0,0.0
cell1_ROI_dbscan_centers,cell1_ROI_dbscan_centers,887.0,1.0,0.0,0.0,0.0,887.0,0.0,0.0,0.0,0.0
cell1_ROI_dbscan_centers,cell1_ROI_dbscan_centers,888.0,1.0,0.0,0.0,0.0,888.0,1.0,0.0,0.0,0.0
cell1_ROI_dbscan_centers,cell1_ROI_dbscan_centers,889.0,1.0,0.0,0.0,0.0,889.0,1.0,0.0,0.0,0.0
cell1_ROI_dbscan_centers,cell1_ROI_dbscan_centers,890.0,1.0,0.0,0.0,0.0,890.0,0.0,0.0,0.0,0.0
cell1_ROI_dbscan_centers,cell1_ROI_dbscan_centers,891.0,0.0,0.0,0.0,0.0,891.0,0.0,1.0,0.0,0.0
cell1_ROI_dbscan_centers,cell1_ROI_dbscan_centers,892.0,1.0,0.0,0.0,0.0,892.0,0.0,0.0,0.0,0.0
cell1_ROI_dbscan_centers,cell1_ROI_dbscan_centers,893.0,1.0,0.0,1.0,0.0,893.0,1.0,0.0,0.0,0.0
cell1_ROI_dbscan_centers,cell1_ROI_dbscan_centers,894.0,0.0,0.0,0.0,0.0,894.0,1.0,0.0,0.0,0.0
cell1_ROI_dbscan_centers,cell1_ROI_dbscan_centers,895.0,0.0,0.0,0.0,0.0,895.0,1.0,1.0,0.0,0.0
cell1_ROI_dbscan_centers,cell1_ROI_dbscan_centers,896.0,0.0,0.0,0.0,0.0,896.0,0.0,0.0,1.0,1.0
cell1_ROI_dbscan_centers,cell1_ROI_dbscan_centers,897.0,1.0,0.0,1.0,0.0,897.0,0.0,0.0,0.0,0.0
cell1_ROI_dbscan_centers,cell1_ROI_dbscan_centers,898.0,0.0,0.0,0.0,0.0,898.0,1.0,0.0,0.0,1.0
cell1_ROI_dbscan_centers,cell1_ROI_dbscan_centers,899.0,0.0,0.0,0.0,0.0,899.0,0.0,1.0,0.0,0.0
cell1_ROI_dbscan_centers,cell1_ROI_dbscan_centers,900.0,0.0,0.0,0.0,0.0,900.0,0.0,1.0,0.0,0.0
cell1_ROI_dbscan_centers,cell1_ROI_dbscan_centers,901.0,1.0,0.0,0.0,0.0,901.0,0.0,1.0,0.0,0.0
cell1_ROI_dbscan_centers,cell1_ROI_dbscan_centers,902.0,0.0,0.0,0.0,0.0,902.0,0.0,0.0,0.0,0.0
cell1_ROI_dbscan_centers,cell1_ROI_dbscan_centers,903.0,2.0,0.0,0.0,0.0,903.0,1.0,0.0,0.0,0.0
cell1_ROI_dbscan_centers,cell1_ROI_dbscan_centers,904.0,0.0,0.0,0.0,0.0,904.0,0.0,0.0,0.0,0.0
cell1_ROI_dbscan_centers,cell1_ROI_dbscan_centers,905.0,1.0,0.0,0.0,0.0,905.0,0.0,1.0,0.0,0.0
cell1_ROI_dbscan_centers,cell1_ROI_dbscan_centers,906.0,3.0,0.0,0.0,0.0,906.0,0.0,0.0,0.0,0.0
cell1_ROI_dbscan_centers,cell1_ROI_dbscan_centers,907.0,0.0,0.0,0.0,0.0,907.0,0.0,0.0,0.0,0.0
cell1_ROI_dbscan_centers,cell1_ROI_dbscan_centers,908.0,0.0,0.0,0.0,1.0,908.0,0.0,0.0,0.0,0.0
cell1_ROI_dbscan_centers,cell1_ROI_dbscan_centers,909.0,1.0,0.0,0.0,0.0,909.0,1.0,0.0,0.0,1.0
cell1_ROI_dbscan_centers,cell1_ROI_dbscan_centers,910.0,1.0,0.0,0.0,0.0,910.0,1.0,0.0,0.0,0.0
cell1_ROI_dbscan_centers,cell1_ROI_dbscan_centers,911.0,2.0,0.0,1.0,0.0,911.0,0.0,0.0,0.0,0.0
cell1_ROI_dbscan_centers,cell1_ROI_dbscan_centers,912.0,1.0,0.0,0.0,0.0,912.0,0.0,0.0,1.0,1.0
cell1_ROI_dbscan_centers,cell1_ROI_dbscan_centers,913.0,1.0,0.0,0.0,0.0,913.0,0.0,0.0,0.0,0.0
cell1_ROI_dbscan_centers,cell1_ROI_dbscan_centers,914.0,2.0,0.0,0.0,0.0,914.0,1.0,0.0,0.0,1.0
cell1_ROI_dbscan_centers,cell1_ROI_dbscan_centers,915.0,0.0,0.0,0.0,0.0,915.0,1.0,0.0,1.0,0.0
cell1_ROI_dbscan_centers,cell1_ROI_dbscan_centers,916.0,1.0,0.0,0.0,1.0,916.0,1.0,0.0,0.0,0.0
cell1_ROI_dbscan_centers,cell1_ROI_dbscan_centers,917.0,0.0,0.0,0.0,0.0,917.0,0.0,1.0,0.0,0.0
cell1_ROI_dbscan_centers,cell1_ROI_dbscan_centers,918.0,0.0,1.0,0.0,0.0,918.0,1.0,1.0,0.0,1.0
cell1_ROI_dbscan_centers,cell1_ROI_dbscan_centers,919.0,0.0,0.0,0.0,0.0,919.0,0.0,0.0,0.0,0.0
cell1_ROI_dbscan_centers,cell1_ROI_dbscan_centers,920.0,1.0,0.0,0.0,0.0,920.0,0.0,1.0,0.0,0.0
cell1_ROI_dbscan_centers,cell1_ROI_dbscan_centers,921.0,0.0,1.0,1.0,0.0,921.0,0.0,0.0,0.0,0.0
cell1_ROI_dbscan_centers,cell1_ROI_dbscan_centers,922.0,1.0,0.0,1.0,1.0,922.0,0.0,0.0,0.0,0.0
cell1_ROI_dbscan_centers,cell1_ROI_dbscan_centers,923.0,0.0,0.0,1.0,0.0,923.0,0.0,0.0,0.0,1.0
cell1_ROI_dbscan_centers,cell1_ROI_dbscan_centers,924.0,0.0,0.0,0.0,0.0,924.0,0.0,0.0,0.0,1.0
cell1_ROI_dbscan_centers,cell1_ROI_dbscan_centers,925.0,0.0,0.0,0.0,0.0,925.0,0.0,1.0,0.0,0.0
cell1_ROI_dbscan_centers,cell1_ROI_dbscan_centers,926.0,2.0,0.0,0.0,0.0,926.0,1.0,0.0,0.0,0.0
cell1_ROI_dbscan_centers,cell1_ROI_dbscan_centers,927.0,1.0,0.0,1.0,0.0,927.0,1.0,0.0,0.0,0.0
cell1_ROI_dbscan_centers,cell1_ROI_dbscan_centers,928.0,0.0,0.0,0.0,0.0,928.0,0.0,0.0,0.0,2.0
cell1_ROI_dbscan_centers,cell1_ROI_dbscan_centers,929.0,1.0,0.0,0.0,0.0,929.0,1.0,1.0,0.0,0.0
cell1_ROI_dbscan_centers,cell1_ROI_dbscan_centers,930.0,1.0,0.0,0.0,0.0,930.0,0.0,0.0,0.0,0.0
cell1_ROI_dbscan_centers,cell1_ROI_dbscan_centers,931.0,1.0,0.0,0.0,0.0,931.0,0.0,0.0,1.0,0.0
cell1_ROI_dbscan_centers,cell1_ROI_dbscan_centers,932.0,1.0,0.0,0.0,0.0,932.0,0.0,0.0,0.0,0.0
cell1_ROI_dbscan_centers,cell1_ROI_dbscan_centers,933.0,1.0,0.0,1.0,0.0,933.0,1.0,0.0,0.0,0.0
cell1_ROI_dbscan_centers,cell1_ROI_dbscan_centers,934.0,1.0,0.0,0.0,0.0,934.0,1.0,0.0,0.0,0.0
cell1_ROI_dbscan_centers,cell1_ROI_dbscan_centers,935.0,1.0,0.0,0.0,0.0,935.0,0.0,1.0,0.0,0.0
cell1_ROI_dbscan_centers,cell1_ROI_dbscan_centers,936.0,1.0,0.0,0.0,0.0,936.0,1.0,0.0,0.0,0.0
cell1_ROI_dbscan_centers,cell1_ROI_dbscan_centers,937.0,1.0,0.0,0.0,0.0,937.0,0.0,0.0,0.0,0.0
cell1_ROI_dbscan_centers,cell1_ROI_dbscan_centers,938.0,2.0,0.0,0.0,0.0,938.0,1.0,0.0,0.0,0.0
cell1_ROI_dbscan_centers,cell1_ROI_dbscan_centers,939.0,1.0,0.0,0.0,0.0,939.0,0.0,0.0,0.0,0.0
cell1_ROI_dbscan_centers,cell1_ROI_dbscan_centers,940.0,1.0,0.0,0.0,0.0,940.0,0.0,0.0,0.0,0.0
cell1_ROI_dbscan_centers,cell1_ROI_dbscan_centers,941.0,0.0,0.0,0.0,0.0,941.0,1.0,0.0,0.0,0.0
cell1_ROI_dbscan_centers,cell1_ROI_dbscan_centers,942.0,1.0,0.0,0.0,0.0,942.0,1.0,0.0,0.0,0.0
cell1_ROI_dbscan_centers,cell1_ROI_dbscan_centers,943.0,1.0,0.0,0.0,0.0,943.0,0.0,1.0,1.0,0.0
cell1_ROI_dbscan_centers,cell1_ROI_dbscan_centers,944.0,1.0,0.0,0.0,0.0,944.0,1.0,0.0,0.0,1.0
cell1_ROI_dbscan_centers,cell1_ROI_dbscan_centers,945.0,0.0,0.0,0.0,0.0,945.0,1.0,0.0,0.0,0.0
cell1_ROI_dbscan_centers,cell1_ROI_dbscan_centers,946.0,1.0,0.0,1.0,0.0,946.0,0.0,0.0,0.0,0.0
cell1_ROI_dbscan_centers,cell1_ROI_dbscan_centers,947.0,1.0,0.0,0.0,0.0,947.0,0.0,0.0,0.0,1.0
cell1_ROI_dbscan_centers,cell1_ROI_dbscan_centers,948.0,0.0,0.0,0.0,0.0,948.0,1.0,1.0,0.0,0.0
cell1_ROI_dbscan_centers,cell1_ROI_dbscan_centers,949.0,2.0,0.0,0.0,0.0,949.0,0.0,0.0,0.0,0.0
cell1_ROI_dbscan_centers,cell1_ROI_dbscan_centers,950.0,1.0,0.0,0.0,0.0,950.0,1.0,0.0,0.0,0.0
cell1_ROI_dbscan_centers,cell1_ROI_dbscan_centers,951.0,2.0,0.0,0.0,1.0,951.0,0.0,0.0,0.0,1.0
cell1_ROI_dbscan_centers,cell1_ROI_dbscan_centers,952.0,0.0,0.0,1.0,0.0,952.0,1.0,1.0,0.0,0.0
cell1_ROI_dbscan_centers,cell1_ROI_dbscan_centers,953.0,0.0,0.0,0.0,0.0,953.0,1.0,1.0,0.0,1.0
cell1_ROI_dbscan_centers,cell1_ROI_dbscan_centers,954.0,2.0,0.0,1.0,0.0,954.0,0.0,0.0,0.0,0.0
cell1_ROI_dbscan_centers,cell1_ROI_dbscan_centers,955.0,1.0,0.0,0.0,0.0,955.0,0.0,0.0,0.0,0.0
cell1_ROI_dbscan_centers,cell1_ROI_dbscan_centers,956.0,1.0,0.0,0.0,1.0,956.0,0.0,0.0,0.0,0.0
cell1_ROI_dbscan_centers,cell1_ROI_dbscan_centers,957.0,1.0,0.0,0.0,0.0,957.0,1.0,1.0,0.0,0.0
cell1_ROI_dbscan_centers,cell1_ROI_dbscan_centers,958.0,1.0,0.0,1.0,0.0,958.0,0.0,0.0,0.0,0.0
cell1_ROI_dbscan_centers,cell1_ROI_dbscan_centers,959.0,1.0,0.0,0.0,0.0,959.0,0.0,0.0,0.0,0.0
cell1_ROI_dbscan_centers,cell1_ROI_dbscan_centers,960.0,1.0,0.0,0.0,0.0,960.0,0.0,0.0,0.0,0.0
cell1_ROI_dbscan_centers,cell1_ROI_dbscan_centers,961.0,1.0,0.0,0.0,0.0,961.0,0.0,1.0,0.0,0.0
cell1_ROI_dbscan_centers,cell1_ROI_dbscan_centers,962.0,2.0,0.0,1.0,0.0,962.0,0.0,0.0,0.0,1.0
cell1_ROI_dbscan_centers,cell1_ROI_dbscan_centers,963.0,0.0,0.0,0.0,0.0,963.0,0.0,0.0,0.0,0.0
cell1_ROI_dbscan_centers,cell1_ROI_dbscan_centers,964.0,0.0,0.0,0.0,0.0,964.0,0.0,0.0,0.0,0.0
cell1_ROI_dbscan_centers,cell1_ROI_dbscan_centers,965.0,0.0,0.0,0.0,0.0,965.0,1.0,0.0,0.0,0.0
cell1_ROI_dbscan_centers,cell1_ROI_dbscan_centers,966.0,2.0,0.0,0.0,0.0,966.0,0.0,0.0,1.0,0.0
cell1_ROI_dbscan_centers,cell1_ROI_dbscan_centers,967.0,0.0,0.0,0.0,0.0,967.0,1.0,0.0,0.0,0.0
cell1_ROI_dbscan_centers,cell1_ROI_dbscan_centers,968.0,0.0,0.0,0.0,0.0,968.0,0.0,0.0,0.0,0.0
cell1_ROI_dbscan_centers,cell1_ROI_dbscan_centers,969.0,0.0,0.0,0.0,0.0,969.0,0.0,0.0,0.0,0.0
cell1_ROI_dbscan_centers,cell1_ROI_dbscan_centers,970.0,0.0,0.0,0.0,0.0,970.0,1.0,1.0,0.0,0.0
cell1_ROI_dbscan_centers,cell1_ROI_dbscan_centers,971.0,1.0,0.0,0.0,0.0,971.0,0.0,0.0,0.0,0.0
cell1_ROI_dbscan_centers,cell1_ROI_dbscan_centers,972.0,0.0,0.0,0.0,0.0,972.0,0.0,0.0,0.0,1.0
cell1_ROI_dbscan_centers,cell1_ROI_dbscan_centers,973.0,1.0,0.0,0.0,0.0,973.0,0.0,1.0,0.0,0.0
cell1_ROI_dbscan_centers,cell1_ROI_dbscan_centers,974.0,1.0,0.0,0.0,0.0,974.0,0.0,0.0,1.0,0.0
cell1_ROI_dbscan_centers,cell1_ROI_dbscan_centers,975.0,1.0,0.0,0.0,0.0,975.0,1.0,1.0,0.0,0.0
cell1_ROI_dbscan_centers,cell1_ROI_dbscan_centers,976.0,0.0,0.0,0.0,0.0,976.0,1.0,0.0,0.0,0.0
cell1_ROI_dbscan_centers,cell1_ROI_dbscan_centers,977.0,1.0,0.0,0.0,0.0,977.0,0.0,1.0,0.0,0.0
cell1_ROI_dbscan_centers,cell1_ROI_dbscan_centers,978.0,1.0,0.0,0.0,0.0,978.0,0.0,0.0,0.0,0.0
cell1_ROI_dbscan_centers,cell1_ROI_dbscan_centers,979.0,0.0,0.0,0.0,0.0,979.0,0.0,2.0,0.0,0.0
cell1_ROI_dbscan_centers,cell1_ROI_dbscan_centers,980.0,0.0,0.0,1.0,0.0,980.0,1.0,0.0,1.0,0.0
cell1_ROI_dbscan_centers,cell1_ROI_dbscan_centers,981.0,1.0,0.0,0.0,0.0,981.0,1.0,0.0,0.0,0.0
cell1_ROI_dbscan_centers,cell1_ROI_dbscan_centers,982.0,0.0,0.0,0.0,0.0,982.0,1.0,0.0,0.0,0.0
cell1_ROI_dbscan_centers,cell1_ROI_dbscan_centers,983.0,2.0,0.0,0.0,0.0,983.0,1.0,0.0,0.0,0.0
cell1_ROI_dbscan_centers,cell1_ROI_dbscan_centers,984.0,0.0,0.0,0.0,0.0,984.0,0.0,0.0,0.0,0.0
cell1_ROI_dbscan_centers,cell1_ROI_dbscan_centers,985.0,1.0,0.0,0.0,0.0,985.0,0.0,0.0,0.0,0.0
cell1_ROI_dbscan_centers,cell1_ROI_dbscan_centers,986.0,1.0,0.0,0.0,0.0,986.0,0.0,0.0,0.0,1.0
cell1_ROI_dbscan_centers,cell1_ROI_dbscan_centers,987.0,0.0,0.0,0.0,1.0,987.0,0.0,2.0,0.0,0.0
cell1_ROI_dbscan_centers,cell1_ROI_dbscan_centers,988.0,0.0,0.0,0.0,0.0,988.0,0.0,0.0,0.0,0.0
cell1_ROI_dbscan_centers,cell1_ROI_dbscan_centers,989.0,1.0,0.0,0.0,0.0,989.0,0.0,1.0,0.0,1.0
cell1_ROI_dbscan_centers,cell1_ROI_dbscan_centers,990.0,1.0,0.0,0.0,0.0,990.0,1.0,1.0,1.0,0.0
cell1_ROI_dbscan_centers,cell1_ROI_dbscan_centers,991.0,2.0,0.0,0.0,0.0,991.0,1.0,1.0,0.0,0.0
cell1_ROI_dbscan_centers,cell1_ROI_dbscan_centers,992.0,1.0,0.0,0.0,0.0,992.0,0.0,1.0,0.0,0.0
cell1_ROI_dbscan_centers,cell1_ROI_dbscan_centers,993.0,0.0,0.0,1.0,0.0,993.0,0.0,0.0,0.0,0.0
cell1_ROI_dbscan_centers,cell1_ROI_dbscan_centers,994.0,1.0,0.0,0.0,0.0,994.0,0.0,0.0,0.0,0.0
cell1_ROI_dbscan_centers,cell1_ROI_dbscan_centers,995.0,2.0,0.0,0.0,0.0,995.0,0.0,0.0,0.0,1.0
cell1_ROI_dbscan_centers,cell1_ROI_dbscan_centers,996.0,3.0,0.0,0.0,0.0,996.0,1.0,0.0,0.0,0.0
cell1_ROI_dbscan_centers,cell1_ROI_dbscan_centers,997.0,1.0,0.0,0.0,0.0,997.0,1.0,0.0,0.0,0.0
cell1_ROI_dbscan_centers,cell1_ROI_dbscan_centers,998.0,0.0,0.0,0.0,0.0,998.0,0.0,0.0,0.0,0.0
cell1_ROI_dbscan_centers,cell1_ROI_dbscan_centers,999.0,1.0,0.0,0.0,0.0,999.0,1.0,0.0,0.0,0.0
cell1_ROI_dbscan_centers,cell1_ROI_dbscan_centers,1000.0,0.0,0.0,0.0,0.0,1000.0,0.0,0.0,0.0,0.0
cell1_ROI_dbscan_centers,cell1_ROI_dbscan_centers,1001.0,1.0,0.0,0.0,0.0,1001.0,1.0,0.0,0.0,0.0
cell1_ROI_dbscan_centers,cell1_ROI_dbscan_centers,1002.0,1.0,0.0,0.0,1.0,1002.0,0.0,1.0,0.0,0.0
cell1_ROI_dbscan_centers,cell1_ROI_dbscan_centers,1003.0,0.0,0.0,1.0,0.0,1003.0,0.0,0.0,1.0,0.0
cell1_ROI_dbscan_centers,cell1_ROI_dbscan_centers,1004.0,1.0,0.0,1.0,0.0,1004.0,1.0,0.0,0.0,0.0
cell1_ROI_dbscan_centers,cell1_ROI_dbscan_centers,1005.0,1.0,0.0,0.0,0.0,1005.0,0.0,1.0,0.0,0.0
cell1_ROI_dbscan_centers,cell1_ROI_dbscan_centers,1006.0,1.0,0.0,0.0,0.0,1006.0,0.0,0.0,0.0,0.0
cell1_ROI_dbscan_centers,cell1_ROI_dbscan_centers,1007.0,0.0,0.0,0.0,0.0,1007.0,0.0,0.0,0.0,0.0
cell1_ROI_dbscan_centers,cell1_ROI_dbscan_centers,1008.0,1.0,0.0,0.0,0.0,1008.0,0.0,0.0,0.0,0.0
cell1_ROI_dbscan_centers,cell1_ROI_dbscan_centers,1009.0,0.0,0.0,0.0,0.0,1009.0,0.0,0.0,0.0,0.0
cell1_ROI_dbscan_centers,cell1_ROI_dbscan_centers,1010.0,1.0,0.0,0.0,0.0,1010.0,0.0,0.0,1.0,0.0
cell1_ROI_dbscan_centers,cell1_ROI_dbscan_centers,1011.0,0.0,0.0,0.0,0.0,1011.0,0.0,1.0,0.0,0.0
cell1_ROI_dbscan_centers,cell1_ROI_dbscan_centers,1012.0,0.0,0.0,0.0,0.0,1012.0,1.0,2.0,0.0,0.0
cell1_ROI_dbscan_centers,cell1_ROI_dbscan_centers,1013.0,1.0,0.0,1.0,0.0,1013.0,0.0,0.0,0.0,1.0
cell1_ROI_dbscan_centers,cell1_ROI_dbscan_centers,1014.0,2.0,0.0,0.0,0.0,1014.0,0.0,1.0,0.0,0.0
cell1_ROI_dbscan_centers,cell1_ROI_dbscan_centers,1015.0,1.0,0.0,0.0,1.0,1015.0,0.0,1.0,0.0,0.0
cell1_ROI_dbscan_centers,cell1_ROI_dbscan_centers,1016.0,1.0,0.0,0.0,0.0,1016.0,0.0,0.0,0.0,0.0
cell1_ROI_dbscan_centers,cell1_ROI_dbscan_centers,1017.0,1.0,0.0,0.0,0.0,1017.0,0.0,0.0,0.0,0.0
cell1_ROI_dbscan_centers,cell1_ROI_dbscan_centers,1018.0,0.0,0.0,0.0,0.0,1018.0,0.0,0.0,0.0,0.0
cell1_ROI_dbscan_centers,cell1_ROI_dbscan_centers,1019.0,1.0,0.0,0.0,0.0,1019.0,0.0,1.0,0.0,1.0
cell1_ROI_dbscan_centers,cell1_ROI_dbscan_centers,1020.0,1.0,0.0,0.0,0.0,1020.0,1.0,0.0,0.0,0.0
cell1_ROI_dbscan_centers,cell1_ROI_dbscan_centers,1021.0,1.0,0.0,0.0,0.0,1021.0,0.0,1.0,1.0,1.0
cell1_ROI_dbscan_centers,cell1_ROI_dbscan_centers,1022.0,0.0,0.0,0.0,0.0,1022.0,0.0,0.0,0.0,0.0
cell1_ROI_dbscan_centers,cell1_ROI_dbscan_centers,1023.0,0.0,1.0,0.0,0.0,1023.0,0.0,0.0,0.0,1.0
cell1_ROI_dbscan_centers,cell1_ROI_dbscan_centers,1024.0,0.0,0.0,0.0,2.0,1024.0,0.0,0.0,0.0,1.0
cell1_ROI_dbscan_centers,cell1_ROI_dbscan_centers,1025.0,0.0,0.0,0.0,0.0,1025.0,1.0,0.0,0.0,1.0
cell1_ROI_dbscan_centers,cell1_ROI_dbscan_centers,1026.0,1.0,0.0,0.0,0.0,1026.0,0.0,0.0,0.0,0.0
cell1_ROI_dbscan_centers,cell1_ROI_dbscan_centers,1027.0,0.0,0.0,1.0,0.0,1027.0,0.0,0.0,0.0,0.0
cell1_ROI_dbscan_centers,cell1_ROI_dbscan_centers,1028.0,0.0,0.0,0.0,0.0,1028.0,0.0,0.0,0.0,0.0
cell1_ROI_dbscan_centers,cell1_ROI_dbscan_centers,1029.0,1.0,0.0,0.0,0.0,1029.0,0.0,0.0,0.0,0.0
cell1_ROI_dbscan_centers,cell1_ROI_dbscan_centers,1030.0,0.0,0.0,1.0,0.0,1030.0,0.0,0.0,0.0,0.0
cell1_ROI_dbscan_centers,cell1_ROI_dbscan_centers,1031.0,0.0,0.0,1.0,0.0,1031.0,0.0,0.0,0.0,0.0
cell1_ROI_dbscan_centers,cell1_ROI_dbscan_centers,1032.0,1.0,0.0,0.0,0.0,1032.0,0.0,0.0,0.0,0.0
cell1_ROI_dbscan_centers,cell1_ROI_dbscan_centers,1033.0,1.0,0.0,0.0,0.0,1033.0,0.0,0.0,0.0,0.0
cell1_ROI_dbscan_centers,cell1_ROI_dbscan_centers,1034.0,1.0,0.0,0.0,0.0,1034.0,1.0,0.0,0.0,1.0
cell1_ROI_dbscan_centers,cell1_ROI_dbscan_centers,1035.0,0.0,0.0,0.0,0.0,1035.0,0.0,0.0,0.0,0.0
cell1_ROI_dbscan_centers,cell1_ROI_dbscan_centers,1036.0,1.0,0.0,0.0,0.0,1036.0,0.0,0.0,0.0,1.0
cell1_ROI_dbscan_centers,cell1_ROI_dbscan_centers,1037.0,2.0,0.0,1.0,0.0,1037.0,0.0,0.0,1.0,0.0
cell1_ROI_dbscan_centers,cell1_ROI_dbscan_centers,1038.0,0.0,0.0,0.0,0.0,1038.0,0.0,1.0,0.0,0.0
cell1_ROI_dbscan_centers,cell1_ROI_dbscan_centers,1039.0,0.0,0.0,0.0,0.0,1039.0,0.0,1.0,0.0,0.0
cell1_ROI_dbscan_centers,cell1_ROI_dbscan_centers,1040.0,0.0,0.0,2.0,0.0,1040.0,0.0,1.0,0.0,1.0
cell1_ROI_dbscan_centers,cell1_ROI_dbscan_centers,1041.0,2.0,1.0,0.0,0.0,1041.0,0.0,0.0,0.0,0.0
cell1_ROI_dbscan_centers,cell1_ROI_dbscan_centers,1042.0,1.0,0.0,0.0,0.0,1042.0,0.0,0.0,0.0,0.0
cell1_ROI_dbscan_centers,cell1_ROI_dbscan_centers,1043.0,1.0,0.0,1.0,0.0,1043.0,1.0,0.0,1.0,0.0
cell1_ROI_dbscan_centers,cell1_ROI_dbscan_centers,1044.0,1.0,0.0,0.0,0.0,1044.0,0.0,0.0,0.0,0.0
cell1_ROI_dbscan_centers,cell1_ROI_dbscan_centers,1045.0,1.0,0.0,0.0,0.0,1045.0,0.0,0.0,0.0,0.0
cell1_ROI_dbscan_centers,cell1_ROI_dbscan_centers,1046.0,0.0,0.0,0.0,0.0,1046.0,0.0,0.0,0.0,2.0
cell1_ROI_dbscan_centers,cell1_ROI_dbscan_centers,1047.0,1.0,0.0,0.0,0.0,1047.0,0.0,0.0,0.0,0.0
cell1_ROI_dbscan_centers,cell1_ROI_dbscan_centers,1048.0,1.0,0.0,0.0,0.0,1048.0,0.0,0.0,1.0,0.0
cell1_ROI_dbscan_centers,cell1_ROI_dbscan_centers,1049.0,0.0,0.0,0.0,0.0,1049.0,1.0,0.0,0.0,0.0
cell1_ROI_dbscan_centers,cell1_ROI_dbscan_centers,1050.0,1.0,0.0,0.0,0.0,1050.0,0.0,0.0,0.0,0.0
cell1_ROI_dbscan_centers,cell1_ROI_dbscan_centers,1051.0,2.0,0.0,0.0,0.0,1051.0,0.0,0.0,0.0,0.0
cell1_ROI_dbscan_centers,cell1_ROI_dbscan_centers,1052.0,0.0,0.0,0.0,0.0,1052.0,0.0,0.0,0.0,0.0
cell1_ROI_dbscan_centers,cell1_ROI_dbscan_centers,1053.0,3.0,0.0,0.0,0.0,1053.0,0.0,0.0,0.0,0.0
cell1_ROI_dbscan_centers,cell1_ROI_dbscan_centers,1054.0,2.0,0.0,0.0,0.0,1054.0,0.0,1.0,0.0,0.0
cell1_ROI_dbscan_centers,cell1_ROI_dbscan_centers,1055.0,1.0,0.0,0.0,0.0,1055.0,0.0,0.0,0.0,0.0
cell1_ROI_dbscan_centers,cell1_ROI_dbscan_centers,1056.0,1.0,0.0,0.0,0.0,1056.0,0.0,0.0,0.0,0.0
cell1_ROI_dbscan_centers,cell1_ROI_dbscan_centers,1057.0,1.0,0.0,0.0,0.0,1057.0,1.0,0.0,0.0,1.0
cell1_ROI_dbscan_centers,cell1_ROI_dbscan_centers,1058.0,0.0,0.0,0.0,0.0,1058.0,0.0,0.0,0.0,0.0
cell1_ROI_dbscan_centers,cell1_ROI_dbscan_centers,1059.0,1.0,0.0,0.0,0.0,1059.0,0.0,0.0,0.0,1.0
cell1_ROI_dbscan_centers,cell1_ROI_dbscan_centers,1060.0,1.0,0.0,0.0,0.0,1060.0,1.0,0.0,0.0,0.0
cell1_ROI_dbscan_centers,cell1_ROI_dbscan_centers,1061.0,0.0,0.0,0.0,1.0,1061.0,0.0,0.0,0.0,1.0
cell1_ROI_dbscan_centers,cell1_ROI_dbscan_centers,1062.0,1.0,0.0,0.0,1.0,1062.0,0.0,0.0,0.0,0.0
cell1_ROI_dbscan_centers,cell1_ROI_dbscan_centers,1063.0,0.0,0.0,0.0,0.0,1063.0,0.0,0.0,0.0,0.0
cell1_ROI_dbscan_centers,cell1_ROI_dbscan_centers,1064.0,2.0,0.0,0.0,0.0,1064.0,0.0,0.0,0.0,0.0
cell1_ROI_dbscan_centers,cell1_ROI_dbscan_centers,1065.0,1.0,0.0,0.0,0.0,1065.0,0.0,0.0,0.0,0.0
cell1_ROI_dbscan_centers,cell1_ROI_dbscan_centers,1066.0,1.0,0.0,0.0,1.0,1066.0,0.0,1.0,0.0,0.0
cell1_ROI_dbscan_centers,cell1_ROI_dbscan_centers,1067.0,1.0,0.0,1.0,0.0,1067.0,0.0,0.0,1.0,0.0
cell1_ROI_dbscan_centers,cell1_ROI_dbscan_centers,1068.0,2.0,0.0,0.0,0.0,1068.0,0.0,0.0,0.0,1.0
cell1_ROI_dbscan_centers,cell1_ROI_dbscan_centers,1069.0,1.0,0.0,0.0,0.0,1069.0,1.0,0.0,0.0,0.0
cell1_ROI_dbscan_centers,cell1_ROI_dbscan_centers,1070.0,0.0,0.0,0.0,0.0,1070.0,0.0,0.0,0.0,0.0
cell1_ROI_dbscan_centers,cell1_ROI_dbscan_centers,1071.0,2.0,0.0,1.0,0.0,1071.0,0.0,0.0,0.0,0.0
cell1_ROI_dbscan_centers,cell1_ROI_dbscan_centers,1072.0,0.0,0.0,0.0,0.0,1072.0,1.0,1.0,0.0,0.0
cell1_ROI_dbscan_centers,cell1_ROI_dbscan_centers,1073.0,0.0,0.0,0.0,0.0,1073.0,0.0,0.0,0.0,1.0
cell1_ROI_dbscan_centers,cell1_ROI_dbscan_centers,1074.0,2.0,0.0,0.0,0.0,1074.0,0.0,0.0,0.0,0.0
cell1_ROI_dbscan_centers,cell1_ROI_dbscan_centers,1075.0,0.0,0.0,0.0,0.0,1075.0,0.0,0.0,0.0,0.0
cell1_ROI_dbscan_centers,cell1_ROI_dbscan_centers,1076.0,0.0,0.0,1.0,0.0,1076.0,0.0,0.0,0.0,1.0
cell1_ROI_dbscan_centers,cell1_ROI_dbscan_centers,1077.0,1.0,0.0,0.0,0.0,1077.0,0.0,0.0,0.0,0.0
cell1_ROI_dbscan_centers,cell1_ROI_dbscan_centers,1078.0,2.0,0.0,0.0,0.0,1078.0,0.0,1.0,0.0,1.0
cell1_ROI_dbscan_centers,cell1_ROI_dbscan_centers,1079.0,0.0,0.0,0.0,0.0,1079.0,0.0,0.0,0.0,0.0
cell1_ROI_dbscan_centers,cell1_ROI_dbscan_centers,1080.0,0.0,0.0,0.0,0.0,1080.0,0.0,0.0,0.0,0.0
cell1_ROI_dbscan_centers,cell1_ROI_dbscan_centers,1081.0,1.0,0.0,0.0,0.0,1081.0,1.0,0.0,0.0,0.0
cell1_ROI_dbscan_centers,cell1_ROI_dbscan_centers,1082.0,1.0,0.0,0.0,0.0,1082.0,0.0,1.0,0.0,0.0
cell1_ROI_dbscan_centers,cell1_ROI_dbscan_centers,1083.0,0.0,0.0,1.0,1.0,1083.0,0.0,0.0,0.0,0.0
cell1_ROI_dbscan_centers,cell1_ROI_dbscan_centers,1084.0,1.0,0.0,0.0,0.0,1084.0,2.0,1.0,0.0,0.0
cell1_ROI_dbscan_centers,cell1_ROI_dbscan_centers,1085.0,1.0,0.0,0.0,0.0,1085.0,1.0,0.0,0.0,0.0
cell1_ROI_dbscan_centers,cell1_ROI_dbscan_centers,1086.0,1.0,0.0,0.0,0.0,1086.0,1.0,0.0,0.0,0.0
cell1_ROI_dbscan_centers,cell1_ROI_dbscan_centers,1087.0,0.0,0.0,0.0,0.0,1087.0,1.0,0.0,0.0,0.0
cell1_ROI_dbscan_centers,cell1_ROI_dbscan_centers,1088.0,1.0,0.0,1.0,0.0,1088.0,0.0,1.0,0.0,1.0
cell1_ROI_dbscan_centers,cell1_ROI_dbscan_centers,1089.0,1.0,0.0,0.0,0.0,1089.0,0.0,0.0,0.0,0.0
cell1_ROI_dbscan_centers,cell1_ROI_dbscan_centers,1090.0,0.0,0.0,0.0,0.0,1090.0,1.0,0.0,0.0,0.0
cell1_ROI_dbscan_centers,cell1_ROI_dbscan_centers,1091.0,1.0,0.0,0.0,0.0,1091.0,1.0,0.0,1.0,0.0
cell1_ROI_dbscan_centers,cell1_ROI_dbscan_centers,1092.0,0.0,0.0,0.0,0.0,1092.0,0.0,0.0,0.0,0.0
cell1_ROI_dbscan_centers,cell1_ROI_dbscan_centers,1093.0,1.0,0.0,1.0,0.0,1093.0,0.0,0.0,0.0,0.0
cell1_ROI_dbscan_centers,cell1_ROI_dbscan_centers,1094.0,0.0,0.0,0.0,0.0,1094.0,0.0,0.0,0.0,1.0
cell1_ROI_dbscan_centers,cell1_ROI_dbscan_centers,1095.0,0.0,0.0,2.0,0.0,1095.0,0.0,0.0,0.0,0.0
cell1_ROI_dbscan_centers,cell1_ROI_dbscan_centers,1096.0,1.0,1.0,0.0,0.0,1096.0,0.0,0.0,0.0,0.0
cell1_ROI_dbscan_centers,cell1_ROI_dbscan_centers,1097.0,0.0,0.0,0.0,0.0,1097.0,0.0,0.0,1.0,0.0
cell1_ROI_dbscan_centers,cell1_ROI_dbscan_centers,1098.0,2.0,0.0,2.0,0.0,1098.0,0.0,0.0,0.0,0.0
cell1_ROI_dbscan_centers,cell1_ROI_dbscan_centers,1099.0,0.0,0.0,0.0,0.0,1099.0,0.0,0.0,0.0,1.0
cell1_ROI_dbscan_centers,cell1_ROI_dbscan_centers,1100.0,1.0,0.0,0.0,0.0,1100.0,1.0,0.0,0.0,0.0
cell1_ROI_dbscan_centers,cell1_ROI_dbscan_centers,1101.0,1.0,0.0,0.0,0.0,1101.0,0.0,0.0,0.0,0.0
cell1_ROI_dbscan_centers,cell1_ROI_dbscan_centers,1102.0,2.0,0.0,0.0,0.0,1102.0,1.0,0.0,0.0,0.0
cell1_ROI_dbscan_centers,cell1_ROI_dbscan_centers,1103.0,1.0,0.0,0.0,0.0,1103.0,0.0,0.0,0.0,1.0
cell1_ROI_dbscan_centers,cell1_ROI_dbscan_centers,1104.0,0.0,0.0,0.0,0.0,1104.0,1.0,0.0,0.0,0.0
cell1_ROI_dbscan_centers,cell1_ROI_dbscan_centers,1105.0,1.0,0.0,0.0,0.0,1105.0,1.0,0.0,0.0,1.0
cell1_ROI_dbscan_centers,cell1_ROI_dbscan_centers,1106.0,0.0,0.0,1.0,0.0,1106.0,0.0,0.0,1.0,1.0
cell1_ROI_dbscan_centers,cell1_ROI_dbscan_centers,1107.0,1.0,0.0,1.0,0.0,1107.0,0.0,0.0,2.0,0.0
cell1_ROI_dbscan_centers,cell1_ROI_dbscan_centers,1108.0,0.0,0.0,0.0,0.0,1108.0,0.0,0.0,0.0,0.0
cell1_ROI_dbscan_centers,cell1_ROI_dbscan_centers,1109.0,1.0,0.0,2.0,0.0,1109.0,1.0,0.0,0.0,0.0
cell1_ROI_dbscan_centers,cell1_ROI_dbscan_centers,1110.0,0.0,0.0,0.0,1.0,1110.0,0.0,0.0,0.0,0.0
cell1_ROI_dbscan_centers,cell1_ROI_dbscan_centers,1111.0,1.0,0.0,2.0,0.0,1111.0,1.0,0.0,0.0,0.0
cell1_ROI_dbscan_centers,cell1_ROI_dbscan_centers,1112.0,1.0,0.0,1.0,0.0,1112.0,0.0,0.0,0.0,0.0
cell1_ROI_dbscan_centers,cell1_ROI_dbscan_centers,1113.0,1.0,0.0,0.0,0.0,1113.0,0.0,0.0,0.0,1.0
cell1_ROI_dbscan_centers,cell1_ROI_dbscan_centers,1114.0,0.0,0.0,0.0,0.0,1114.0,0.0,0.0,0.0,0.0
cell1_ROI_dbscan_centers,cell1_ROI_dbscan_centers,1115.0,2.0,0.0,0.0,0.0,1115.0,1.0,0.0,1.0,0.0
cell1_ROI_dbscan_centers,cell1_ROI_dbscan_centers,1116.0,0.0,0.0,0.0,0.0,1116.0,1.0,0.0,0.0,0.0
cell1_ROI_dbscan_centers,cell1_ROI_dbscan_centers,1117.0,0.0,0.0,0.0,0.0,1117.0,0.0,0.0,0.0,0.0
cell1_ROI_dbscan_centers,cell1_ROI_dbscan_centers,1118.0,1.0,0.0,0.0,0.0,1118.0,1.0,1.0,0.0,0.0
cell1_ROI_dbscan_centers,cell1_ROI_dbscan_centers,1119.0,2.0,0.0,0.0,0.0,1119.0,0.0,0.0,0.0,0.0
cell1_ROI_dbscan_centers,cell1_ROI_dbscan_centers,1120.0,0.0,0.0,0.0,0.0,1120.0,0.0,1.0,0.0,0.0
cell1_ROI_dbscan_centers,cell1_ROI_dbscan_centers,1121.0,2.0,0.0,0.0,0.0,1121.0,0.0,0.0,0.0,0.0
cell1_ROI_dbscan_centers,cell1_ROI_dbscan_centers,1122.0,1.0,0.0,0.0,0.0,1122.0,0.0,0.0,0.0,0.0
cell1_ROI_dbscan_centers,cell1_ROI_dbscan_centers,1123.0,0.0,0.0,0.0,0.0,1123.0,0.0,0.0,0.0,0.0
cell1_ROI_dbscan_centers,cell1_ROI_dbscan_centers,1124.0,0.0,0.0,0.0,0.0,1124.0,0.0,0.0,0.0,0.0
cell1_ROI_dbscan_centers,cell1_ROI_dbscan_centers,1125.0,0.0,0.0,0.0,0.0,1125.0,1.0,0.0,0.0,0.0
cell1_ROI_dbscan_centers,cell1_ROI_dbscan_centers,1126.0,1.0,0.0,0.0,0.0,1126.0,0.0,0.0,1.0,1.0
cell1_ROI_dbscan_centers,cell1_ROI_dbscan_centers,1127.0,1.0,0.0,0.0,0.0,1127.0,0.0,0.0,1.0,0.0
cell1_ROI_dbscan_centers,cell1_ROI_dbscan_centers,1128.0,1.0,0.0,0.0,0.0,1128.0,1.0,0.0,0.0,0.0
cell1_ROI_dbscan_centers,cell1_ROI_dbscan_centers,1129.0,0.0,0.0,0.0,1.0,1129.0,0.0,0.0,0.0,1.0
cell1_ROI_dbscan_centers,cell1_ROI_dbscan_centers,1130.0,0.0,0.0,0.0,0.0,1130.0,1.0,0.0,0.0,0.0
cell1_ROI_dbscan_centers,cell1_ROI_dbscan_centers,1131.0,1.0,0.0,0.0,0.0,1131.0,1.0,0.0,0.0,0.0
cell1_ROI_dbscan_centers,cell1_ROI_dbscan_centers,1132.0,1.0,0.0,0.0,0.0,1132.0,1.0,0.0,0.0,0.0
cell1_ROI_dbscan_centers,cell1_ROI_dbscan_centers,1133.0,1.0,0.0,0.0,0.0,1133.0,0.0,1.0,0.0,0.0
cell1_ROI_dbscan_centers,cell1_ROI_dbscan_centers,1134.0,0.0,0.0,0.0,0.0,1134.0,0.0,0.0,0.0,0.0
cell1_ROI_dbscan_centers,cell1_ROI_dbscan_centers,1135.0,0.0,0.0,0.0,0.0,1135.0,1.0,0.0,0.0,0.0
cell1_ROI_dbscan_centers,cell1_ROI_dbscan_centers,1136.0,1.0,0.0,0.0,0.0,1136.0,1.0,0.0,0.0,0.0
cell1_ROI_dbscan_centers,cell1_ROI_dbscan_centers,1137.0,1.0,0.0,0.0,0.0,1137.0,0.0,0.0,0.0,1.0
cell1_ROI_dbscan_centers,cell1_ROI_dbscan_centers,1138.0,0.0,0.0,0.0,0.0,1138.0,0.0,0.0,0.0,0.0
cell1_ROI_dbscan_centers,cell1_ROI_dbscan_centers,1139.0,1.0,0.0,0.0,0.0,1139.0,1.0,0.0,0.0,0.0
cell1_ROI_dbscan_centers,cell1_ROI_dbscan_centers,1140.0,0.0,0.0,0.0,0.0,1140.0,0.0,0.0,0.0,0.0
cell1_ROI_dbscan_centers,cell1_ROI_dbscan_centers,1141.0,2.0,0.0,0.0,0.0,1141.0,0.0,0.0,0.0,0.0
cell1_ROI_dbscan_centers,cell1_ROI_dbscan_centers,1142.0,0.0,0.0,1.0,0.0,1142.0,0.0,0.0,0.0,0.0
cell1_ROI_dbscan_centers,cell1_ROI_dbscan_centers,1143.0,1.0,0.0,0.0,0.0,1143.0,0.0,0.0,0.0,0.0
cell1_ROI_dbscan_centers,cell1_ROI_dbscan_centers,1144.0,0.0,0.0,1.0,0.0,1144.0,0.0,1.0,0.0,0.0
cell1_ROI_dbscan_centers,cell1_ROI_dbscan_centers,1145.0,0.0,0.0,0.0,0.0,1145.0,1.0,0.0,0.0,1.0
cell1_ROI_dbscan_centers,cell1_ROI_dbscan_centers,1146.0,1.0,0.0,0.0,0.0,1146.0,0.0,0.0,0.0,1.0
cell1_ROI_dbscan_centers,cell1_ROI_dbscan_centers,1147.0,1.0,0.0,0.0,0.0,1147.0,0.0,0.0,0.0,0.0
cell1_ROI_dbscan_centers,cell1_ROI_dbscan_centers,1148.0,1.0,0.0,0.0,0.0,1148.0,0.0,0.0,0.0,1.0
cell1_ROI_dbscan_centers,cell1_ROI_dbscan_centers,1149.0,1.0,0.0,1.0,0.0,1149.0,0.0,0.0,0.0,0.0
cell1_ROI_dbscan_centers,cell1_ROI_dbscan_centers,1150.0,0.0,0.0,0.0,0.0,1150.0,0.0,0.0,0.0,0.0
cell1_ROI_dbscan_centers,cell1_ROI_dbscan_centers,1151.0,0.0,0.0,0.0,0.0,1151.0,0.0,0.0,0.0,0.0
cell1_ROI_dbscan_centers,cell1_ROI_dbscan_centers,1152.0,2.0,0.0,0.0,0.0,1152.0,1.0,0.0,0.0,0.0
cell1_ROI_dbscan_centers,cell1_ROI_dbscan_centers,1153.0,0.0,0.0,0.0,0.0,1153.0,0.0,0.0,0.0,2.0
cell1_ROI_dbscan_centers,cell1_ROI_dbscan_centers,1154.0,0.0,0.0,0.0,0.0,1154.0,0.0,1.0,0.0,0.0
cell1_ROI_dbscan_centers,cell1_ROI_dbscan_centers,1155.0,0.0,0.0,0.0,0.0,1155.0,0.0,1.0,0.0,0.0
cell1_ROI_dbscan_centers,cell1_ROI_dbscan_centers,1156.0,0.0,0.0,0.0,0.0,1156.0,0.0,0.0,0.0,0.0
cell1_ROI_dbscan_centers,cell1_ROI_dbscan_centers,1157.0,1.0,0.0,0.0,0.0,1157.0,1.0,1.0,0.0,0.0
cell1_ROI_dbscan_centers,cell1_ROI_dbscan_centers,1158.0,0.0,0.0,0.0,0.0,1158.0,1.0,0.0,0.0,1.0
cell1_ROI_dbscan_centers,cell1_ROI_dbscan_centers,1159.0,0.0,0.0,0.0,0.0,1159.0,0.0,0.0,0.0,0.0
cell1_ROI_dbscan_centers,cell1_ROI_dbscan_centers,1160.0,0.0,0.0,0.0,0.0,1160.0,1.0,1.0,0.0,0.0
cell1_ROI_dbscan_centers,cell1_ROI_dbscan_centers,1161.0,0.0,0.0,0.0,0.0,1161.0,0.0,0.0,0.0,0.0
cell1_ROI_dbscan_centers,cell1_ROI_dbscan_centers,1162.0,0.0,0.0,0.0,0.0,1162.0,0.0,1.0,1.0,0.0
cell1_ROI_dbscan_centers,cell1_ROI_dbscan_centers,1163.0,1.0,1.0,0.0,0.0,1163.0,1.0,0.0,0.0,0.0
cell1_ROI_dbscan_centers,cell1_ROI_dbscan_centers,1164.0,0.0,0.0,0.0,0.0,1164.0,0.0,1.0,0.0,1.0
cell1_ROI_dbscan_centers,cell1_ROI_dbscan_centers,1165.0,1.0,0.0,0.0,0.0,1165.0,1.0,0.0,0.0,0.0
cell1_ROI_dbscan_centers,cell1_ROI_dbscan_centers,1166.0,0.0,0.0,0.0,0.0,1166.0,1.0,0.0,0.0,0.0
cell1_ROI_dbscan_centers,cell1_ROI_dbscan_centers,1167.0,1.0,0.0,1.0,0.0,1167.0,0.0,0.0,0.0,0.0
cell1_ROI_dbscan_centers,cell1_ROI_dbscan_centers,1168.0,0.0,0.0,1.0,0.0,1168.0,1.0,1.0,0.0,0.0
cell1_ROI_dbscan_centers,cell1_ROI_dbscan_centers,1169.0,0.0,0.0,0.0,0.0,1169.0,0.0,0.0,0.0,0.0
cell1_ROI_dbscan_centers,cell1_ROI_dbscan_centers,1170.0,0.0,0.0,0.0,0.0,1170.0,0.0,0.0,0.0,0.0
cell1_ROI_dbscan_centers,cell1_ROI_dbscan_centers,1171.0,1.0,0.0,0.0,0.0,1171.0,0.0,2.0,0.0,0.0
cell1_ROI_dbscan_centers,cell1_ROI_dbscan_centers,1172.0,0.0,0.0,1.0,0.0,1172.0,0.0,0.0,0.0,0.0
cell1_ROI_dbscan_centers,cell1_ROI_dbscan_centers,1173.0,0.0,0.0,0.0,0.0,1173.0,1.0,0.0,0.0,0.0
cell1_ROI_dbscan_centers,cell1_ROI_dbscan_centers,1174.0,1.0,0.0,0.0,0.0,1174.0,0.0,0.0,0.0,0.0
cell1_ROI_dbscan_centers,cell1_ROI_dbscan_centers,1175.0,0.0,0.0,0.0,0.0,1175.0,0.0,2.0,0.0,0.0
cell1_ROI_dbscan_centers,cell1_ROI_dbscan_centers,1176.0,0.0,0.0,1.0,0.0,1176.0,0.0,1.0,0.0,0.0
cell1_ROI_dbscan_centers,cell1_ROI_dbscan_centers,1177.0,0.0,0.0,0.0,0.0,1177.0,0.0,0.0,0.0,0.0
cell1_ROI_dbscan_centers,cell1_ROI_dbscan_centers,1178.0,1.0,0.0,0.0,0.0,1178.0,0.0,0.0,0.0,0.0
cell1_ROI_dbscan_centers,cell1_ROI_dbscan_centers,1179.0,2.0,0.0,0.0,1.0,1179.0,0.0,0.0,0.0,1.0
cell1_ROI_dbscan_centers,cell1_ROI_dbscan_centers,1180.0,1.0,0.0,0.0,0.0,1180.0,0.0,0.0,0.0,1.0
cell1_ROI_dbscan_centers,cell1_ROI_dbscan_centers,1181.0,1.0,0.0,1.0,0.0,1181.0,0.0,0.0,0.0,0.0
cell1_ROI_dbscan_centers,cell1_ROI_dbscan_centers,1182.0,1.0,0.0,0.0,0.0,1182.0,0.0,1.0,0.0,1.0
cell1_ROI_dbscan_centers,cell1_ROI_dbscan_centers,1183.0,1.0,0.0,0.0,0.0,1183.0,0.0,0.0,0.0,0.0
cell1_ROI_dbscan_centers,cell1_ROI_dbscan_centers,1184.0,1.0,0.0,0.0,0.0,1184.0,1.0,0.0,0.0,1.0
cell1_ROI_dbscan_centers,cell1_ROI_dbscan_centers,1185.0,0.0,0.0,0.0,0.0,1185.0,0.0,0.0,0.0,0.0
cell1_ROI_dbscan_centers,cell1_ROI_dbscan_centers,1186.0,1.0,0.0,0.0,0.0,1186.0,0.0,0.0,0.0,1.0
cell1_ROI_dbscan_centers,cell1_ROI_dbscan_centers,1187.0,1.0,0.0,0.0,0.0,1187.0,0.0,0.0,0.0,0.0
cell1_ROI_dbscan_centers,cell1_ROI_dbscan_centers,1188.0,1.0,0.0,0.0,0.0,1188.0,0.0,2.0,0.0,0.0
cell1_ROI_dbscan_centers,cell1_ROI_dbscan_centers,1189.0,1.0,0.0,0.0,0.0,1189.0,1.0,0.0,0.0,1.0
cell1_ROI_dbscan_centers,cell1_ROI_dbscan_centers,1190.0,0.0,0.0,0.0,0.0,1190.0,0.0,0.0,0.0,0.0
cell1_ROI_dbscan_centers,cell1_ROI_dbscan_centers,1191.0,1.0,0.0,0.0,0.0,1191.0,1.0,0.0,0.0,3.0
cell1_ROI_dbscan_centers,cell1_ROI_dbscan_centers,1192.0,0.0,0.0,1.0,0.0,1192.0,1.0,0.0,0.0,1.0
cell1_ROI_dbscan_centers,cell1_ROI_dbscan_centers,1193.0,1.0,0.0,0.0,0.0,1193.0,1.0,0.0,0.0,0.0
cell1_ROI_dbscan_centers,cell1_ROI_dbscan_centers,1194.0,2.0,0.0,0.0,0.0,1194.0,0.0,0.0,0.0,1.0
cell1_ROI_dbscan_centers,cell1_ROI_dbscan_centers,1195.0,1.0,0.0,0.0,0.0,1195.0,0.0,0.0,0.0,0.0
cell1_ROI_dbscan_centers,cell1_ROI_dbscan_centers,1196.0,0.0,0.0,0.0,0.0,1196.0,0.0,0.0,0.0,1.0
cell1_ROI_dbscan_centers,cell1_ROI_dbscan_centers,1197.0,1.0,0.0,0.0,1.0,1197.0,0.0,0.0,0.0,0.0
cell1_ROI_dbscan_centers,cell1_ROI_dbscan_centers,1198.0,1.0,0.0,0.0,0.0,1198.0,1.0,0.0,0.0,1.0
cell1_ROI_dbscan_centers,cell1_ROI_dbscan_centers,1199.0,0.0,0.0,0.0,0.0,1199.0,0.0,1.0,0.0,0.0
cell1_ROI_dbscan_centers,cell1_ROI_dbscan_centers,1200.0,0.0,0.0,0.0,0.0,1200.0,0.0,0.0,0.0,0.0
cell1_ROI_dbscan_centers,cell1_ROI_dbscan_centers,1201.0,1.0,0.0,0.0,1.0,1201.0,0.0,0.0,0.0,0.0
cell1_ROI_dbscan_centers,cell1_ROI_dbscan_centers,1202.0,0.0,0.0,0.0,0.0,1202.0,1.0,0.0,0.0,1.0
cell1_ROI_dbscan_centers,cell1_ROI_dbscan_centers,1203.0,1.0,0.0,0.0,0.0,1203.0,1.0,0.0,0.0,0.0
cell1_ROI_dbscan_centers,cell1_ROI_dbscan_centers,1204.0,0.0,0.0,1.0,0.0,1204.0,0.0,0.0,0.0,0.0
cell1_ROI_dbscan_centers,cell1_ROI_dbscan_centers,1205.0,2.0,0.0,0.0,0.0,1205.0,1.0,0.0,0.0,0.0
cell1_ROI_dbscan_centers,cell1_ROI_dbscan_centers,1206.0,0.0,0.0,0.0,0.0,1206.0,1.0,0.0,0.0,0.0
cell1_ROI_dbscan_centers,cell1_ROI_dbscan_centers,1207.0,0.0,0.0,1.0,0.0,1207.0,0.0,0.0,0.0,0.0
cell1_ROI_dbscan_centers,cell1_ROI_dbscan_centers,1208.0,0.0,0.0,0.0,0.0,1208.0,0.0,0.0,0.0,0.0
cell1_ROI_dbscan_centers,cell1_ROI_dbscan_centers,1209.0,0.0,0.0,1.0,0.0,1209.0,0.0,0.0,0.0,0.0
cell1_ROI_dbscan_centers,cell1_ROI_dbscan_centers,1210.0,0.0,0.0,0.0,1.0,1210.0,1.0,0.0,0.0,0.0
cell1_ROI_dbscan_centers,cell1_ROI_dbscan_centers,1211.0,0.0,0.0,0.0,0.0,1211.0,1.0,0.0,0.0,0.0
cell1_ROI_dbscan_centers,cell1_ROI_dbscan_centers,1212.0,0.0,0.0,0.0,0.0,1212.0,0.0,0.0,1.0,0.0
cell1_ROI_dbscan_centers,cell1_ROI_dbscan_centers,1213.0,1.0,0.0,0.0,0.0,1213.0,0.0,0.0,0.0,0.0
cell1_ROI_dbscan_centers,cell1_ROI_dbscan_centers,1214.0,0.0,0.0,1.0,0.0,1214.0,0.0,0.0,0.0,0.0
cell1_ROI_dbscan_centers,cell1_ROI_dbscan_centers,1215.0,1.0,0.0,1.0,0.0,1215.0,1.0,0.0,0.0,0.0
cell1_ROI_dbscan_centers,cell1_ROI_dbscan_centers,1216.0,1.0,0.0,0.0,0.0,1216.0,1.0,0.0,0.0,0.0
cell1_ROI_dbscan_centers,cell1_ROI_dbscan_centers,1217.0,0.0,0.0,1.0,0.0,1217.0,1.0,0.0,1.0,0.0
cell1_ROI_dbscan_centers,cell1_ROI_dbscan_centers,1218.0,1.0,0.0,0.0,0.0,1218.0,0.0,1.0,0.0,0.0
cell1_ROI_dbscan_centers,cell1_ROI_dbscan_centers,1219.0,1.0,0.0,0.0,0.0,1219.0,1.0,0.0,0.0,1.0
cell1_ROI_dbscan_centers,cell1_ROI_dbscan_centers,1220.0,1.0,0.0,1.0,0.0,1220.0,0.0,0.0,0.0,2.0
cell1_ROI_dbscan_centers,cell1_ROI_dbscan_centers,1221.0,0.0,0.0,0.0,0.0,1221.0,1.0,0.0,0.0,0.0
cell1_ROI_dbscan_centers,cell1_ROI_dbscan_centers,1222.0,0.0,0.0,0.0,0.0,1222.0,0.0,0.0,0.0,0.0
cell1_ROI_dbscan_centers,cell1_ROI_dbscan_centers,1223.0,2.0,0.0,0.0,0.0,1223.0,0.0,0.0,0.0,0.0
cell1_ROI_dbscan_centers,cell1_ROI_dbscan_centers,1224.0,0.0,0.0,0.0,0.0,1224.0,0.0,0.0,1.0,0.0
cell1_ROI_dbscan_centers,cell1_ROI_dbscan_centers,1225.0,2.0,0.0,0.0,0.0,1225.0,0.0,0.0,0.0,0.0
cell1_ROI_dbscan_centers,cell1_ROI_dbscan_centers,1226.0,1.0,0.0,0.0,0.0,1226.0,1.0,1.0,0.0,0.0
cell1_ROI_dbscan_centers,cell1_ROI_dbscan_centers,1227.0,0.0,0.0,0.0,0.0,1227.0,1.0,0.0,0.0,0.0
cell1_ROI_dbscan_centers,cell1_ROI_dbscan_centers,1228.0,1.0,0.0,1.0,0.0,1228.0,0.0,1.0,0.0,0.0
cell1_ROI_dbscan_centers,cell1_ROI_dbscan_centers,1229.0,1.0,0.0,0.0,0.0,1229.0,0.0,0.0,0.0,0.0
cell1_ROI_dbscan_centers,cell1_ROI_dbscan_centers,1230.0,0.0,0.0,0.0,0.0,1230.0,1.0,0.0,0.0,0.0
cell1_ROI_dbscan_centers,cell1_ROI_dbscan_centers,1231.0,1.0,0.0,0.0,0.0,1231.0,1.0,0.0,1.0,0.0
cell1_ROI_dbscan_centers,cell1_ROI_dbscan_centers,1232.0,0.0,0.0,0.0,0.0,1232.0,0.0,0.0,0.0,0.0
cell1_ROI_dbscan_centers,cell1_ROI_dbscan_centers,1233.0,2.0,0.0,1.0,0.0,1233.0,0.0,1.0,0.0,1.0
cell1_ROI_dbscan_centers,cell1_ROI_dbscan_centers,1234.0,0.0,0.0,0.0,0.0,1234.0,0.0,0.0,0.0,0.0
cell1_ROI_dbscan_centers,cell1_ROI_dbscan_centers,1235.0,1.0,0.0,0.0,0.0,1235.0,0.0,0.0,1.0,1.0
cell1_ROI_dbscan_centers,cell1_ROI_dbscan_centers,1236.0,0.0,0.0,0.0,0.0,1236.0,0.0,0.0,0.0,0.0
cell1_ROI_dbscan_centers,cell1_ROI_dbscan_centers,1237.0,0.0,0.0,0.0,0.0,1237.0,1.0,0.0,0.0,0.0
cell1_ROI_dbscan_centers,cell1_ROI_dbscan_centers,1238.0,1.0,0.0,0.0,0.0,1238.0,0.0,0.0,0.0,0.0
cell1_ROI_dbscan_centers,cell1_ROI_dbscan_centers,1239.0,1.0,0.0,1.0,0.0,1239.0,0.0,0.0,1.0,0.0
cell1_ROI_dbscan_centers,cell1_ROI_dbscan_centers,1240.0,3.0,0.0,0.0,0.0,1240.0,0.0,0.0,0.0,0.0
cell1_ROI_dbscan_centers,cell1_ROI_dbscan_centers,1241.0,1.0,0.0,1.0,0.0,1241.0,0.0,0.0,0.0,0.0
cell1_ROI_dbscan_centers,cell1_ROI_dbscan_centers,1242.0,2.0,0.0,0.0,0.0,1242.0,1.0,1.0,0.0,0.0
cell1_ROI_dbscan_centers,cell1_ROI_dbscan_centers,1243.0,1.0,0.0,0.0,0.0,1243.0,1.0,0.0,0.0,1.0
cell1_ROI_dbscan_centers,cell1_ROI_dbscan_centers,1244.0,0.0,0.0,0.0,0.0,1244.0,1.0,0.0,1.0,0.0
cell1_ROI_dbscan_centers,cell1_ROI_dbscan_centers,1245.0,1.0,0.0,1.0,0.0,1245.0,0.0,0.0,0.0,0.0
cell1_ROI_dbscan_centers,cell1_ROI_dbscan_centers,1246.0,2.0,0.0,0.0,0.0,1246.0,0.0,0.0,0.0,0.0
cell1_ROI_dbscan_centers,cell1_ROI_dbscan_centers,1247.0,0.0,0.0,0.0,0.0,1247.0,0.0,1.0,1.0,0.0
cell1_ROI_dbscan_centers,cell1_ROI_dbscan_centers,1248.0,0.0,0.0,0.0,0.0,1248.0,0.0,1.0,0.0,0.0
cell1_ROI_dbscan_centers,cell1_ROI_dbscan_centers,1249.0,1.0,0.0,0.0,0.0,1249.0,1.0,0.0,1.0,0.0
cell1_ROI_dbscan_centers,cell1_ROI_dbscan_centers,1250.0,1.0,0.0,0.0,0.0,1250.0,1.0,0.0,0.0,0.0
cell1_ROI_dbscan_centers,cell1_ROI_dbscan_centers,1251.0,0.0,0.0,0.0,0.0,1251.0,0.0,0.0,0.0,0.0
cell1_ROI_dbscan_centers,cell1_ROI_dbscan_centers,1252.0,1.0,0.0,0.0,0.0,1252.0,0.0,0.0,0.0,0.0
cell1_ROI_dbscan_centers,cell1_ROI_dbscan_centers,1253.0,1.0,0.0,0.0,0.0,1253.0,1.0,0.0,0.0,0.0
cell1_ROI_dbscan_centers,cell1_ROI_dbscan_centers,1254.0,3.0,0.0,0.0,0.0,1254.0,1.0,1.0,0.0,0.0
cell1_ROI_dbscan_centers,cell1_ROI_dbscan_centers,1255.0,1.0,0.0,0.0,0.0,1255.0,1.0,2.0,0.0,0.0
cell1_ROI_dbscan_centers,cell1_ROI_dbscan_centers,1256.0,0.0,0.0,1.0,0.0,1256.0,0.0,0.0,0.0,1.0
cell1_ROI_dbscan_centers,cell1_ROI_dbscan_centers,1257.0,0.0,0.0,0.0,1.0,1257.0,0.0,0.0,0.0,0.0
cell1_ROI_dbscan_centers,cell1_ROI_dbscan_centers,1258.0,1.0,0.0,0.0,0.0,1258.0,1.0,0.0,0.0,0.0
cell1_ROI_dbscan_centers,cell1_ROI_dbscan_centers,1259.0,0.0,0.0,0.0,0.0,1259.0,0.0,0.0,0.0,1.0
cell1_ROI_dbscan_centers,cell1_ROI_dbscan_centers,1260.0,1.0,0.0,0.0,0.0,1260.0,0.0,0.0,0.0,0.0
cell1_ROI_dbscan_centers,cell1_ROI_dbscan_centers,1261.0,0.0,0.0,0.0,0.0,1261.0,1.0,0.0,0.0,1.0
cell1_ROI_dbscan_centers,cell1_ROI_dbscan_centers,1262.0,1.0,0.0,0.0,0.0,1262.0,0.0,1.0,0.0,0.0
cell1_ROI_dbscan_centers,cell1_ROI_dbscan_centers,1263.0,0.0,0.0,0.0,0.0,1263.0,3.0,0.0,0.0,0.0
cell1_ROI_dbscan_centers,cell1_ROI_dbscan_centers,1264.0,1.0,0.0,0.0,1.0,1264.0,0.0,0.0,0.0,0.0
cell1_ROI_dbscan_centers,cell1_ROI_dbscan_centers,1265.0,0.0,0.0,0.0,0.0,1265.0,0.0,1.0,0.0,0.0
cell1_ROI_dbscan_centers,cell1_ROI_dbscan_centers,1266.0,0.0,0.0,1.0,0.0,1266.0,0.0,1.0,0.0,0.0
cell1_ROI_dbscan_centers,cell1_ROI_dbscan_centers,1267.0,0.0,0.0,0.0,0.0,1267.0,0.0,0.0,0.0,0.0
cell1_ROI_dbscan_centers,cell1_ROI_dbscan_centers,1268.0,0.0,0.0,0.0,0.0,1268.0,0.0,1.0,0.0,0.0
cell1_ROI_dbscan_centers,cell1_ROI_dbscan_centers,1269.0,1.0,0.0,0.0,0.0,1269.0,1.0,0.0,0.0,0.0
cell1_ROI_dbscan_centers,cell1_ROI_dbscan_centers,1270.0,0.0,0.0,0.0,0.0,1270.0,1.0,0.0,0.0,0.0
cell1_ROI_dbscan_centers,cell1_ROI_dbscan_centers,1271.0,0.0,0.0,0.0,0.0,1271.0,1.0,0.0,0.0,0.0
cell1_ROI_dbscan_centers,cell1_ROI_dbscan_centers,1272.0,1.0,0.0,0.0,0.0,1272.0,0.0,0.0,0.0,1.0
cell1_ROI_dbscan_centers,cell1_ROI_dbscan_centers,1273.0,0.0,0.0,0.0,0.0,1273.0,1.0,0.0,0.0,0.0
cell1_ROI_dbscan_centers,cell1_ROI_dbscan_centers,1274.0,1.0,0.0,0.0,0.0,1274.0,0.0,0.0,0.0,0.0
cell1_ROI_dbscan_centers,cell1_ROI_dbscan_centers,1275.0,0.0,0.0,1.0,0.0,1275.0,0.0,0.0,0.0,0.0
cell1_ROI_dbscan_centers,cell1_ROI_dbscan_centers,1276.0,2.0,0.0,0.0,0.0,1276.0,0.0,0.0,0.0,0.0
cell1_ROI_dbscan_centers,cell1_ROI_dbscan_centers,1277.0,1.0,0.0,0.0,0.0,1277.0,1.0,0.0,0.0,0.0
cell1_ROI_dbscan_centers,cell1_ROI_dbscan_centers,1278.0,0.0,0.0,1.0,0.0,1278.0,1.0,0.0,0.0,1.0
cell1_ROI_dbscan_centers,cell1_ROI_dbscan_centers,1279.0,0.0,0.0,0.0,0.0,1279.0,1.0,0.0,0.0,0.0
cell1_ROI_dbscan_centers,cell1_ROI_dbscan_centers,1280.0,1.0,0.0,0.0,0.0,1280.0,1.0,0.0,0.0,0.0
cell1_ROI_dbscan_centers,cell1_ROI_dbscan_centers,1281.0,0.0,1.0,0.0,1.0,1281.0,0.0,0.0,0.0,0.0
cell1_ROI_dbscan_centers,cell1_ROI_dbscan_centers,1282.0,0.0,0.0,0.0,0.0,1282.0,0.0,0.0,0.0,0.0
cell1_ROI_dbscan_centers,cell1_ROI_dbscan_centers,1283.0,0.0,0.0,1.0,0.0,1283.0,0.0,0.0,0.0,0.0
cell1_ROI_dbscan_centers,cell1_ROI_dbscan_centers,1284.0,0.0,0.0,0.0,0.0,1284.0,0.0,0.0,0.0,0.0
cell1_ROI_dbscan_centers,cell1_ROI_dbscan_centers,1285.0,1.0,0.0,0.0,0.0,1285.0,0.0,0.0,0.0,2.0
cell1_ROI_dbscan_centers,cell1_ROI_dbscan_centers,1286.0,0.0,0.0,0.0,0.0,1286.0,0.0,0.0,0.0,0.0
cell1_ROI_dbscan_centers,cell1_ROI_dbscan_centers,1287.0,0.0,0.0,0.0,0.0,1287.0,2.0,0.0,0.0,0.0
cell1_ROI_dbscan_centers,cell1_ROI_dbscan_centers,1288.0,1.0,0.0,0.0,0.0,1288.0,0.0,0.0,0.0,0.0
cell1_ROI_dbscan_centers,cell1_ROI_dbscan_centers,1289.0,0.0,0.0,1.0,0.0,1289.0,0.0,0.0,0.0,2.0
cell1_ROI_dbscan_centers,cell1_ROI_dbscan_centers,1290.0,0.0,0.0,0.0,0.0,1290.0,0.0,1.0,0.0,1.0
cell1_ROI_dbscan_centers,cell1_ROI_dbscan_centers,1291.0,0.0,0.0,0.0,0.0,1291.0,0.0,1.0,0.0,0.0
cell1_ROI_dbscan_centers,cell1_ROI_dbscan_centers,1292.0,0.0,0.0,0.0,0.0,1292.0,0.0,0.0,0.0,0.0
cell1_ROI_dbscan_centers,cell1_ROI_dbscan_centers,1293.0,0.0,0.0,0.0,0.0,1293.0,0.0,0.0,0.0,1.0
cell1_ROI_dbscan_centers,cell1_ROI_dbscan_centers,1294.0,0.0,0.0,0.0,0.0,1294.0,0.0,0.0,0.0,0.0
cell1_ROI_dbscan_centers,cell1_ROI_dbscan_centers,1295.0,1.0,1.0,0.0,0.0,1295.0,0.0,0.0,0.0,0.0
cell1_ROI_dbscan_centers,cell1_ROI_dbscan_centers,1296.0,0.0,0.0,0.0,0.0,1296.0,0.0,0.0,0.0,0.0
cell1_ROI_dbscan_centers,cell1_ROI_dbscan_centers,1297.0,1.0,0.0,0.0,1.0,1297.0,0.0,0.0,0.0,0.0
cell1_ROI_dbscan_centers,cell1_ROI_dbscan_centers,1298.0,1.0,0.0,0.0,0.0,1298.0,0.0,0.0,0.0,0.0
cell1_ROI_dbscan_centers,cell1_ROI_dbscan_centers,1299.0,0.0,0.0,0.0,0.0,1299.0,0.0,0.0,0.0,0.0
cell1_ROI_dbscan_centers,cell1_ROI_dbscan_centers,1300.0,0.0,0.0,1.0,0.0,1300.0,1.0,0.0,0.0,0.0
cell1_ROI_dbscan_centers,cell1_ROI_dbscan_centers,1301.0,1.0,0.0,0.0,0.0,1301.0,1.0,0.0,0.0,0.0
cell1_ROI_dbscan_centers,cell1_ROI_dbscan_centers,1302.0,1.0,0.0,0.0,0.0,1302.0,0.0,1.0,0.0,0.0
cell1_ROI_dbscan_centers,cell1_ROI_dbscan_centers,1303.0,0.0,0.0,0.0,0.0,1303.0,0.0,0.0,0.0,0.0
cell1_ROI_dbscan_centers,cell1_ROI_dbscan_centers,1304.0,1.0,0.0,0.0,0.0,1304.0,0.0,0.0,0.0,0.0
cell1_ROI_dbscan_centers,cell1_ROI_dbscan_centers,1305.0,0.0,0.0,0.0,0.0,1305.0,1.0,0.0,0.0,0.0
cell1_ROI_dbscan_centers,cell1_ROI_dbscan_centers,1306.0,2.0,0.0,1.0,0.0,1306.0,0.0,2.0,0.0,0.0
cell1_ROI_dbscan_centers,cell1_ROI_dbscan_centers,1307.0,1.0,0.0,0.0,0.0,1307.0,0.0,0.0,0.0,0.0
cell1_ROI_dbscan_centers,cell1_ROI_dbscan_centers,1308.0,0.0,0.0,0.0,0.0,1308.0,0.0,1.0,0.0,1.0
cell1_ROI_dbscan_centers,cell1_ROI_dbscan_centers,1309.0,1.0,0.0,0.0,0.0,1309.0,1.0,0.0,0.0,0.0
cell1_ROI_dbscan_centers,cell1_ROI_dbscan_centers,1310.0,2.0,0.0,0.0,0.0,1310.0,1.0,0.0,0.0,0.0
cell1_ROI_dbscan_centers,cell1_ROI_dbscan_centers,1311.0,0.0,0.0,0.0,0.0,1311.0,0.0,0.0,0.0,0.0
cell1_ROI_dbscan_centers,cell1_ROI_dbscan_centers,1312.0,1.0,0.0,0.0,0.0,1312.0,1.0,0.0,0.0,1.0
cell1_ROI_dbscan_centers,cell1_ROI_dbscan_centers,1313.0,0.0,0.0,1.0,0.0,1313.0,1.0,0.0,0.0,0.0
cell1_ROI_dbscan_centers,cell1_ROI_dbscan_centers,1314.0,0.0,1.0,0.0,0.0,1314.0,1.0,0.0,0.0,0.0
cell1_ROI_dbscan_centers,cell1_ROI_dbscan_centers,1315.0,0.0,0.0,0.0,0.0,1315.0,0.0,0.0,0.0,0.0
cell1_ROI_dbscan_centers,cell1_ROI_dbscan_centers,1316.0,0.0,0.0,0.0,0.0,1316.0,1.0,0.0,0.0,0.0
cell1_ROI_dbscan_centers,cell1_ROI_dbscan_centers,1317.0,1.0,0.0,0.0,0.0,1317.0,0.0,0.0,0.0,0.0
cell1_ROI_dbscan_centers,cell1_ROI_dbscan_centers,1318.0,1.0,1.0,0.0,0.0,1318.0,1.0,1.0,0.0,1.0
cell1_ROI_dbscan_centers,cell1_ROI_dbscan_centers,1319.0,0.0,0.0,0.0,0.0,1319.0,1.0,1.0,0.0,0.0
cell1_ROI_dbscan_centers,cell1_ROI_dbscan_centers,1320.0,0.0,0.0,0.0,0.0,1320.0,0.0,0.0,0.0,0.0
cell1_ROI_dbscan_centers,cell1_ROI_dbscan_centers,1321.0,1.0,0.0,0.0,0.0,1321.0,0.0,0.0,0.0,0.0
cell1_ROI_dbscan_centers,cell1_ROI_dbscan_centers,1322.0,1.0,0.0,0.0,0.0,1322.0,0.0,0.0,0.0,0.0
cell1_ROI_dbscan_centers,cell1_ROI_dbscan_centers,1323.0,1.0,0.0,0.0,0.0,1323.0,0.0,0.0,0.0,0.0
cell1_ROI_dbscan_centers,cell1_ROI_dbscan_centers,1324.0,1.0,0.0,0.0,0.0,1324.0,1.0,0.0,1.0,0.0
cell1_ROI_dbscan_centers,cell1_ROI_dbscan_centers,1325.0,0.0,0.0,0.0,0.0,1325.0,0.0,0.0,0.0,0.0
cell1_ROI_dbscan_centers,cell1_ROI_dbscan_centers,1326.0,2.0,0.0,0.0,0.0,1326.0,1.0,0.0,0.0,0.0
cell1_ROI_dbscan_centers,cell1_ROI_dbscan_centers,1327.0,0.0,0.0,0.0,0.0,1327.0,0.0,0.0,0.0,0.0
cell1_ROI_dbscan_centers,cell1_ROI_dbscan_centers,1328.0,0.0,0.0,0.0,0.0,1328.0,0.0,1.0,0.0,0.0
cell1_ROI_dbscan_centers,cell1_ROI_dbscan_centers,1329.0,1.0,0.0,0.0,0.0,1329.0,0.0,0.0,0.0,0.0
cell1_ROI_dbscan_centers,cell1_ROI_dbscan_centers,1330.0,0.0,0.0,1.0,0.0,1330.0,1.0,0.0,0.0,0.0
cell1_ROI_dbscan_centers,cell1_ROI_dbscan_centers,1331.0,0.0,0.0,0.0,0.0,1331.0,0.0,0.0,0.0,1.0
cell1_ROI_dbscan_centers,cell1_ROI_dbscan_centers,1332.0,1.0,0.0,0.0,0.0,1332.0,0.0,0.0,0.0,0.0
cell1_ROI_dbscan_centers,cell1_ROI_dbscan_centers,1333.0,0.0,0.0,0.0,0.0,1333.0,0.0,0.0,0.0,1.0
cell1_ROI_dbscan_centers,cell1_ROI_dbscan_centers,1334.0,0.0,0.0,1.0,0.0,1334.0,1.0,1.0,0.0,0.0
cell1_ROI_dbscan_centers,cell1_ROI_dbscan_centers,1335.0,1.0,0.0,1.0,0.0,1335.0,0.0,0.0,0.0,0.0
cell1_ROI_dbscan_centers,cell1_ROI_dbscan_centers,1336.0,2.0,0.0,1.0,0.0,1336.0,0.0,0.0,0.0,0.0
cell1_ROI_dbscan_centers,cell1_ROI_dbscan_centers,1337.0,0.0,0.0,0.0,0.0,1337.0,0.0,0.0,0.0,0.0
cell1_ROI_dbscan_centers,cell1_ROI_dbscan_centers,1338.0,1.0,0.0,0.0,0.0,1338.0,0.0,0.0,1.0,0.0
cell1_ROI_dbscan_centers,cell1_ROI_dbscan_centers,1339.0,0.0,0.0,0.0,0.0,1339.0,1.0,0.0,1.0,0.0
cell1_ROI_dbscan_centers,cell1_ROI_dbscan_centers,1340.0,0.0,0.0,1.0,0.0,1340.0,1.0,0.0,0.0,0.0
cell1_ROI_dbscan_centers,cell1_ROI_dbscan_centers,1341.0,0.0,0.0,0.0,0.0,1341.0,0.0,0.0,0.0,0.0
cell1_ROI_dbscan_centers,cell1_ROI_dbscan_centers,1342.0,1.0,0.0,2.0,0.0,1342.0,1.0,0.0,1.0,2.0
cell1_ROI_dbscan_centers,cell1_ROI_dbscan_centers,1343.0,0.0,0.0,0.0,0.0,1343.0,0.0,0.0,0.0,0.0
cell1_ROI_dbscan_centers,cell1_ROI_dbscan_centers,1344.0,1.0,0.0,0.0,0.0,1344.0,1.0,1.0,0.0,0.0
cell1_ROI_dbscan_centers,cell1_ROI_dbscan_centers,1345.0,1.0,0.0,1.0,0.0,1345.0,0.0,0.0,0.0,0.0
cell1_ROI_dbscan_centers,cell1_ROI_dbscan_centers,1346.0,1.0,0.0,0.0,0.0,1346.0,0.0,1.0,0.0,0.0
cell1_ROI_dbscan_centers,cell1_ROI_dbscan_centers,1347.0,1.0,0.0,0.0,0.0,1347.0,1.0,0.0,0.0,0.0
cell1_ROI_dbscan_centers,cell1_ROI_dbscan_centers,1348.0,2.0,0.0,0.0,0.0,1348.0,0.0,1.0,0.0,0.0
cell1_ROI_dbscan_centers,cell1_ROI_dbscan_centers,1349.0,1.0,0.0,0.0,0.0,1349.0,0.0,0.0,0.0,0.0
cell1_ROI_dbscan_centers,cell1_ROI_dbscan_centers,1350.0,0.0,0.0,1.0,0.0,1350.0,1.0,0.0,0.0,0.0
cell1_ROI_dbscan_centers,cell1_ROI_dbscan_centers,1351.0,0.0,0.0,0.0,0.0,1351.0,0.0,1.0,0.0,0.0
cell1_ROI_dbscan_centers,cell1_ROI_dbscan_centers,1352.0,1.0,0.0,0.0,0.0,1352.0,0.0,0.0,1.0,0.0
cell1_ROI_dbscan_centers,cell1_ROI_dbscan_centers,1353.0,1.0,0.0,0.0,0.0,1353.0,1.0,0.0,0.0,1.0
cell1_ROI_dbscan_centers,cell1_ROI_dbscan_centers,1354.0,0.0,0.0,0.0,0.0,1354.0,0.0,0.0,0.0,0.0
cell1_ROI_dbscan_centers,cell1_ROI_dbscan_centers,1355.0,1.0,0.0,1.0,0.0,1355.0,0.0,0.0,0.0,0.0
cell1_ROI_dbscan_centers,cell1_ROI_dbscan_centers,1356.0,1.0,0.0,0.0,0.0,1356.0,1.0,0.0,0.0,1.0
cell1_ROI_dbscan_centers,cell1_ROI_dbscan_centers,1357.0,0.0,0.0,0.0,0.0,1357.0,1.0,0.0,0.0,0.0
cell1_ROI_dbscan_centers,cell1_ROI_dbscan_centers,1358.0,0.0,0.0,0.0,0.0,1358.0,0.0,0.0,0.0,0.0
cell1_ROI_dbscan_centers,cell1_ROI_dbscan_centers,1359.0,0.0,0.0,0.0,0.0,1359.0,0.0,0.0,0.0,0.0
cell1_ROI_dbscan_centers,cell1_ROI_dbscan_centers,1360.0,1.0,0.0,1.0,0.0,1360.0,1.0,0.0,0.0,0.0
cell1_ROI_dbscan_centers,cell1_ROI_dbscan_centers,1361.0,1.0,0.0,0.0,0.0,1361.0,0.0,0.0,0.0,0.0
cell1_ROI_dbscan_centers,cell1_ROI_dbscan_centers,1362.0,0.0,0.0,0.0,0.0,1362.0,1.0,0.0,0.0,1.0
cell1_ROI_dbscan_centers,cell1_ROI_dbscan_centers,1363.0,0.0,0.0,0.0,0.0,1363.0,0.0,0.0,0.0,0.0
cell1_ROI_dbscan_centers,cell1_ROI_dbscan_centers,1364.0,1.0,0.0,0.0,0.0,1364.0,0.0,0.0,0.0,0.0
cell1_ROI_dbscan_centers,cell1_ROI_dbscan_centers,1365.0,0.0,0.0,1.0,0.0,1365.0,1.0,0.0,1.0,2.0
cell1_ROI_dbscan_centers,cell1_ROI_dbscan_centers,1366.0,2.0,0.0,1.0,0.0,1366.0,0.0,0.0,0.0,0.0
cell1_ROI_dbscan_centers,cell1_ROI_dbscan_centers,1367.0,0.0,0.0,0.0,0.0,1367.0,1.0,0.0,0.0,0.0
cell1_ROI_dbscan_centers,cell1_ROI_dbscan_centers,1368.0,0.0,0.0,0.0,0.0,1368.0,0.0,0.0,0.0,0.0
cell1_ROI_dbscan_centers,cell1_ROI_dbscan_centers,1369.0,1.0,0.0,0.0,0.0,1369.0,0.0,0.0,0.0,0.0
cell1_ROI_dbscan_centers,cell1_ROI_dbscan_centers,1370.0,1.0,0.0,0.0,0.0,1370.0,0.0,0.0,1.0,0.0
cell1_ROI_dbscan_centers,cell1_ROI_dbscan_centers,1371.0,0.0,0.0,0.0,0.0,1371.0,1.0,1.0,0.0,1.0
cell1_ROI_dbscan_centers,cell1_ROI_dbscan_centers,1372.0,1.0,0.0,0.0,0.0,1372.0,2.0,0.0,0.0,1.0
cell1_ROI_dbscan_centers,cell1_ROI_dbscan_centers,1373.0,0.0,0.0,0.0,0.0,1373.0,1.0,0.0,0.0,0.0
cell1_ROI_dbscan_centers,cell1_ROI_dbscan_centers,1374.0,0.0,0.0,0.0,0.0,1374.0,1.0,0.0,0.0,1.0
cell1_ROI_dbscan_centers,cell1_ROI_dbscan_centers,1375.0,1.0,0.0,1.0,0.0,1375.0,0.0,0.0,0.0,0.0
cell1_ROI_dbscan_centers,cell1_ROI_dbscan_centers,1376.0,0.0,0.0,0.0,0.0,1376.0,1.0,1.0,0.0,0.0
cell1_ROI_dbscan_centers,cell1_ROI_dbscan_centers,1377.0,0.0,0.0,0.0,0.0,1377.0,0.0,0.0,0.0,0.0
cell1_ROI_dbscan_centers,cell1_ROI_dbscan_centers,1378.0,1.0,0.0,2.0,0.0,1378.0,0.0,0.0,0.0,0.0
cell1_ROI_dbscan_centers,cell1_ROI_dbscan_centers,1379.0,1.0,0.0,0.0,0.0,1379.0,0.0,0.0,0.0,0.0
cell1_ROI_dbscan_centers,cell1_ROI_dbscan_centers,1380.0,2.0,0.0,0.0,0.0,1380.0,0.0,0.0,0.0,0.0
cell1_ROI_dbscan_centers,cell1_ROI_dbscan_centers,1381.0,0.0,0.0,0.0,0.0,1381.0,0.0,0.0,0.0,0.0
cell1_ROI_dbscan_centers,cell1_ROI_dbscan_centers,1382.0,1.0,0.0,0.0,0.0,1382.0,0.0,0.0,0.0,0.0
cell1_ROI_dbscan_centers,cell1_ROI_dbscan_centers,1383.0,0.0,0.0,0.0,0.0,1383.0,1.0,1.0,0.0,0.0
cell1_ROI_dbscan_centers,cell1_ROI_dbscan_centers,1384.0,0.0,0.0,0.0,0.0,1384.0,1.0,0.0,0.0,0.0
cell1_ROI_dbscan_centers,cell1_ROI_dbscan_centers,1385.0,1.0,0.0,0.0,0.0,1385.0,1.0,1.0,0.0,0.0
cell1_ROI_dbscan_centers,cell1_ROI_dbscan_centers,1386.0,1.0,0.0,0.0,0.0,1386.0,0.0,0.0,0.0,0.0
cell1_ROI_dbscan_centers,cell1_ROI_dbscan_centers,1387.0,1.0,0.0,0.0,0.0,1387.0,0.0,0.0,0.0,2.0
cell1_ROI_dbscan_centers,cell1_ROI_dbscan_centers,1388.0,1.0,0.0,0.0,0.0,1388.0,0.0,0.0,0.0,0.0
cell1_ROI_dbscan_centers,cell1_ROI_dbscan_centers,1389.0,1.0,0.0,0.0,0.0,1389.0,0.0,1.0,0.0,0.0
cell1_ROI_dbscan_centers,cell1_ROI_dbscan_centers,1390.0,1.0,0.0,0.0,0.0,1390.0,0.0,0.0,0.0,0.0
cell1_ROI_dbscan_centers,cell1_ROI_dbscan_centers,1391.0,0.0,0.0,0.0,0.0,1391.0,0.0,0.0,0.0,0.0
cell1_ROI_dbscan_centers,cell1_ROI_dbscan_centers,1392.0,0.0,0.0,0.0,0.0,1392.0,1.0,0.0,0.0,0.0
cell1_ROI_dbscan_centers,cell1_ROI_dbscan_centers,1393.0,1.0,0.0,2.0,0.0,1393.0,0.0,0.0,0.0,0.0
cell1_ROI_dbscan_centers,cell1_ROI_dbscan_centers,1394.0,0.0,0.0,0.0,0.0,1394.0,0.0,0.0,0.0,1.0
cell1_ROI_dbscan_centers,cell1_ROI_dbscan_centers,1395.0,0.0,0.0,0.0,0.0,1395.0,0.0,0.0,0.0,0.0
cell1_ROI_dbscan_centers,cell1_ROI_dbscan_centers,1396.0,0.0,0.0,0.0,0.0,1396.0,0.0,1.0,1.0,0.0
cell1_ROI_dbscan_centers,cell1_ROI_dbscan_centers,1397.0,0.0,0.0,0.0,0.0,1397.0,0.0,0.0,0.0,0.0
cell1_ROI_dbscan_centers,cell1_ROI_dbscan_centers,1398.0,1.0,0.0,1.0,0.0,1398.0,1.0,1.0,0.0,1.0
cell1_ROI_dbscan_centers,cell1_ROI_dbscan_centers,1399.0,1.0,0.0,0.0,0.0,1399.0,0.0,0.0,1.0,0.0
cell1_ROI_dbscan_centers,cell1_ROI_dbscan_centers,1400.0,0.0,0.0,0.0,0.0,1400.0,1.0,0.0,0.0,0.0
cell1_ROI_dbscan_centers,cell1_ROI_dbscan_centers,1401.0,0.0,0.0,0.0,0.0,1401.0,1.0,0.0,0.0,0.0
cell1_ROI_dbscan_centers,cell1_ROI_dbscan_centers,1402.0,2.0,0.0,0.0,0.0,1402.0,0.0,0.0,0.0,1.0
cell1_ROI_dbscan_centers,cell1_ROI_dbscan_centers,1403.0,3.0,0.0,0.0,0.0,1403.0,1.0,0.0,0.0,1.0
cell1_ROI_dbscan_centers,cell1_ROI_dbscan_centers,1404.0,1.0,0.0,0.0,0.0,1404.0,0.0,1.0,0.0,0.0
cell1_ROI_dbscan_centers,cell1_ROI_dbscan_centers,1405.0,1.0,0.0,0.0,0.0,1405.0,0.0,0.0,0.0,0.0
cell1_ROI_dbscan_centers,cell1_ROI_dbscan_centers,1406.0,0.0,0.0,0.0,0.0,1406.0,1.0,0.0,0.0,0.0
cell1_ROI_dbscan_centers,cell1_ROI_dbscan_centers,1407.0,0.0,0.0,0.0,0.0,1407.0,0.0,0.0,0.0,0.0
cell1_ROI_dbscan_centers,cell1_ROI_dbscan_centers,1408.0,2.0,0.0,1.0,0.0,1408.0,1.0,0.0,0.0,0.0
cell1_ROI_dbscan_centers,cell1_ROI_dbscan_centers,1409.0,2.0,0.0,0.0,0.0,1409.0,0.0,0.0,0.0,0.0
cell1_ROI_dbscan_centers,cell1_ROI_dbscan_centers,1410.0,1.0,0.0,0.0,0.0,1410.0,0.0,1.0,0.0,0.0
cell1_ROI_dbscan_centers,cell1_ROI_dbscan_centers,1411.0,0.0,0.0,0.0,0.0,1411.0,1.0,0.0,0.0,0.0
cell1_ROI_dbscan_centers,cell1_ROI_dbscan_centers,1412.0,1.0,0.0,0.0,0.0,1412.0,1.0,0.0,0.0,0.0
cell1_ROI_dbscan_centers,cell1_ROI_dbscan_centers,1413.0,0.0,0.0,0.0,0.0,1413.0,0.0,0.0,0.0,0.0
cell1_ROI_dbscan_centers,cell1_ROI_dbscan_centers,1414.0,2.0,0.0,0.0,0.0,1414.0,0.0,0.0,0.0,2.0
cell1_ROI_dbscan_centers,cell1_ROI_dbscan_centers,1415.0,0.0,0.0,0.0,0.0,1415.0,1.0,0.0,0.0,0.0
cell1_ROI_dbscan_centers,cell1_ROI_dbscan_centers,1416.0,1.0,0.0,0.0,0.0,1416.0,0.0,1.0,0.0,0.0
cell1_ROI_dbscan_centers,cell1_ROI_dbscan_centers,1417.0,0.0,0.0,1.0,0.0,1417.0,1.0,0.0,0.0,0.0
cell1_ROI_dbscan_centers,cell1_ROI_dbscan_centers,1418.0,1.0,0.0,0.0,1.0,1418.0,0.0,1.0,0.0,0.0
cell1_ROI_dbscan_centers,cell1_ROI_dbscan_centers,1419.0,0.0,0.0,0.0,0.0,1419.0,1.0,0.0,0.0,0.0
cell1_ROI_dbscan_centers,cell1_ROI_dbscan_centers,1420.0,1.0,0.0,0.0,0.0,1420.0,0.0,2.0,0.0,0.0
cell1_ROI_dbscan_centers,cell1_ROI_dbscan_centers,1421.0,0.0,0.0,0.0,0.0,1421.0,0.0,1.0,0.0,0.0
cell1_ROI_dbscan_centers,cell1_ROI_dbscan_centers,1422.0,2.0,0.0,0.0,0.0,1422.0,0.0,0.0,0.0,0.0
cell1_ROI_dbscan_centers,cell1_ROI_dbscan_centers,1423.0,0.0,0.0,0.0,0.0,1423.0,0.0,0.0,0.0,1.0
cell1_ROI_dbscan_centers,cell1_ROI_dbscan_centers,1424.0,0.0,0.0,0.0,0.0,1424.0,0.0,0.0,0.0,2.0
cell1_ROI_dbscan_centers,cell1_ROI_dbscan_centers,1425.0,1.0,0.0,0.0,0.0,1425.0,1.0,1.0,0.0,0.0
cell1_ROI_dbscan_centers,cell1_ROI_dbscan_centers,1426.0,0.0,0.0,0.0,0.0,1426.0,1.0,0.0,0.0,0.0
cell1_ROI_dbscan_centers,cell1_ROI_dbscan_centers,1427.0,0.0,0.0,0.0,0.0,1427.0,0.0,0.0,0.0,2.0
cell1_ROI_dbscan_centers,cell1_ROI_dbscan_centers,1428.0,1.0,0.0,0.0,0.0,1428.0,1.0,1.0,0.0,0.0
cell1_ROI_dbscan_centers,cell1_ROI_dbscan_centers,1429.0,0.0,0.0,0.0,0.0,1429.0,0.0,0.0,0.0,0.0
cell1_ROI_dbscan_centers,cell1_ROI_dbscan_centers,1430.0,0.0,0.0,0.0,0.0,1430.0,1.0,0.0,0.0,0.0
cell1_ROI_dbscan_centers,cell1_ROI_dbscan_centers,1431.0,1.0,0.0,1.0,0.0,1431.0,0.0,0.0,0.0,1.0
cell1_ROI_dbscan_centers,cell1_ROI_dbscan_centers,1432.0,1.0,0.0,0.0,0.0,1432.0,0.0,0.0,0.0,0.0
cell1_ROI_dbscan_centers,cell1_ROI_dbscan_centers,1433.0,0.0,0.0,0.0,0.0,1433.0,1.0,0.0,0.0,0.0
cell1_ROI_dbscan_centers,cell1_ROI_dbscan_centers,1434.0,1.0,0.0,0.0,0.0,1434.0,1.0,0.0,0.0,0.0
cell1_ROI_dbscan_centers,cell1_ROI_dbscan_centers,1435.0,0.0,0.0,0.0,0.0,1435.0,0.0,1.0,0.0,0.0
cell1_ROI_dbscan_centers,cell1_ROI_dbscan_centers,1436.0,0.0,0.0,0.0,0.0,1436.0,0.0,1.0,0.0,0.0
cell1_ROI_dbscan_centers,cell1_ROI_dbscan_centers,1437.0,1.0,0.0,0.0,0.0,1437.0,1.0,0.0,0.0,0.0
cell1_ROI_dbscan_centers,cell1_ROI_dbscan_centers,1438.0,1.0,0.0,1.0,1.0,1438.0,0.0,0.0,1.0,0.0
cell1_ROI_dbscan_centers,cell1_ROI_dbscan_centers,1439.0,0.0,0.0,0.0,0.0,1439.0,0.0,0.0,0.0,0.0
cell1_ROI_dbscan_centers,cell1_ROI_dbscan_centers,1440.0,1.0,0.0,1.0,0.0,1440.0,0.0,1.0,0.0,0.0
cell1_ROI_dbscan_centers,cell1_ROI_dbscan_centers,1441.0,1.0,0.0,0.0,0.0,1441.0,0.0,0.0,0.0,0.0
cell1_ROI_dbscan_centers,cell1_ROI_dbscan_centers,1442.0,1.0,0.0,0.0,1.0,1442.0,0.0,0.0,0.0,0.0
cell1_ROI_dbscan_centers,cell1_ROI_dbscan_centers,1443.0,0.0,0.0,0.0,0.0,1443.0,0.0,1.0,0.0,1.0
cell1_ROI_dbscan_centers,cell1_ROI_dbscan_centers,1444.0,0.0,0.0,0.0,0.0,1444.0,0.0,0.0,0.0,1.0
cell1_ROI_dbscan_centers,cell1_ROI_dbscan_centers,1445.0,0.0,0.0,0.0,0.0,1445.0,0.0,1.0,0.0,0.0
cell1_ROI_dbscan_centers,cell1_ROI_dbscan_centers,1446.0,0.0,0.0,0.0,0.0,1446.0,0.0,2.0,0.0,0.0
cell1_ROI_dbscan_centers,cell1_ROI_dbscan_centers,1447.0,0.0,0.0,0.0,0.0,1447.0,0.0,1.0,0.0,0.0
cell1_ROI_dbscan_centers,cell1_ROI_dbscan_centers,1448.0,0.0,0.0,0.0,0.0,1448.0,1.0,0.0,0.0,0.0
cell1_ROI_dbscan_centers,cell1_ROI_dbscan_centers,1449.0,1.0,0.0,1.0,0.0,1449.0,0.0,0.0,0.0,0.0
cell1_ROI_dbscan_centers,cell1_ROI_dbscan_centers,1450.0,2.0,0.0,1.0,0.0,1450.0,0.0,0.0,0.0,0.0
cell1_ROI_dbscan_centers,cell1_ROI_dbscan_centers,1451.0,0.0,0.0,0.0,0.0,1451.0,1.0,0.0,0.0,0.0
cell1_ROI_dbscan_centers,cell1_ROI_dbscan_centers,1452.0,1.0,0.0,0.0,0.0,1452.0,1.0,0.0,0.0,0.0
cell1_ROI_dbscan_centers,cell1_ROI_dbscan_centers,1453.0,1.0,0.0,0.0,0.0,1453.0,0.0,0.0,0.0,1.0
cell1_ROI_dbscan_centers,cell1_ROI_dbscan_centers,1454.0,0.0,0.0,0.0,0.0,1454.0,0.0,0.0,0.0,0.0
cell1_ROI_dbscan_centers,cell1_ROI_dbscan_centers,1455.0,1.0,0.0,0.0,0.0,1455.0,1.0,0.0,0.0,0.0
cell1_ROI_dbscan_centers,cell1_ROI_dbscan_centers,1456.0,0.0,0.0,0.0,1.0,1456.0,0.0,0.0,1.0,1.0
cell1_ROI_dbscan_centers,cell1_ROI_dbscan_centers,1457.0,2.0,0.0,1.0,0.0,1457.0,1.0,0.0,0.0,1.0
cell1_ROI_dbscan_centers,cell1_ROI_dbscan_centers,1458.0,1.0,0.0,0.0,0.0,1458.0,0.0,0.0,0.0,0.0
cell1_ROI_dbscan_centers,cell1_ROI_dbscan_centers,1459.0,1.0,0.0,0.0,0.0,1459.0,0.0,0.0,0.0,0.0
cell1_ROI_dbscan_centers,cell1_ROI_dbscan_centers,1460.0,0.0,0.0,0.0,0.0,1460.0,0.0,0.0,0.0,0.0
cell1_ROI_dbscan_centers,cell1_ROI_dbscan_centers,1461.0,1.0,0.0,1.0,0.0,1461.0,1.0,0.0,0.0,0.0
cell1_ROI_dbscan_centers,cell1_ROI_dbscan_centers,1462.0,0.0,0.0,0.0,0.0,1462.0,0.0,0.0,0.0,0.0
cell1_ROI_dbscan_centers,cell1_ROI_dbscan_centers,1463.0,0.0,0.0,0.0,0.0,1463.0,0.0,0.0,0.0,0.0
cell1_ROI_dbscan_centers,cell1_ROI_dbscan_centers,1464.0,1.0,0.0,0.0,0.0,1464.0,0.0,0.0,0.0,0.0
cell1_ROI_dbscan_centers,cell1_ROI_dbscan_centers,1465.0,1.0,0.0,0.0,0.0,1465.0,0.0,0.0,0.0,0.0
cell1_ROI_dbscan_centers,cell1_ROI_dbscan_centers,1466.0,2.0,0.0,0.0,0.0,1466.0,0.0,0.0,0.0,0.0
cell1_ROI_dbscan_centers,cell1_ROI_dbscan_centers,1467.0,0.0,0.0,0.0,0.0,1467.0,1.0,0.0,0.0,0.0
cell1_ROI_dbscan_centers,cell1_ROI_dbscan_centers,1468.0,1.0,0.0,0.0,0.0,1468.0,0.0,1.0,0.0,0.0
cell1_ROI_dbscan_centers,cell1_ROI_dbscan_centers,1469.0,1.0,0.0,0.0,0.0,1469.0,1.0,0.0,0.0,0.0
cell1_ROI_dbscan_centers,cell1_ROI_dbscan_centers,1470.0,0.0,0.0,0.0,0.0,1470.0,0.0,0.0,0.0,0.0
cell1_ROI_dbscan_centers,cell1_ROI_dbscan_centers,1471.0,1.0,0.0,0.0,0.0,1471.0,0.0,0.0,0.0,1.0
cell1_ROI_dbscan_centers,cell1_ROI_dbscan_centers,1472.0,2.0,0.0,0.0,0.0,1472.0,1.0,1.0,0.0,0.0
cell1_ROI_dbscan_centers,cell1_ROI_dbscan_centers,1473.0,2.0,0.0,0.0,0.0,1473.0,0.0,0.0,0.0,0.0
cell1_ROI_dbscan_centers,cell1_ROI_dbscan_centers,1474.0,0.0,0.0,0.0,0.0,1474.0,0.0,1.0,0.0,0.0
cell1_ROI_dbscan_centers,cell1_ROI_dbscan_centers,1475.0,0.0,0.0,0.0,0.0,1475.0,0.0,0.0,0.0,0.0
cell1_ROI_dbscan_centers,cell1_ROI_dbscan_centers,1476.0,0.0,0.0,1.0,0.0,1476.0,1.0,2.0,0.0,2.0
cell1_ROI_dbscan_centers,cell1_ROI_dbscan_centers,1477.0,0.0,0.0,0.0,0.0,1477.0,0.0,0.0,0.0,0.0
cell1_ROI_dbscan_centers,cell1_ROI_dbscan_centers,1478.0,1.0,0.0,0.0,0.0,1478.0,0.0,2.0,0.0,1.0
cell1_ROI_dbscan_centers,cell1_ROI_dbscan_centers,1479.0,1.0,0.0,0.0,0.0,1479.0,1.0,0.0,0.0,0.0
cell1_ROI_dbscan_centers,cell1_ROI_dbscan_centers,1480.0,1.0,0.0,1.0,0.0,1480.0,1.0,1.0,0.0,0.0
cell1_ROI_dbscan_centers,cell1_ROI_dbscan_centers,1481.0,1.0,0.0,0.0,0.0,1481.0,0.0,0.0,0.0,0.0
cell1_ROI_dbscan_centers,cell1_ROI_dbscan_centers,1482.0,0.0,0.0,0.0,0.0,1482.0,0.0,0.0,0.0,0.0
cell1_ROI_dbscan_centers,cell1_ROI_dbscan_centers,1483.0,1.0,0.0,0.0,0.0,1483.0,1.0,1.0,0.0,0.0
cell1_ROI_dbscan_centers,cell1_ROI_dbscan_centers,1484.0,1.0,0.0,0.0,0.0,1484.0,1.0,0.0,0.0,1.0
cell1_ROI_dbscan_centers,cell1_ROI_dbscan_centers,1485.0,1.0,0.0,0.0,1.0,1485.0,0.0,0.0,0.0,0.0
cell1_ROI_dbscan_centers,cell1_ROI_dbscan_centers,1486.0,1.0,0.0,0.0,0.0,1486.0,0.0,1.0,0.0,1.0
cell1_ROI_dbscan_centers,cell1_ROI_dbscan_centers,1487.0,1.0,0.0,0.0,0.0,1487.0,1.0,0.0,0.0,0.0
cell1_ROI_dbscan_centers,cell1_ROI_dbscan_centers,1488.0,0.0,0.0,0.0,0.0,1488.0,0.0,1.0,1.0,0.0
cell1_ROI_dbscan_centers,cell1_ROI_dbscan_centers,1489.0,0.0,0.0,0.0,0.0,1489.0,0.0,0.0,0.0,0.0
cell1_ROI_dbscan_centers,cell1_ROI_dbscan_centers,1490.0,2.0,0.0,0.0,0.0,1490.0,1.0,1.0,0.0,0.0
cell1_ROI_dbscan_centers,cell1_ROI_dbscan_centers,1491.0,1.0,0.0,0.0,0.0,1491.0,1.0,1.0,0.0,0.0
cell1_ROI_dbscan_centers,cell1_ROI_dbscan_centers,1492.0,1.0,0.0,0.0,0.0,1492.0,0.0,0.0,0.0,1.0
cell1_ROI_dbscan_centers,cell1_ROI_dbscan_centers,1493.0,1.0,0.0,0.0,0.0,1493.0,0.0,0.0,0.0,1.0
cell1_ROI_dbscan_centers,cell1_ROI_dbscan_centers,1494.0,2.0,0.0,0.0,1.0,1494.0,0.0,1.0,0.0,0.0
cell1_ROI_dbscan_centers,cell1_ROI_dbscan_centers,1495.0,1.0,0.0,1.0,0.0,1495.0,0.0,0.0,0.0,0.0
cell1_ROI_dbscan_centers,cell1_ROI_dbscan_centers,1496.0,0.0,0.0,0.0,0.0,1496.0,1.0,0.0,0.0,0.0
cell1_ROI_dbscan_centers,cell1_ROI_dbscan_centers,1497.0,1.0,0.0,0.0,0.0,1497.0,0.0,1.0,0.0,0.0
cell1_ROI_dbscan_centers,cell1_ROI_dbscan_centers,1498.0,0.0,0.0,0.0,0.0,1498.0,0.0,0.0,0.0,1.0
cell1_ROI_dbscan_centers,cell1_ROI_dbscan_centers,1499.0,0.0,0.0,0.0,0.0,1499.0,0.0,0.0,0.0,2.0
cell1_ROI_dbscan_centers,cell1_ROI_dbscan_centers,1500.0,0.0,0.0,0.0,0.0,1500.0,0.0,1.0,0.0,0.0
cell1_ROI_dbscan_centers,cell1_ROI_dbscan_centers,1501.0,2.0,0.0,0.0,0.0,1501.0,0.0,0.0,0.0,1.0
cell1_ROI_dbscan_centers,cell1_ROI_dbscan_centers,1502.0,1.0,1.0,1.0,0.0,1502.0,0.0,1.0,0.0,0.0
cell1_ROI_dbscan_centers,cell1_ROI_dbscan_centers,1503.0,0.0,0.0,0.0,0.0,1503.0,0.0,0.0,0.0,0.0
cell1_ROI_dbscan_centers,cell1_ROI_dbscan_centers,1504.0,1.0,0.0,0.0,1.0,1504.0,0.0,1.0,0.0,0.0
cell1_ROI_dbscan_centers,cell1_ROI_dbscan_centers,1505.0,2.0,0.0,0.0,0.0,1505.0,0.0,0.0,0.0,0.0
cell1_ROI_dbscan_centers,cell1_ROI_dbscan_centers,1506.0,0.0,0.0,0.0,0.0,1506.0,2.0,0.0,0.0,0.0
cell1_ROI_dbscan_centers,cell1_ROI_dbscan_centers,1507.0,2.0,0.0,1.0,0.0,1507.0,1.0,0.0,0.0,0.0
cell1_ROI_dbscan_centers,cell1_ROI_dbscan_centers,1508.0,1.0,0.0,0.0,0.0,1508.0,1.0,1.0,0.0,0.0
cell1_ROI_dbscan_centers,cell1_ROI_dbscan_centers,1509.0,2.0,0.0,0.0,0.0,1509.0,0.0,0.0,0.0,0.0
cell1_ROI_dbscan_centers,cell1_ROI_dbscan_centers,1510.0,0.0,0.0,0.0,0.0,1510.0,0.0,1.0,0.0,0.0
cell1_ROI_dbscan_centers,cell1_ROI_dbscan_centers,1511.0,1.0,0.0,1.0,0.0,1511.0,1.0,1.0,0.0,1.0
cell1_ROI_dbscan_centers,cell1_ROI_dbscan_centers,1512.0,1.0,0.0,0.0,0.0,1512.0,0.0,0.0,0.0,0.0
cell1_ROI_dbscan_centers,cell1_ROI_dbscan_centers,1513.0,0.0,0.0,0.0,0.0,1513.0,0.0,0.0,0.0,0.0
cell1_ROI_dbscan_centers,cell1_ROI_dbscan_centers,1514.0,1.0,1.0,0.0,0.0,1514.0,0.0,0.0,1.0,0.0
cell1_ROI_dbscan_centers,cell1_ROI_dbscan_centers,1515.0,1.0,0.0,1.0,0.0,1515.0,1.0,0.0,0.0,0.0
cell1_ROI_dbscan_centers,cell1_ROI_dbscan_centers,1516.0,0.0,0.0,0.0,0.0,1516.0,0.0,0.0,0.0,0.0
cell1_ROI_dbscan_centers,cell1_ROI_dbscan_centers,1517.0,1.0,0.0,1.0,0.0,1517.0,1.0,0.0,0.0,0.0
cell1_ROI_dbscan_centers,cell1_ROI_dbscan_centers,1518.0,0.0,0.0,1.0,0.0,1518.0,0.0,0.0,0.0,0.0
cell1_ROI_dbscan_centers,cell1_ROI_dbscan_centers,1519.0,0.0,0.0,0.0,0.0,1519.0,1.0,0.0,1.0,0.0
cell1_ROI_dbscan_centers,cell1_ROI_dbscan_centers,1520.0,1.0,0.0,0.0,0.0,1520.0,0.0,1.0,0.0,1.0
cell1_ROI_dbscan_centers,cell1_ROI_dbscan_centers,1521.0,1.0,0.0,0.0,0.0,1521.0,0.0,0.0,0.0,0.0
cell1_ROI_dbscan_centers,cell1_ROI_dbscan_centers,1522.0,1.0,0.0,0.0,0.0,1522.0,0.0,0.0,0.0,0.0
cell1_ROI_dbscan_centers,cell1_ROI_dbscan_centers,1523.0,0.0,0.0,0.0,0.0,1523.0,0.0,0.0,1.0,1.0
cell1_ROI_dbscan_centers,cell1_ROI_dbscan_centers,1524.0,0.0,0.0,0.0,0.0,1524.0,1.0,0.0,0.0,0.0
cell1_ROI_dbscan_centers,cell1_ROI_dbscan_centers,1525.0,1.0,0.0,0.0,0.0,1525.0,1.0,0.0,0.0,0.0
cell1_ROI_dbscan_centers,cell1_ROI_dbscan_centers,1526.0,0.0,0.0,0.0,0.0,1526.0,0.0,0.0,0.0,0.0
cell1_ROI_dbscan_centers,cell1_ROI_dbscan_centers,1527.0,0.0,0.0,0.0,1.0,1527.0,0.0,0.0,0.0,0.0
cell1_ROI_dbscan_centers,cell1_ROI_dbscan_centers,1528.0,1.0,0.0,1.0,0.0,1528.0,0.0,0.0,0.0,0.0
cell1_ROI_dbscan_centers,cell1_ROI_dbscan_centers,1529.0,1.0,0.0,0.0,0.0,1529.0,0.0,0.0,1.0,2.0
cell1_ROI_dbscan_centers,cell1_ROI_dbscan_centers,1530.0,1.0,0.0,0.0,0.0,1530.0,0.0,0.0,0.0,0.0
cell1_ROI_dbscan_centers,cell1_ROI_dbscan_centers,1531.0,0.0,0.0,0.0,0.0,1531.0,0.0,1.0,1.0,0.0
cell1_ROI_dbscan_centers,cell1_ROI_dbscan_centers,1532.0,0.0,0.0,0.0,0.0,1532.0,1.0,0.0,0.0,0.0
cell1_ROI_dbscan_centers,cell1_ROI_dbscan_centers,1533.0,1.0,0.0,1.0,0.0,1533.0,0.0,0.0,0.0,1.0
cell1_ROI_dbscan_centers,cell1_ROI_dbscan_centers,1534.0,0.0,0.0,0.0,0.0,1534.0,1.0,0.0,0.0,0.0
cell1_ROI_dbscan_centers,cell1_ROI_dbscan_centers,1535.0,0.0,0.0,0.0,0.0,1535.0,0.0,1.0,0.0,0.0
cell1_ROI_dbscan_centers,cell1_ROI_dbscan_centers,1536.0,0.0,0.0,0.0,0.0,1536.0,1.0,0.0,0.0,0.0
cell1_ROI_dbscan_centers,cell1_ROI_dbscan_centers,1537.0,0.0,0.0,0.0,0.0,1537.0,1.0,1.0,0.0,0.0
cell1_ROI_dbscan_centers,cell1_ROI_dbscan_centers,1538.0,0.0,0.0,0.0,0.0,1538.0,0.0,0.0,0.0,0.0
cell1_ROI_dbscan_centers,cell1_ROI_dbscan_centers,1539.0,1.0,0.0,0.0,0.0,1539.0,0.0,0.0,0.0,0.0
cell1_ROI_dbscan_centers,cell1_ROI_dbscan_centers,1540.0,0.0,0.0,0.0,0.0,1540.0,1.0,0.0,0.0,1.0
cell1_ROI_dbscan_centers,cell1_ROI_dbscan_centers,1541.0,0.0,0.0,0.0,0.0,1541.0,1.0,0.0,0.0,0.0
cell1_ROI_dbscan_centers,cell1_ROI_dbscan_centers,1542.0,0.0,0.0,0.0,0.0,1542.0,1.0,0.0,0.0,0.0
cell1_ROI_dbscan_centers,cell1_ROI_dbscan_centers,1543.0,0.0,0.0,0.0,0.0,1543.0,0.0,0.0,0.0,0.0
cell1_ROI_dbscan_centers,cell1_ROI_dbscan_centers,1544.0,0.0,0.0,0.0,0.0,1544.0,0.0,0.0,0.0,0.0
cell1_ROI_dbscan_centers,cell1_ROI_dbscan_centers,1545.0,0.0,0.0,0.0,0.0,1545.0,0.0,0.0,0.0,1.0
cell1_ROI_dbscan_centers,cell1_ROI_dbscan_centers,1546.0,0.0,0.0,0.0,1.0,1546.0,0.0,0.0,0.0,0.0
cell1_ROI_dbscan_centers,cell1_ROI_dbscan_centers,1547.0,2.0,0.0,1.0,1.0,1547.0,1.0,0.0,0.0,0.0
cell1_ROI_dbscan_centers,cell1_ROI_dbscan_centers,1548.0,0.0,0.0,0.0,0.0,1548.0,0.0,0.0,0.0,0.0
cell1_ROI_dbscan_centers,cell1_ROI_dbscan_centers,1549.0,0.0,0.0,0.0,0.0,1549.0,0.0,0.0,0.0,0.0
cell1_ROI_dbscan_centers,cell1_ROI_dbscan_centers,1550.0,0.0,0.0,0.0,1.0,1550.0,1.0,0.0,0.0,0.0
cell1_ROI_dbscan_centers,cell1_ROI_dbscan_centers,1551.0,2.0,0.0,0.0,0.0,1551.0,0.0,0.0,0.0,1.0
cell1_ROI_dbscan_centers,cell1_ROI_dbscan_centers,1552.0,0.0,0.0,0.0,0.0,1552.0,1.0,0.0,0.0,0.0
cell1_ROI_dbscan_centers,cell1_ROI_dbscan_centers,1553.0,0.0,0.0,0.0,0.0,1553.0,0.0,0.0,0.0,0.0
cell1_ROI_dbscan_centers,cell1_ROI_dbscan_centers,1554.0,1.0,0.0,0.0,0.0,1554.0,1.0,1.0,1.0,0.0
cell1_ROI_dbscan_centers,cell1_ROI_dbscan_centers,1555.0,0.0,0.0,1.0,0.0,1555.0,0.0,0.0,0.0,0.0
cell1_ROI_dbscan_centers,cell1_ROI_dbscan_centers,1556.0,1.0,0.0,0.0,0.0,1556.0,0.0,1.0,0.0,0.0
cell1_ROI_dbscan_centers,cell1_ROI_dbscan_centers,1557.0,0.0,0.0,0.0,0.0,1557.0,0.0,0.0,0.0,0.0
cell1_ROI_dbscan_centers,cell1_ROI_dbscan_centers,1558.0,1.0,0.0,0.0,0.0,1558.0,1.0,0.0,0.0,1.0
cell1_ROI_dbscan_centers,cell1_ROI_dbscan_centers,1559.0,0.0,0.0,0.0,0.0,1559.0,0.0,1.0,0.0,1.0
cell1_ROI_dbscan_centers,cell1_ROI_dbscan_centers,1560.0,0.0,0.0,0.0,0.0,1560.0,0.0,0.0,0.0,0.0
cell1_ROI_dbscan_centers,cell1_ROI_dbscan_centers,1561.0,3.0,0.0,0.0,0.0,1561.0,0.0,0.0,0.0,0.0
cell1_ROI_dbscan_centers,cell1_ROI_dbscan_centers,1562.0,1.0,0.0,0.0,0.0,1562.0,0.0,0.0,0.0,0.0
cell1_ROI_dbscan_centers,cell1_ROI_dbscan_centers,1563.0,1.0,0.0,0.0,0.0,1563.0,0.0,0.0,0.0,0.0
cell1_ROI_dbscan_centers,cell1_ROI_dbscan_centers,1564.0,1.0,0.0,0.0,0.0,1564.0,0.0,0.0,1.0,0.0
cell1_ROI_dbscan_centers,cell1_ROI_dbscan_centers,1565.0,0.0,0.0,0.0,0.0,1565.0,1.0,0.0,0.0,0.0
cell1_ROI_dbscan_centers,cell1_ROI_dbscan_centers,1566.0,0.0,0.0,0.0,0.0,1566.0,0.0,0.0,0.0,0.0
cell1_ROI_dbscan_centers,cell1_ROI_dbscan_centers,1567.0,0.0,0.0,0.0,0.0,1567.0,0.0,0.0,0.0,0.0
cell1_ROI_dbscan_centers,cell1_ROI_dbscan_centers,1568.0,1.0,0.0,0.0,0.0,1568.0,0.0,1.0,0.0,0.0
cell1_ROI_dbscan_centers,cell1_ROI_dbscan_centers,1569.0,0.0,0.0,1.0,0.0,1569.0,0.0,0.0,0.0,0.0
cell1_ROI_dbscan_centers,cell1_ROI_dbscan_centers,1570.0,1.0,0.0,0.0,0.0,1570.0,0.0,1.0,0.0,0.0
cell1_ROI_dbscan_centers,cell1_ROI_dbscan_centers,1571.0,1.0,0.0,0.0,0.0,1571.0,1.0,0.0,0.0,0.0
cell1_ROI_dbscan_centers,cell1_ROI_dbscan_centers,1572.0,1.0,0.0,0.0,1.0,1572.0,1.0,0.0,0.0,0.0
cell1_ROI_dbscan_centers,cell1_ROI_dbscan_centers,1573.0,1.0,0.0,1.0,0.0,1573.0,1.0,0.0,1.0,0.0
cell1_ROI_dbscan_centers,cell1_ROI_dbscan_centers,1574.0,1.0,0.0,0.0,0.0,1574.0,0.0,0.0,0.0,0.0
cell1_ROI_dbscan_centers,cell1_ROI_dbscan_centers,1575.0,1.0,0.0,0.0,0.0,1575.0,1.0,0.0,0.0,0.0
cell1_ROI_dbscan_centers,cell1_ROI_dbscan_centers,1576.0,1.0,0.0,0.0,1.0,1576.0,0.0,0.0,0.0,0.0
cell1_ROI_dbscan_centers,cell1_ROI_dbscan_centers,1577.0,0.0,0.0,0.0,0.0,1577.0,0.0,0.0,0.0,0.0
cell1_ROI_dbscan_centers,cell1_ROI_dbscan_centers,1578.0,0.0,0.0,0.0,0.0,1578.0,0.0,0.0,0.0,0.0
cell1_ROI_dbscan_centers,cell1_ROI_dbscan_centers,1579.0,0.0,0.0,0.0,0.0,1579.0,0.0,0.0,0.0,0.0
cell1_ROI_dbscan_centers,cell1_ROI_dbscan_centers,1580.0,0.0,0.0,0.0,0.0,1580.0,1.0,0.0,0.0,0.0
cell1_ROI_dbscan_centers,cell1_ROI_dbscan_centers,1581.0,0.0,0.0,0.0,0.0,1581.0,1.0,0.0,0.0,2.0
cell1_ROI_dbscan_centers,cell1_ROI_dbscan_centers,1582.0,0.0,0.0,1.0,0.0,1582.0,0.0,0.0,0.0,0.0
cell1_ROI_dbscan_centers,cell1_ROI_dbscan_centers,1583.0,0.0,0.0,0.0,1.0,1583.0,0.0,0.0,0.0,0.0
cell1_ROI_dbscan_centers,cell1_ROI_dbscan_centers,1584.0,0.0,0.0,0.0,0.0,1584.0,1.0,0.0,0.0,0.0
cell1_ROI_dbscan_centers,cell1_ROI_dbscan_centers,1585.0,0.0,0.0,1.0,0.0,1585.0,0.0,0.0,0.0,0.0
cell1_ROI_dbscan_centers,cell1_ROI_dbscan_centers,1586.0,0.0,0.0,0.0,0.0,1586.0,0.0,0.0,0.0,0.0
cell1_ROI_dbscan_centers,cell1_ROI_dbscan_centers,1587.0,0.0,0.0,3.0,0.0,1587.0,1.0,0.0,0.0,0.0
cell1_ROI_dbscan_centers,cell1_ROI_dbscan_centers,1588.0,1.0,0.0,0.0,0.0,1588.0,0.0,0.0,0.0,0.0
cell1_ROI_dbscan_centers,cell1_ROI_dbscan_centers,1589.0,0.0,0.0,0.0,0.0,1589.0,1.0,0.0,0.0,0.0
cell1_ROI_dbscan_centers,cell1_ROI_dbscan_centers,1590.0,0.0,0.0,0.0,0.0,1590.0,1.0,0.0,0.0,0.0
cell1_ROI_dbscan_centers,cell1_ROI_dbscan_centers,1591.0,1.0,0.0,0.0,1.0,1591.0,1.0,0.0,0.0,0.0
cell1_ROI_dbscan_centers,cell1_ROI_dbscan_centers,1592.0,2.0,0.0,0.0,1.0,1592.0,0.0,0.0,1.0,1.0
cell1_ROI_dbscan_centers,cell1_ROI_dbscan_centers,1593.0,1.0,0.0,0.0,0.0,1593.0,0.0,0.0,0.0,2.0
cell1_ROI_dbscan_centers,cell1_ROI_dbscan_centers,1594.0,1.0,0.0,0.0,0.0,1594.0,0.0,0.0,0.0,0.0
cell1_ROI_dbscan_centers,cell1_ROI_dbscan_centers,1595.0,0.0,0.0,0.0,0.0,1595.0,0.0,0.0,0.0,0.0
cell1_ROI_dbscan_centers,cell1_ROI_dbscan_centers,1596.0,1.0,0.0,0.0,0.0,1596.0,0.0,0.0,0.0,1.0
cell1_ROI_dbscan_centers,cell1_ROI_dbscan_centers,1597.0,1.0,0.0,0.0,0.0,1597.0,0.0,0.0,0.0,0.0
cell1_ROI_dbscan_centers,cell1_ROI_dbscan_centers,1598.0,1.0,0.0,1.0,0.0,1598.0,0.0,1.0,0.0,0.0
cell1_ROI_dbscan_centers,cell1_ROI_dbscan_centers,1599.0,2.0,0.0,0.0,0.0,1599.0,0.0,0.0,0.0,0.0
cell1_ROI_dbscan_centers,cell1_ROI_dbscan_centers,1600.0,0.0,0.0,0.0,0.0,1600.0,0.0,0.0,0.0,1.0
cell1_ROI_dbscan_centers,cell1_ROI_dbscan_centers,1601.0,0.0,0.0,0.0,0.0,1601.0,1.0,0.0,0.0,1.0
cell1_ROI_dbscan_centers,cell1_ROI_dbscan_centers,1602.0,0.0,0.0,0.0,0.0,1602.0,1.0,0.0,0.0,0.0
cell1_ROI_dbscan_centers,cell1_ROI_dbscan_centers,1603.0,1.0,0.0,0.0,0.0,1603.0,1.0,0.0,0.0,0.0
cell1_ROI_dbscan_centers,cell1_ROI_dbscan_centers,1604.0,0.0,0.0,0.0,0.0,1604.0,0.0,1.0,0.0,1.0
cell1_ROI_dbscan_centers,cell1_ROI_dbscan_centers,1605.0,0.0,0.0,0.0,0.0,1605.0,0.0,0.0,0.0,0.0
cell1_ROI_dbscan_centers,cell1_ROI_dbscan_centers,1606.0,1.0,0.0,0.0,0.0,1606.0,0.0,0.0,0.0,0.0
cell1_ROI_dbscan_centers,cell1_ROI_dbscan_centers,1607.0,2.0,0.0,0.0,0.0,1607.0,0.0,0.0,0.0,0.0
cell1_ROI_dbscan_centers,cell1_ROI_dbscan_centers,1608.0,0.0,0.0,0.0,0.0,1608.0,0.0,0.0,0.0,0.0
cell1_ROI_dbscan_centers,cell1_ROI_dbscan_centers,1609.0,0.0,0.0,1.0,0.0,1609.0,0.0,0.0,0.0,1.0
cell1_ROI_dbscan_centers,cell1_ROI_dbscan_centers,1610.0,1.0,0.0,1.0,0.0,1610.0,0.0,0.0,0.0,0.0
cell1_ROI_dbscan_centers,cell1_ROI_dbscan_centers,1611.0,0.0,0.0,0.0,0.0,1611.0,1.0,0.0,0.0,0.0
cell1_ROI_dbscan_centers,cell1_ROI_dbscan_centers,1612.0,1.0,0.0,0.0,0.0,1612.0,0.0,0.0,0.0,0.0
cell1_ROI_dbscan_centers,cell1_ROI_dbscan_centers,1613.0,0.0,0.0,0.0,0.0,1613.0,1.0,0.0,0.0,0.0
cell1_ROI_dbscan_centers,cell1_ROI_dbscan_centers,1614.0,0.0,0.0,0.0,0.0,1614.0,1.0,0.0,0.0,0.0
cell1_ROI_dbscan_centers,cell1_ROI_dbscan_centers,1615.0,1.0,0.0,0.0,0.0,1615.0,1.0,2.0,0.0,0.0
cell1_ROI_dbscan_centers,cell1_ROI_dbscan_centers,1616.0,0.0,0.0,1.0,0.0,1616.0,0.0,0.0,0.0,0.0
cell1_ROI_dbscan_centers,cell1_ROI_dbscan_centers,1617.0,0.0,0.0,0.0,0.0,1617.0,0.0,1.0,0.0,0.0
cell1_ROI_dbscan_centers,cell1_ROI_dbscan_centers,1618.0,0.0,0.0,0.0,0.0,1618.0,0.0,0.0,0.0,0.0
cell1_ROI_dbscan_centers,cell1_ROI_dbscan_centers,1619.0,0.0,0.0,1.0,0.0,1619.0,0.0,0.0,0.0,0.0
cell1_ROI_dbscan_centers,cell1_ROI_dbscan_centers,1620.0,1.0,0.0,0.0,0.0,1620.0,0.0,0.0,0.0,0.0
cell1_ROI_dbscan_centers,cell1_ROI_dbscan_centers,1621.0,0.0,0.0,1.0,0.0,1621.0,0.0,1.0,0.0,0.0
cell1_ROI_dbscan_centers,cell1_ROI_dbscan_centers,1622.0,0.0,0.0,0.0,0.0,1622.0,0.0,0.0,1.0,0.0
cell1_ROI_dbscan_centers,cell1_ROI_dbscan_centers,1623.0,1.0,0.0,1.0,0.0,1623.0,0.0,1.0,0.0,0.0
cell1_ROI_dbscan_centers,cell1_ROI_dbscan_centers,1624.0,1.0,0.0,0.0,0.0,1624.0,0.0,0.0,0.0,0.0
cell1_ROI_dbscan_centers,cell1_ROI_dbscan_centers,1625.0,2.0,0.0,0.0,0.0,1625.0,1.0,0.0,0.0,0.0
cell1_ROI_dbscan_centers,cell1_ROI_dbscan_centers,1626.0,1.0,0.0,1.0,0.0,1626.0,0.0,0.0,0.0,0.0
cell1_ROI_dbscan_centers,cell1_ROI_dbscan_centers,1627.0,0.0,0.0,0.0,0.0,1627.0,0.0,1.0,0.0,0.0
cell1_ROI_dbscan_centers,cell1_ROI_dbscan_centers,1628.0,0.0,0.0,1.0,0.0,1628.0,0.0,0.0,0.0,0.0
cell1_ROI_dbscan_centers,cell1_ROI_dbscan_centers,1629.0,0.0,0.0,0.0,0.0,1629.0,0.0,0.0,0.0,0.0
cell1_ROI_dbscan_centers,cell1_ROI_dbscan_centers,1630.0,1.0,0.0,0.0,0.0,1630.0,0.0,0.0,0.0,0.0
cell1_ROI_dbscan_centers,cell1_ROI_dbscan_centers,1631.0,1.0,0.0,0.0,0.0,1631.0,0.0,0.0,0.0,0.0
cell1_ROI_dbscan_centers,cell1_ROI_dbscan_centers,1632.0,1.0,0.0,1.0,0.0,1632.0,1.0,0.0,0.0,0.0
cell1_ROI_dbscan_centers,cell1_ROI_dbscan_centers,1633.0,1.0,0.0,0.0,0.0,1633.0,1.0,1.0,0.0,0.0
cell1_ROI_dbscan_centers,cell1_ROI_dbscan_centers,1634.0,1.0,0.0,0.0,0.0,1634.0,1.0,0.0,0.0,0.0
cell1_ROI_dbscan_centers,cell1_ROI_dbscan_centers,1635.0,0.0,0.0,0.0,0.0,1635.0,1.0,0.0,0.0,1.0
cell1_ROI_dbscan_centers,cell1_ROI_dbscan_centers,1636.0,1.0,0.0,0.0,0.0,1636.0,0.0,0.0,1.0,0.0
cell1_ROI_dbscan_centers,cell1_ROI_dbscan_centers,1637.0,0.0,0.0,0.0,1.0,1637.0,0.0,0.0,0.0,0.0
cell1_ROI_dbscan_centers,cell1_ROI_dbscan_centers,1638.0,1.0,0.0,0.0,1.0,1638.0,0.0,0.0,1.0,0.0
cell1_ROI_dbscan_centers,cell1_ROI_dbscan_centers,1639.0,2.0,0.0,0.0,0.0,1639.0,0.0,0.0,0.0,0.0
cell1_ROI_dbscan_centers,cell1_ROI_dbscan_centers,1640.0,1.0,0.0,0.0,0.0,1640.0,0.0,0.0,0.0,0.0
cell1_ROI_dbscan_centers,cell1_ROI_dbscan_centers,1641.0,1.0,0.0,0.0,0.0,1641.0,0.0,0.0,0.0,1.0
cell1_ROI_dbscan_centers,cell1_ROI_dbscan_centers,1642.0,2.0,0.0,0.0,0.0,1642.0,0.0,1.0,0.0,0.0
cell1_ROI_dbscan_centers,cell1_ROI_dbscan_centers,1643.0,1.0,0.0,0.0,0.0,1643.0,0.0,0.0,0.0,0.0
cell1_ROI_dbscan_centers,cell1_ROI_dbscan_centers,1644.0,0.0,0.0,0.0,0.0,1644.0,0.0,0.0,0.0,0.0
cell1_ROI_dbscan_centers,cell1_ROI_dbscan_centers,1645.0,0.0,0.0,0.0,1.0,1645.0,0.0,0.0,0.0,0.0
cell1_ROI_dbscan_centers,cell1_ROI_dbscan_centers,1646.0,1.0,0.0,0.0,0.0,1646.0,1.0,0.0,0.0,0.0
cell1_ROI_dbscan_centers,cell1_ROI_dbscan_centers,1647.0,1.0,0.0,0.0,0.0,1647.0,0.0,0.0,0.0,0.0
cell1_ROI_dbscan_centers,cell1_ROI_dbscan_centers,1648.0,0.0,0.0,0.0,0.0,1648.0,0.0,0.0,0.0,0.0
cell1_ROI_dbscan_centers,cell1_ROI_dbscan_centers,1649.0,0.0,0.0,0.0,0.0,1649.0,1.0,2.0,0.0,0.0
cell1_ROI_dbscan_centers,cell1_ROI_dbscan_centers,1650.0,0.0,0.0,0.0,0.0,1650.0,0.0,1.0,0.0,2.0
cell1_ROI_dbscan_centers,cell1_ROI_dbscan_centers,1651.0,0.0,0.0,0.0,0.0,1651.0,1.0,1.0,0.0,0.0
cell1_ROI_dbscan_centers,cell1_ROI_dbscan_centers,1652.0,0.0,0.0,0.0,0.0,1652.0,0.0,1.0,0.0,0.0
cell1_ROI_dbscan_centers,cell1_ROI_dbscan_centers,1653.0,0.0,0.0,0.0,1.0,1653.0,1.0,0.0,0.0,0.0
cell1_ROI_dbscan_centers,cell1_ROI_dbscan_centers,1654.0,1.0,0.0,0.0,0.0,1654.0,0.0,2.0,0.0,0.0
cell1_ROI_dbscan_centers,cell1_ROI_dbscan_centers,1655.0,0.0,0.0,1.0,0.0,1655.0,0.0,1.0,1.0,0.0
cell1_ROI_dbscan_centers,cell1_ROI_dbscan_centers,1656.0,1.0,0.0,0.0,0.0,1656.0,0.0,0.0,0.0,0.0
cell1_ROI_dbscan_centers,cell1_ROI_dbscan_centers,1657.0,0.0,0.0,0.0,0.0,1657.0,0.0,0.0,0.0,0.0
cell1_ROI_dbscan_centers,cell1_ROI_dbscan_centers,1658.0,1.0,0.0,0.0,0.0,1658.0,1.0,0.0,0.0,0.0
cell1_ROI_dbscan_centers,cell1_ROI_dbscan_centers,1659.0,0.0,0.0,1.0,0.0,1659.0,2.0,1.0,0.0,0.0
cell1_ROI_dbscan_centers,cell1_ROI_dbscan_centers,1660.0,0.0,0.0,0.0,0.0,1660.0,0.0,1.0,0.0,0.0
cell1_ROI_dbscan_centers,cell1_ROI_dbscan_centers,1661.0,1.0,0.0,0.0,0.0,1661.0,0.0,0.0,0.0,0.0
cell1_ROI_dbscan_centers,cell1_ROI_dbscan_centers,1662.0,1.0,0.0,0.0,0.0,1662.0,0.0,0.0,0.0,0.0
cell1_ROI_dbscan_centers,cell1_ROI_dbscan_centers,1663.0,0.0,0.0,0.0,0.0,1663.0,0.0,0.0,0.0,0.0
cell1_ROI_dbscan_centers,cell1_ROI_dbscan_centers,1664.0,1.0,0.0,0.0,0.0,1664.0,0.0,0.0,0.0,0.0
cell1_ROI_dbscan_centers,cell1_ROI_dbscan_centers,1665.0,0.0,0.0,0.0,0.0,1665.0,0.0,0.0,0.0,0.0
cell1_ROI_dbscan_centers,cell1_ROI_dbscan_centers,1666.0,0.0,0.0,0.0,0.0,1666.0,0.0,0.0,0.0,1.0
cell1_ROI_dbscan_centers,cell1_ROI_dbscan_centers,1667.0,0.0,0.0,0.0,1.0,1667.0,1.0,1.0,1.0,0.0
cell1_ROI_dbscan_centers,cell1_ROI_dbscan_centers,1668.0,0.0,1.0,0.0,0.0,1668.0,0.0,1.0,0.0,0.0
cell1_ROI_dbscan_centers,cell1_ROI_dbscan_centers,1669.0,1.0,0.0,1.0,1.0,1669.0,1.0,0.0,0.0,0.0
cell1_ROI_dbscan_centers,cell1_ROI_dbscan_centers,1670.0,0.0,0.0,0.0,0.0,1670.0,0.0,0.0,1.0,0.0
cell1_ROI_dbscan_centers,cell1_ROI_dbscan_centers,1671.0,1.0,0.0,0.0,1.0,1671.0,1.0,0.0,0.0,0.0
cell1_ROI_dbscan_centers,cell1_ROI_dbscan_centers,1672.0,1.0,0.0,0.0,0.0,1672.0,0.0,0.0,0.0,0.0
cell1_ROI_dbscan_centers,cell1_ROI_dbscan_centers,1673.0,2.0,0.0,0.0,0.0,1673.0,0.0,0.0,0.0,0.0
cell1_ROI_dbscan_centers,cell1_ROI_dbscan_centers,1674.0,0.0,0.0,0.0,0.0,1674.0,1.0,0.0,0.0,0.0
cell1_ROI_dbscan_centers,cell1_ROI_dbscan_centers,1675.0,0.0,0.0,0.0,0.0,1675.0,0.0,0.0,0.0,0.0
cell1_ROI_dbscan_centers,cell1_ROI_dbscan_centers,1676.0,0.0,0.0,0.0,0.0,1676.0,0.0,0.0,0.0,0.0
cell1_ROI_dbscan_centers,cell1_ROI_dbscan_centers,1677.0,0.0,0.0,0.0,0.0,1677.0,0.0,0.0,0.0,0.0
cell1_ROI_dbscan_centers,cell1_ROI_dbscan_centers,1678.0,1.0,0.0,0.0,0.0,1678.0,0.0,1.0,0.0,0.0
cell1_ROI_dbscan_centers,cell1_ROI_dbscan_centers,1679.0,1.0,0.0,0.0,0.0,1679.0,1.0,0.0,0.0,0.0
cell1_ROI_dbscan_centers,cell1_ROI_dbscan_centers,1680.0,1.0,0.0,0.0,0.0,1680.0,0.0,2.0,0.0,1.0
cell1_ROI_dbscan_centers,cell1_ROI_dbscan_centers,1681.0,1.0,1.0,1.0,0.0,1681.0,0.0,0.0,1.0,0.0
cell1_ROI_dbscan_centers,cell1_ROI_dbscan_centers,1682.0,0.0,0.0,0.0,0.0,1682.0,1.0,0.0,0.0,0.0
cell1_ROI_dbscan_centers,cell1_ROI_dbscan_centers,1683.0,1.0,0.0,0.0,0.0,1683.0,1.0,0.0,0.0,0.0
cell1_ROI_dbscan_centers,cell1_ROI_dbscan_centers,1684.0,0.0,0.0,0.0,0.0,1684.0,0.0,0.0,0.0,1.0
cell1_ROI_dbscan_centers,cell1_ROI_dbscan_centers,1685.0,0.0,0.0,0.0,0.0,1685.0,1.0,1.0,0.0,0.0
cell1_ROI_dbscan_centers,cell1_ROI_dbscan_centers,1686.0,1.0,0.0,0.0,1.0,1686.0,0.0,0.0,0.0,0.0
cell1_ROI_dbscan_centers,cell1_ROI_dbscan_centers,1687.0,0.0,0.0,0.0,0.0,1687.0,0.0,0.0,0.0,0.0
cell1_ROI_dbscan_centers,cell1_ROI_dbscan_centers,1688.0,0.0,0.0,0.0,0.0,1688.0,0.0,0.0,0.0,0.0
cell1_ROI_dbscan_centers,cell1_ROI_dbscan_centers,1689.0,1.0,0.0,1.0,0.0,1689.0,0.0,0.0,1.0,1.0
cell1_ROI_dbscan_centers,cell1_ROI_dbscan_centers,1690.0,0.0,0.0,0.0,0.0,1690.0,1.0,1.0,1.0,0.0
cell1_ROI_dbscan_centers,cell1_ROI_dbscan_centers,1691.0,1.0,0.0,0.0,0.0,1691.0,1.0,2.0,0.0,0.0
cell1_ROI_dbscan_centers,cell1_ROI_dbscan_centers,1692.0,0.0,0.0,0.0,0.0,1692.0,0.0,0.0,0.0,0.0
cell1_ROI_dbscan_centers,cell1_ROI_dbscan_centers,1693.0,0.0,0.0,0.0,0.0,1693.0,0.0,0.0,1.0,0.0
cell1_ROI_dbscan_centers,cell1_ROI_dbscan_centers,1694.0,0.0,0.0,0.0,0.0,1694.0,0.0,0.0,0.0,0.0
cell1_ROI_dbscan_centers,cell1_ROI_dbscan_centers,1695.0,2.0,0.0,0.0,0.0,1695.0,0.0,0.0,0.0,0.0
cell1_ROI_dbscan_centers,cell1_ROI_dbscan_centers,1696.0,1.0,0.0,0.0,1.0,1696.0,0.0,0.0,0.0,0.0
cell1_ROI_dbscan_centers,cell1_ROI_dbscan_centers,1697.0,1.0,0.0,1.0,1.0,1697.0,0.0,0.0,0.0,0.0
cell1_ROI_dbscan_centers,cell1_ROI_dbscan_centers,1698.0,0.0,0.0,0.0,0.0,1698.0,0.0,1.0,0.0,1.0
cell1_ROI_dbscan_centers,cell1_ROI_dbscan_centers,1699.0,0.0,0.0,0.0,0.0,1699.0,0.0,0.0,0.0,0.0
cell1_ROI_dbscan_centers,cell1_ROI_dbscan_centers,1700.0,0.0,0.0,0.0,0.0,1700.0,1.0,0.0,0.0,0.0
cell1_ROI_dbscan_centers,cell1_ROI_dbscan_centers,1701.0,0.0,0.0,0.0,0.0,1701.0,0.0,0.0,0.0,0.0
cell1_ROI_dbscan_centers,cell1_ROI_dbscan_centers,1702.0,1.0,0.0,0.0,0.0,1702.0,1.0,0.0,0.0,0.0
cell1_ROI_dbscan_centers,cell1_ROI_dbscan_centers,1703.0,1.0,0.0,0.0,0.0,1703.0,0.0,0.0,0.0,0.0
cell1_ROI_dbscan_centers,cell1_ROI_dbscan_centers,1704.0,0.0,0.0,0.0,0.0,1704.0,0.0,0.0,0.0,0.0
cell1_ROI_dbscan_centers,cell1_ROI_dbscan_centers,1705.0,1.0,0.0,0.0,0.0,1705.0,0.0,0.0,0.0,0.0
cell1_ROI_dbscan_centers,cell1_ROI_dbscan_centers,1706.0,0.0,0.0,1.0,0.0,1706.0,1.0,1.0,0.0,0.0
cell1_ROI_dbscan_centers,cell1_ROI_dbscan_centers,1707.0,0.0,0.0,0.0,0.0,1707.0,1.0,0.0,0.0,0.0
cell1_ROI_dbscan_centers,cell1_ROI_dbscan_centers,1708.0,1.0,0.0,0.0,0.0,1708.0,1.0,0.0,0.0,0.0
cell1_ROI_dbscan_centers,cell1_ROI_dbscan_centers,1709.0,0.0,0.0,0.0,0.0,1709.0,0.0,0.0,0.0,0.0
cell1_ROI_dbscan_centers,cell1_ROI_dbscan_centers,1710.0,1.0,0.0,0.0,0.0,1710.0,1.0,0.0,0.0,0.0
cell1_ROI_dbscan_centers,cell1_ROI_dbscan_centers,1711.0,0.0,0.0,0.0,0.0,1711.0,0.0,0.0,0.0,0.0
cell1_ROI_dbscan_centers,cell1_ROI_dbscan_centers,1712.0,1.0,0.0,0.0,0.0,1712.0,0.0,0.0,0.0,0.0
cell1_ROI_dbscan_centers,cell1_ROI_dbscan_centers,1713.0,0.0,0.0,0.0,0.0,1713.0,0.0,0.0,0.0,1.0
cell1_ROI_dbscan_centers,cell1_ROI_dbscan_centers,1714.0,0.0,0.0,0.0,1.0,1714.0,0.0,0.0,0.0,0.0
cell1_ROI_dbscan_centers,cell1_ROI_dbscan_centers,1715.0,0.0,0.0,0.0,0.0,1715.0,0.0,0.0,0.0,0.0
cell1_ROI_dbscan_centers,cell1_ROI_dbscan_centers,1716.0,0.0,0.0,1.0,0.0,1716.0,0.0,0.0,0.0,0.0
cell1_ROI_dbscan_centers,cell1_ROI_dbscan_centers,1717.0,0.0,0.0,0.0,0.0,1717.0,0.0,0.0,0.0,0.0
cell1_ROI_dbscan_centers,cell1_ROI_dbscan_centers,1718.0,0.0,0.0,0.0,0.0,1718.0,0.0,0.0,0.0,1.0
cell1_ROI_dbscan_centers,cell1_ROI_dbscan_centers,1719.0,0.0,0.0,0.0,0.0,1719.0,0.0,0.0,0.0,0.0
cell1_ROI_dbscan_centers,cell1_ROI_dbscan_centers,1720.0,0.0,0.0,0.0,0.0,1720.0,0.0,0.0,0.0,0.0
cell1_ROI_dbscan_centers,cell1_ROI_dbscan_centers,1721.0,1.0,0.0,1.0,0.0,1721.0,0.0,0.0,0.0,0.0
cell1_ROI_dbscan_centers,cell1_ROI_dbscan_centers,1722.0,0.0,0.0,0.0,0.0,1722.0,1.0,1.0,0.0,0.0
cell1_ROI_dbscan_centers,cell1_ROI_dbscan_centers,1723.0,1.0,0.0,0.0,0.0,1723.0,0.0,0.0,0.0,0.0
cell1_ROI_dbscan_centers,cell1_ROI_dbscan_centers,1724.0,1.0,0.0,0.0,0.0,1724.0,0.0,0.0,0.0,0.0
cell1_ROI_dbscan_centers,cell1_ROI_dbscan_centers,1725.0,1.0,0.0,1.0,0.0,1725.0,0.0,0.0,0.0,0.0
cell1_ROI_dbscan_centers,cell1_ROI_dbscan_centers,1726.0,0.0,0.0,0.0,0.0,1726.0,0.0,1.0,0.0,0.0
cell1_ROI_dbscan_centers,cell1_ROI_dbscan_centers,1727.0,1.0,0.0,1.0,0.0,1727.0,0.0,0.0,1.0,0.0
cell1_ROI_dbscan_centers,cell1_ROI_dbscan_centers,1728.0,0.0,0.0,0.0,0.0,1728.0,0.0,1.0,0.0,0.0
cell1_ROI_dbscan_centers,cell1_ROI_dbscan_centers,1729.0,0.0,0.0,0.0,0.0,1729.0,0.0,0.0,0.0,0.0
cell1_ROI_dbscan_centers,cell1_ROI_dbscan_centers,1730.0,1.0,0.0,1.0,0.0,1730.0,2.0,2.0,0.0,0.0
cell1_ROI_dbscan_centers,cell1_ROI_dbscan_centers,1731.0,0.0,0.0,0.0,0.0,1731.0,0.0,1.0,0.0,0.0
cell1_ROI_dbscan_centers,cell1_ROI_dbscan_centers,1732.0,1.0,0.0,0.0,0.0,1732.0,0.0,1.0,0.0,0.0
cell1_ROI_dbscan_centers,cell1_ROI_dbscan_centers,1733.0,1.0,0.0,1.0,0.0,1733.0,0.0,0.0,0.0,0.0
cell1_ROI_dbscan_centers,cell1_ROI_dbscan_centers,1734.0,1.0,0.0,1.0,0.0,1734.0,0.0,0.0,0.0,0.0
cell1_ROI_dbscan_centers,cell1_ROI_dbscan_centers,1735.0,1.0,0.0,0.0,0.0,1735.0,0.0,0.0,0.0,0.0
cell1_ROI_dbscan_centers,cell1_ROI_dbscan_centers,1736.0,0.0,0.0,0.0,1.0,1736.0,0.0,0.0,0.0,0.0
cell1_ROI_dbscan_centers,cell1_ROI_dbscan_centers,1737.0,0.0,0.0,0.0,0.0,1737.0,0.0,0.0,0.0,0.0
cell1_ROI_dbscan_centers,cell1_ROI_dbscan_centers,1738.0,0.0,0.0,1.0,0.0,1738.0,0.0,0.0,0.0,0.0
cell1_ROI_dbscan_centers,cell1_ROI_dbscan_centers,1739.0,1.0,0.0,0.0,0.0,1739.0,0.0,0.0,0.0,0.0
cell1_ROI_dbscan_centers,cell1_ROI_dbscan_centers,1740.0,1.0,0.0,0.0,0.0,1740.0,0.0,0.0,0.0,0.0
cell1_ROI_dbscan_centers,cell1_ROI_dbscan_centers,1741.0,0.0,0.0,0.0,0.0,1741.0,0.0,0.0,0.0,1.0
cell1_ROI_dbscan_centers,cell1_ROI_dbscan_centers,1742.0,1.0,0.0,0.0,1.0,1742.0,0.0,0.0,0.0,0.0
cell1_ROI_dbscan_centers,cell1_ROI_dbscan_centers,1743.0,0.0,0.0,0.0,0.0,1743.0,0.0,0.0,0.0,0.0
cell1_ROI_dbscan_centers,cell1_ROI_dbscan_centers,1744.0,0.0,0.0,0.0,0.0,1744.0,0.0,0.0,0.0,0.0
cell1_ROI_dbscan_centers,cell1_ROI_dbscan_centers,1745.0,1.0,0.0,1.0,0.0,1745.0,0.0,0.0,0.0,0.0
cell1_ROI_dbscan_centers,cell1_ROI_dbscan_centers,1746.0,0.0,0.0,0.0,0.0,1746.0,1.0,0.0,0.0,0.0
cell1_ROI_dbscan_centers,cell1_ROI_dbscan_centers,1747.0,1.0,0.0,0.0,0.0,1747.0,0.0,1.0,1.0,0.0
cell1_ROI_dbscan_centers,cell1_ROI_dbscan_centers,1748.0,1.0,0.0,1.0,0.0,1748.0,0.0,0.0,0.0,0.0
cell1_ROI_dbscan_centers,cell1_ROI_dbscan_centers,1749.0,1.0,0.0,0.0,0.0,1749.0,0.0,0.0,0.0,0.0
cell1_ROI_dbscan_centers,cell1_ROI_dbscan_centers,1750.0,0.0,0.0,0.0,0.0,1750.0,0.0,0.0,0.0,1.0
cell1_ROI_dbscan_centers,cell1_ROI_dbscan_centers,1751.0,0.0,0.0,2.0,0.0,1751.0,1.0,0.0,0.0,0.0
cell1_ROI_dbscan_centers,cell1_ROI_dbscan_centers,1752.0,1.0,0.0,0.0,0.0,1752.0,0.0,0.0,0.0,0.0
cell1_ROI_dbscan_centers,cell1_ROI_dbscan_centers,1753.0,1.0,0.0,0.0,0.0,1753.0,0.0,1.0,0.0,1.0
cell1_ROI_dbscan_centers,cell1_ROI_dbscan_centers,1754.0,2.0,0.0,0.0,0.0,1754.0,1.0,0.0,0.0,0.0
cell1_ROI_dbscan_centers,cell1_ROI_dbscan_centers,1755.0,1.0,0.0,1.0,0.0,1755.0,0.0,0.0,0.0,0.0
cell1_ROI_dbscan_centers,cell1_ROI_dbscan_centers,1756.0,1.0,0.0,0.0,0.0,1756.0,0.0,0.0,0.0,0.0
cell1_ROI_dbscan_centers,cell1_ROI_dbscan_centers,1757.0,0.0,0.0,0.0,0.0,1757.0,0.0,0.0,0.0,0.0
cell1_ROI_dbscan_centers,cell1_ROI_dbscan_centers,1758.0,1.0,0.0,0.0,1.0,1758.0,0.0,0.0,0.0,0.0
cell1_ROI_dbscan_centers,cell1_ROI_dbscan_centers,1759.0,1.0,0.0,0.0,0.0,1759.0,0.0,0.0,0.0,1.0
cell1_ROI_dbscan_centers,cell1_ROI_dbscan_centers,1760.0,0.0,0.0,0.0,1.0,1760.0,0.0,0.0,0.0,1.0
cell1_ROI_dbscan_centers,cell1_ROI_dbscan_centers,1761.0,1.0,0.0,0.0,0.0,1761.0,0.0,0.0,0.0,0.0
cell1_ROI_dbscan_centers,cell1_ROI_dbscan_centers,1762.0,1.0,0.0,0.0,0.0,1762.0,0.0,0.0,0.0,0.0
cell1_ROI_dbscan_centers,cell1_ROI_dbscan_centers,1763.0,1.0,0.0,1.0,0.0,1763.0,0.0,0.0,0.0,0.0
cell1_ROI_dbscan_centers,cell1_ROI_dbscan_centers,1764.0,0.0,0.0,0.0,0.0,1764.0,0.0,0.0,1.0,0.0
cell1_ROI_dbscan_centers,cell1_ROI_dbscan_centers,1765.0,0.0,0.0,0.0,0.0,1765.0,0.0,0.0,0.0,0.0
cell1_ROI_dbscan_centers,cell1_ROI_dbscan_centers,1766.0,0.0,0.0,0.0,0.0,1766.0,1.0,1.0,0.0,1.0
cell1_ROI_dbscan_centers,cell1_ROI_dbscan_centers,1767.0,1.0,0.0,0.0,0.0,1767.0,1.0,0.0,0.0,0.0
cell1_ROI_dbscan_centers,cell1_ROI_dbscan_centers,1768.0,1.0,0.0,0.0,0.0,1768.0,1.0,0.0,0.0,1.0
cell1_ROI_dbscan_centers,cell1_ROI_dbscan_centers,1769.0,0.0,0.0,0.0,0.0,1769.0,0.0,1.0,0.0,1.0
cell1_ROI_dbscan_centers,cell1_ROI_dbscan_centers,1770.0,2.0,0.0,0.0,0.0,1770.0,1.0,0.0,0.0,0.0
cell1_ROI_dbscan_centers,cell1_ROI_dbscan_centers,1771.0,1.0,0.0,0.0,0.0,1771.0,0.0,0.0,0.0,0.0
cell1_ROI_dbscan_centers,cell1_ROI_dbscan_centers,1772.0,2.0,0.0,0.0,0.0,1772.0,2.0,0.0,0.0,0.0
cell1_ROI_dbscan_centers,cell1_ROI_dbscan_centers,1773.0,1.0,0.0,0.0,0.0,1773.0,1.0,0.0,0.0,0.0
cell1_ROI_dbscan_centers,cell1_ROI_dbscan_centers,1774.0,0.0,0.0,1.0,0.0,1774.0,0.0,0.0,0.0,0.0
cell1_ROI_dbscan_centers,cell1_ROI_dbscan_centers,1775.0,0.0,0.0,0.0,0.0,1775.0,0.0,0.0,0.0,0.0
cell1_ROI_dbscan_centers,cell1_ROI_dbscan_centers,1776.0,0.0,0.0,1.0,0.0,1776.0,1.0,0.0,0.0,0.0
cell1_ROI_dbscan_centers,cell1_ROI_dbscan_centers,1777.0,0.0,0.0,0.0,0.0,1777.0,1.0,0.0,0.0,0.0
cell1_ROI_dbscan_centers,cell1_ROI_dbscan_centers,1778.0,1.0,0.0,0.0,0.0,1778.0,0.0,0.0,1.0,0.0
cell1_ROI_dbscan_centers,cell1_ROI_dbscan_centers,1779.0,1.0,0.0,0.0,0.0,1779.0,1.0,1.0,0.0,0.0
cell1_ROI_dbscan_centers,cell1_ROI_dbscan_centers,1780.0,2.0,0.0,0.0,0.0,1780.0,1.0,0.0,0.0,0.0
cell1_ROI_dbscan_centers,cell1_ROI_dbscan_centers,1781.0,0.0,0.0,1.0,0.0,1781.0,0.0,0.0,0.0,0.0
cell1_ROI_dbscan_centers,cell1_ROI_dbscan_centers,1782.0,0.0,0.0,0.0,0.0,1782.0,0.0,1.0,0.0,0.0
cell1_ROI_dbscan_centers,cell1_ROI_dbscan_centers,1783.0,1.0,0.0,0.0,0.0,1783.0,0.0,0.0,1.0,0.0
cell1_ROI_dbscan_centers,cell1_ROI_dbscan_centers,1784.0,1.0,0.0,1.0,0.0,1784.0,1.0,0.0,0.0,0.0
cell1_ROI_dbscan_centers,cell1_ROI_dbscan_centers,1785.0,0.0,0.0,0.0,0.0,1785.0,0.0,1.0,0.0,0.0
cell1_ROI_dbscan_centers,cell1_ROI_dbscan_centers,1786.0,3.0,0.0,0.0,0.0,1786.0,0.0,0.0,0.0,1.0
cell1_ROI_dbscan_centers,cell1_ROI_dbscan_centers,1787.0,1.0,0.0,0.0,0.0,1787.0,0.0,0.0,0.0,0.0
cell1_ROI_dbscan_centers,cell1_ROI_dbscan_centers,1788.0,1.0,0.0,0.0,0.0,1788.0,0.0,0.0,1.0,0.0
cell1_ROI_dbscan_centers,cell1_ROI_dbscan_centers,1789.0,1.0,0.0,0.0,0.0,1789.0,0.0,1.0,0.0,0.0
cell1_ROI_dbscan_centers,cell1_ROI_dbscan_centers,1790.0,1.0,0.0,0.0,0.0,1790.0,0.0,1.0,0.0,0.0
cell1_ROI_dbscan_centers,cell1_ROI_dbscan_centers,1791.0,1.0,0.0,0.0,0.0,1791.0,0.0,0.0,0.0,0.0
cell1_ROI_dbscan_centers,cell1_ROI_dbscan_centers,1792.0,0.0,0.0,0.0,0.0,1792.0,0.0,0.0,0.0,0.0
cell1_ROI_dbscan_centers,cell1_ROI_dbscan_centers,1793.0,1.0,0.0,0.0,0.0,1793.0,0.0,0.0,0.0,1.0
cell1_ROI_dbscan_centers,cell1_ROI_dbscan_centers,1794.0,0.0,0.0,0.0,0.0,1794.0,1.0,1.0,0.0,0.0
cell1_ROI_dbscan_centers,cell1_ROI_dbscan_centers,1795.0,0.0,0.0,0.0,0.0,1795.0,0.0,0.0,0.0,0.0
cell1_ROI_dbscan_centers,cell1_ROI_dbscan_centers,1796.0,1.0,0.0,0.0,0.0,1796.0,0.0,0.0,0.0,0.0
cell1_ROI_dbscan_centers,cell1_ROI_dbscan_centers,1797.0,0.0,0.0,0.0,0.0,1797.0,0.0,0.0,0.0,0.0
cell1_ROI_dbscan_centers,cell1_ROI_dbscan_centers,1798.0,2.0,0.0,0.0,0.0,1798.0,1.0,1.0,0.0,1.0
cell1_ROI_dbscan_centers,cell1_ROI_dbscan_centers,1799.0,0.0,0.0,1.0,0.0,1799.0,0.0,0.0,0.0,0.0
cell1_ROI_dbscan_centers,cell1_ROI_dbscan_centers,1800.0,0.0,0.0,0.0,0.0,1800.0,0.0,0.0,0.0,1.0
cell1_ROI_dbscan_centers,cell1_ROI_dbscan_centers,1801.0,0.0,0.0,1.0,0.0,1801.0,0.0,0.0,0.0,1.0
cell1_ROI_dbscan_centers,cell1_ROI_dbscan_centers,1802.0,1.0,0.0,0.0,0.0,1802.0,0.0,0.0,0.0,0.0
cell1_ROI_dbscan_centers,cell1_ROI_dbscan_centers,1803.0,2.0,0.0,0.0,0.0,1803.0,0.0,0.0,0.0,0.0
cell1_ROI_dbscan_centers,cell1_ROI_dbscan_centers,1804.0,2.0,0.0,0.0,0.0,1804.0,0.0,0.0,0.0,1.0
cell1_ROI_dbscan_centers,cell1_ROI_dbscan_centers,1805.0,0.0,0.0,0.0,0.0,1805.0,0.0,0.0,0.0,0.0
cell1_ROI_dbscan_centers,cell1_ROI_dbscan_centers,1806.0,2.0,0.0,0.0,0.0,1806.0,0.0,0.0,0.0,1.0
cell1_ROI_dbscan_centers,cell1_ROI_dbscan_centers,1807.0,0.0,0.0,0.0,0.0,1807.0,1.0,0.0,1.0,0.0
cell1_ROI_dbscan_centers,cell1_ROI_dbscan_centers,1808.0,0.0,0.0,0.0,0.0,1808.0,1.0,0.0,0.0,0.0
cell1_ROI_dbscan_centers,cell1_ROI_dbscan_centers,1809.0,0.0,0.0,0.0,0.0,1809.0,1.0,0.0,0.0,0.0
cell1_ROI_dbscan_centers,cell1_ROI_dbscan_centers,1810.0,2.0,0.0,0.0,0.0,1810.0,1.0,0.0,0.0,0.0
cell1_ROI_dbscan_centers,cell1_ROI_dbscan_centers,1811.0,2.0,0.0,0.0,0.0,1811.0,0.0,0.0,0.0,0.0
cell1_ROI_dbscan_centers,cell1_ROI_dbscan_centers,1812.0,1.0,0.0,0.0,0.0,1812.0,0.0,0.0,0.0,0.0
cell1_ROI_dbscan_centers,cell1_ROI_dbscan_centers,1813.0,1.0,0.0,0.0,0.0,1813.0,1.0,1.0,0.0,0.0
cell1_ROI_dbscan_centers,cell1_ROI_dbscan_centers,1814.0,1.0,0.0,0.0,0.0,1814.0,1.0,1.0,0.0,1.0
cell1_ROI_dbscan_centers,cell1_ROI_dbscan_centers,1815.0,0.0,0.0,1.0,0.0,1815.0,0.0,0.0,0.0,1.0
cell1_ROI_dbscan_centers,cell1_ROI_dbscan_centers,1816.0,0.0,0.0,0.0,0.0,1816.0,1.0,0.0,0.0,0.0
cell1_ROI_dbscan_centers,cell1_ROI_dbscan_centers,1817.0,1.0,1.0,0.0,0.0,1817.0,0.0,0.0,2.0,0.0
cell1_ROI_dbscan_centers,cell1_ROI_dbscan_centers,1818.0,0.0,0.0,0.0,0.0,1818.0,1.0,0.0,0.0,0.0
cell1_ROI_dbscan_centers,cell1_ROI_dbscan_centers,1819.0,1.0,0.0,0.0,0.0,1819.0,0.0,0.0,0.0,1.0
cell1_ROI_dbscan_centers,cell1_ROI_dbscan_centers,1820.0,1.0,0.0,1.0,0.0,1820.0,1.0,0.0,0.0,0.0
cell1_ROI_dbscan_centers,cell1_ROI_dbscan_centers,1821.0,0.0,0.0,0.0,0.0,1821.0,0.0,0.0,0.0,0.0
cell1_ROI_dbscan_centers,cell1_ROI_dbscan_centers,1822.0,0.0,0.0,0.0,0.0,1822.0,0.0,0.0,0.0,0.0
cell1_ROI_dbscan_centers,cell1_ROI_dbscan_centers,1823.0,1.0,0.0,0.0,0.0,1823.0,1.0,0.0,0.0,0.0
cell1_ROI_dbscan_centers,cell1_ROI_dbscan_centers,1824.0,1.0,0.0,0.0,0.0,1824.0,0.0,0.0,1.0,1.0
cell1_ROI_dbscan_centers,cell1_ROI_dbscan_centers,1825.0,1.0,0.0,0.0,0.0,1825.0,1.0,2.0,0.0,0.0
cell1_ROI_dbscan_centers,cell1_ROI_dbscan_centers,1826.0,0.0,0.0,0.0,1.0,1826.0,0.0,1.0,0.0,0.0
cell1_ROI_dbscan_centers,cell1_ROI_dbscan_centers,1827.0,0.0,0.0,0.0,1.0,1827.0,1.0,2.0,0.0,0.0
cell1_ROI_dbscan_centers,cell1_ROI_dbscan_centers,1828.0,1.0,0.0,0.0,0.0,1828.0,0.0,0.0,1.0,0.0
cell1_ROI_dbscan_centers,cell1_ROI_dbscan_centers,1829.0,1.0,0.0,0.0,0.0,1829.0,0.0,0.0,0.0,0.0
cell1_ROI_dbscan_centers,cell1_ROI_dbscan_centers,1830.0,0.0,0.0,0.0,0.0,1830.0,0.0,0.0,1.0,0.0
cell1_ROI_dbscan_centers,cell1_ROI_dbscan_centers,1831.0,1.0,0.0,0.0,0.0,1831.0,0.0,0.0,0.0,0.0
cell1_ROI_dbscan_centers,cell1_ROI_dbscan_centers,1832.0,1.0,0.0,0.0,0.0,1832.0,0.0,0.0,0.0,0.0
cell1_ROI_dbscan_centers,cell1_ROI_dbscan_centers,1833.0,0.0,0.0,0.0,0.0,1833.0,0.0,0.0,0.0,0.0
cell1_ROI_dbscan_centers,cell1_ROI_dbscan_centers,1834.0,0.0,0.0,0.0,0.0,1834.0,0.0,0.0,1.0,0.0
cell1_ROI_dbscan_centers,cell1_ROI_dbscan_centers,1835.0,1.0,0.0,0.0,0.0,1835.0,0.0,1.0,0.0,0.0
cell1_ROI_dbscan_centers,cell1_ROI_dbscan_centers,1836.0,1.0,0.0,0.0,0.0,1836.0,0.0,0.0,0.0,0.0
cell1_ROI_dbscan_centers,cell1_ROI_dbscan_centers,1837.0,0.0,0.0,0.0,0.0,1837.0,0.0,0.0,0.0,0.0
cell1_ROI_dbscan_centers,cell1_ROI_dbscan_centers,1838.0,1.0,0.0,0.0,0.0,1838.0,0.0,0.0,0.0,0.0
cell1_ROI_dbscan_centers,cell1_ROI_dbscan_centers,1839.0,1.0,0.0,0.0,0.0,1839.0,0.0,0.0,0.0,0.0
cell1_ROI_dbscan_centers,cell1_ROI_dbscan_centers,1840.0,0.0,0.0,0.0,1.0,1840.0,0.0,0.0,0.0,0.0
cell1_ROI_dbscan_centers,cell1_ROI_dbscan_centers,1841.0,0.0,0.0,0.0,0.0,1841.0,0.0,0.0,0.0,0.0
cell1_ROI_dbscan_centers,cell1_ROI_dbscan_centers,1842.0,0.0,0.0,0.0,0.0,1842.0,0.0,0.0,0.0,0.0
cell1_ROI_dbscan_centers,cell1_ROI_dbscan_centers,1843.0,1.0,0.0,0.0,0.0,1843.0,0.0,2.0,1.0,0.0
cell1_ROI_dbscan_centers,cell1_ROI_dbscan_centers,1844.0,0.0,0.0,0.0,1.0,1844.0,1.0,0.0,0.0,1.0
cell1_ROI_dbscan_centers,cell1_ROI_dbscan_centers,1845.0,2.0,0.0,0.0,0.0,1845.0,0.0,0.0,1.0,0.0
cell1_ROI_dbscan_centers,cell1_ROI_dbscan_centers,1846.0,0.0,0.0,0.0,0.0,1846.0,0.0,1.0,1.0,0.0
cell1_ROI_dbscan_centers,cell1_ROI_dbscan_centers,1847.0,0.0,0.0,0.0,1.0,1847.0,0.0,0.0,0.0,0.0
cell1_ROI_dbscan_centers,cell1_ROI_dbscan_centers,1848.0,1.0,0.0,0.0,0.0,1848.0,1.0,0.0,0.0,0.0
cell1_ROI_dbscan_centers,cell1_ROI_dbscan_centers,1849.0,1.0,0.0,0.0,0.0,1849.0,0.0,0.0,0.0,0.0
cell1_ROI_dbscan_centers,cell1_ROI_dbscan_centers,1850.0,0.0,0.0,0.0,0.0,1850.0,0.0,0.0,0.0,0.0
cell1_ROI_dbscan_centers,cell1_ROI_dbscan_centers,1851.0,0.0,0.0,0.0,0.0,1851.0,1.0,0.0,0.0,0.0
cell1_ROI_dbscan_centers,cell1_ROI_dbscan_centers,1852.0,0.0,1.0,0.0,0.0,1852.0,0.0,1.0,0.0,0.0
cell1_ROI_dbscan_centers,cell1_ROI_dbscan_centers,1853.0,0.0,1.0,0.0,0.0,1853.0,0.0,1.0,0.0,0.0
cell1_ROI_dbscan_centers,cell1_ROI_dbscan_centers,1854.0,0.0,0.0,1.0,0.0,1854.0,0.0,0.0,0.0,0.0
cell1_ROI_dbscan_centers,cell1_ROI_dbscan_centers,1855.0,1.0,0.0,0.0,0.0,1855.0,0.0,0.0,0.0,0.0
cell1_ROI_dbscan_centers,cell1_ROI_dbscan_centers,1856.0,0.0,0.0,0.0,0.0,1856.0,0.0,0.0,0.0,0.0
cell1_ROI_dbscan_centers,cell1_ROI_dbscan_centers,1857.0,1.0,1.0,0.0,0.0,1857.0,1.0,0.0,0.0,0.0
cell1_ROI_dbscan_centers,cell1_ROI_dbscan_centers,1858.0,0.0,0.0,1.0,1.0,1858.0,0.0,2.0,0.0,0.0
cell1_ROI_dbscan_centers,cell1_ROI_dbscan_centers,1859.0,1.0,0.0,0.0,1.0,1859.0,0.0,0.0,0.0,0.0
cell1_ROI_dbscan_centers,cell1_ROI_dbscan_centers,1860.0,0.0,0.0,0.0,0.0,1860.0,0.0,0.0,1.0,1.0
cell1_ROI_dbscan_centers,cell1_ROI_dbscan_centers,1861.0,1.0,0.0,0.0,0.0,1861.0,0.0,0.0,0.0,0.0
cell1_ROI_dbscan_centers,cell1_ROI_dbscan_centers,1862.0,1.0,0.0,1.0,0.0,1862.0,1.0,0.0,0.0,0.0
cell1_ROI_dbscan_centers,cell1_ROI_dbscan_centers,1863.0,2.0,0.0,0.0,0.0,1863.0,1.0,1.0,0.0,0.0
cell1_ROI_dbscan_centers,cell1_ROI_dbscan_centers,1864.0,0.0,0.0,0.0,0.0,1864.0,2.0,2.0,0.0,0.0
cell1_ROI_dbscan_centers,cell1_ROI_dbscan_centers,1865.0,1.0,0.0,0.0,0.0,1865.0,0.0,0.0,0.0,0.0
cell1_ROI_dbscan_centers,cell1_ROI_dbscan_centers,1866.0,0.0,0.0,0.0,1.0,1866.0,0.0,0.0,0.0,0.0
cell1_ROI_dbscan_centers,cell1_ROI_dbscan_centers,1867.0,0.0,0.0,2.0,0.0,1867.0,0.0,0.0,0.0,0.0
cell1_ROI_dbscan_centers,cell1_ROI_dbscan_centers,1868.0,2.0,0.0,1.0,0.0,1868.0,0.0,0.0,0.0,0.0
cell1_ROI_dbscan_centers,cell1_ROI_dbscan_centers,1869.0,0.0,0.0,0.0,0.0,1869.0,0.0,0.0,0.0,1.0
cell1_ROI_dbscan_centers,cell1_ROI_dbscan_centers,1870.0,0.0,0.0,1.0,1.0,1870.0,0.0,0.0,0.0,0.0
cell1_ROI_dbscan_centers,cell1_ROI_dbscan_centers,1871.0,1.0,0.0,1.0,1.0,1871.0,0.0,0.0,0.0,0.0
cell1_ROI_dbscan_centers,cell1_ROI_dbscan_centers,1872.0,1.0,0.0,1.0,0.0,1872.0,0.0,0.0,0.0,0.0
cell1_ROI_dbscan_centers,cell1_ROI_dbscan_centers,1873.0,1.0,0.0,0.0,0.0,1873.0,0.0,0.0,0.0,0.0
cell1_ROI_dbscan_centers,cell1_ROI_dbscan_centers,1874.0,1.0,0.0,0.0,0.0,1874.0,0.0,0.0,0.0,0.0
cell1_ROI_dbscan_centers,cell1_ROI_dbscan_centers,1875.0,0.0,0.0,1.0,0.0,1875.0,0.0,0.0,0.0,0.0
cell1_ROI_dbscan_centers,cell1_ROI_dbscan_centers,1876.0,0.0,0.0,0.0,0.0,1876.0,1.0,0.0,0.0,1.0
cell1_ROI_dbscan_centers,cell1_ROI_dbscan_centers,1877.0,0.0,0.0,0.0,1.0,1877.0,0.0,0.0,0.0,0.0
cell1_ROI_dbscan_centers,cell1_ROI_dbscan_centers,1878.0,1.0,0.0,0.0,0.0,1878.0,0.0,0.0,0.0,0.0
cell1_ROI_dbscan_centers,cell1_ROI_dbscan_centers,1879.0,1.0,0.0,0.0,0.0,1879.0,0.0,0.0,0.0,0.0
cell1_ROI_dbscan_centers,cell1_ROI_dbscan_centers,1880.0,1.0,0.0,0.0,0.0,1880.0,0.0,0.0,0.0,0.0
cell1_ROI_dbscan_centers,cell1_ROI_dbscan_centers,1881.0,1.0,0.0,0.0,0.0,1881.0,0.0,0.0,0.0,0.0
cell1_ROI_dbscan_centers,cell1_ROI_dbscan_centers,1882.0,1.0,0.0,0.0,0.0,1882.0,0.0,0.0,0.0,2.0
cell1_ROI_dbscan_centers,cell1_ROI_dbscan_centers,1883.0,0.0,0.0,0.0,0.0,1883.0,0.0,0.0,0.0,0.0
cell1_ROI_dbscan_centers,cell1_ROI_dbscan_centers,1884.0,1.0,0.0,0.0,0.0,1884.0,0.0,0.0,1.0,0.0
cell1_ROI_dbscan_centers,cell1_ROI_dbscan_centers,1885.0,0.0,0.0,0.0,0.0,1885.0,0.0,0.0,0.0,0.0
cell1_ROI_dbscan_centers,cell1_ROI_dbscan_centers,1886.0,1.0,0.0,0.0,0.0,1886.0,0.0,1.0,0.0,0.0
cell1_ROI_dbscan_centers,cell1_ROI_dbscan_centers,1887.0,2.0,0.0,0.0,0.0,1887.0,0.0,0.0,0.0,0.0
cell1_ROI_dbscan_centers,cell1_ROI_dbscan_centers,1888.0,0.0,0.0,0.0,0.0,1888.0,0.0,0.0,0.0,0.0
cell1_ROI_dbscan_centers,cell1_ROI_dbscan_centers,1889.0,1.0,0.0,0.0,0.0,1889.0,0.0,0.0,0.0,1.0
cell1_ROI_dbscan_centers,cell1_ROI_dbscan_centers,1890.0,1.0,0.0,0.0,0.0,1890.0,0.0,0.0,0.0,0.0
cell1_ROI_dbscan_centers,cell1_ROI_dbscan_centers,1891.0,0.0,0.0,0.0,1.0,1891.0,1.0,0.0,0.0,1.0
cell1_ROI_dbscan_centers,cell1_ROI_dbscan_centers,1892.0,1.0,0.0,0.0,0.0,1892.0,0.0,0.0,0.0,0.0
cell1_ROI_dbscan_centers,cell1_ROI_dbscan_centers,1893.0,0.0,0.0,0.0,0.0,1893.0,0.0,0.0,0.0,2.0
cell1_ROI_dbscan_centers,cell1_ROI_dbscan_centers,1894.0,1.0,0.0,0.0,0.0,1894.0,0.0,1.0,0.0,0.0
cell1_ROI_dbscan_centers,cell1_ROI_dbscan_centers,1895.0,0.0,0.0,0.0,0.0,1895.0,0.0,0.0,0.0,0.0
cell1_ROI_dbscan_centers,cell1_ROI_dbscan_centers,1896.0,2.0,0.0,0.0,0.0,1896.0,0.0,0.0,0.0,0.0
cell1_ROI_dbscan_centers,cell1_ROI_dbscan_centers,1897.0,0.0,0.0,0.0,0.0,1897.0,0.0,0.0,1.0,0.0
cell1_ROI_dbscan_centers,cell1_ROI_dbscan_centers,1898.0,0.0,0.0,1.0,0.0,1898.0,1.0,0.0,0.0,0.0
cell1_ROI_dbscan_centers,cell1_ROI_dbscan_centers,1899.0,0.0,0.0,1.0,0.0,1899.0,1.0,0.0,0.0,2.0
cell1_ROI_dbscan_centers,cell1_ROI_dbscan_centers,1900.0,1.0,0.0,0.0,0.0,1900.0,0.0,0.0,1.0,0.0
cell1_ROI_dbscan_centers,cell1_ROI_dbscan_centers,1901.0,1.0,0.0,0.0,0.0,1901.0,0.0,0.0,0.0,0.0
cell1_ROI_dbscan_centers,cell1_ROI_dbscan_centers,1902.0,0.0,0.0,0.0,0.0,1902.0,0.0,0.0,0.0,0.0
cell1_ROI_dbscan_centers,cell1_ROI_dbscan_centers,1903.0,0.0,0.0,0.0,0.0,1903.0,0.0,0.0,0.0,1.0
cell1_ROI_dbscan_centers,cell1_ROI_dbscan_centers,1904.0,0.0,0.0,1.0,0.0,1904.0,0.0,0.0,1.0,0.0
cell1_ROI_dbscan_centers,cell1_ROI_dbscan_centers,1905.0,0.0,0.0,1.0,0.0,1905.0,0.0,0.0,0.0,2.0
cell1_ROI_dbscan_centers,cell1_ROI_dbscan_centers,1906.0,0.0,0.0,0.0,0.0,1906.0,0.0,0.0,0.0,0.0
cell1_ROI_dbscan_centers,cell1_ROI_dbscan_centers,1907.0,0.0,0.0,0.0,0.0,1907.0,0.0,1.0,0.0,0.0
cell1_ROI_dbscan_centers,cell1_ROI_dbscan_centers,1908.0,0.0,0.0,0.0,0.0,1908.0,0.0,0.0,0.0,0.0
cell1_ROI_dbscan_centers,cell1_ROI_dbscan_centers,1909.0,0.0,0.0,0.0,0.0,1909.0,0.0,0.0,1.0,0.0
cell1_ROI_dbscan_centers,cell1_ROI_dbscan_centers,1910.0,0.0,0.0,1.0,0.0,1910.0,0.0,1.0,0.0,0.0
cell1_ROI_dbscan_centers,cell1_ROI_dbscan_centers,1911.0,1.0,0.0,0.0,0.0,1911.0,0.0,0.0,0.0,0.0
cell1_ROI_dbscan_centers,cell1_ROI_dbscan_centers,1912.0,1.0,0.0,0.0,0.0,1912.0,0.0,0.0,1.0,0.0
cell1_ROI_dbscan_centers,cell1_ROI_dbscan_centers,1913.0,1.0,0.0,0.0,0.0,1913.0,0.0,1.0,0.0,0.0
cell1_ROI_dbscan_centers,cell1_ROI_dbscan_centers,1914.0,1.0,0.0,0.0,0.0,1914.0,0.0,0.0,0.0,0.0
cell1_ROI_dbscan_centers,cell1_ROI_dbscan_centers,1915.0,0.0,0.0,2.0,0.0,1915.0,0.0,0.0,0.0,0.0
cell1_ROI_dbscan_centers,cell1_ROI_dbscan_centers,1916.0,0.0,0.0,1.0,0.0,1916.0,0.0,0.0,0.0,0.0
cell1_ROI_dbscan_centers,cell1_ROI_dbscan_centers,1917.0,1.0,0.0,0.0,0.0,1917.0,0.0,0.0,0.0,0.0
cell1_ROI_dbscan_centers,cell1_ROI_dbscan_centers,1918.0,1.0,0.0,0.0,0.0,1918.0,0.0,0.0,0.0,0.0
cell1_ROI_dbscan_centers,cell1_ROI_dbscan_centers,1919.0,0.0,0.0,0.0,1.0,1919.0,0.0,0.0,0.0,0.0
cell1_ROI_dbscan_centers,cell1_ROI_dbscan_centers,1920.0,0.0,0.0,0.0,1.0,1920.0,1.0,0.0,0.0,0.0
cell1_ROI_dbscan_centers,cell1_ROI_dbscan_centers,1921.0,1.0,0.0,2.0,0.0,1921.0,0.0,0.0,0.0,0.0
cell1_ROI_dbscan_centers,cell1_ROI_dbscan_centers,1922.0,1.0,0.0,2.0,0.0,1922.0,1.0,2.0,0.0,0.0
cell1_ROI_dbscan_centers,cell1_ROI_dbscan_centers,1923.0,0.0,0.0,0.0,1.0,1923.0,0.0,1.0,1.0,1.0
cell1_ROI_dbscan_centers,cell1_ROI_dbscan_centers,1924.0,0.0,0.0,0.0,0.0,1924.0,0.0,0.0,0.0,0.0
cell1_ROI_dbscan_centers,cell1_ROI_dbscan_centers,1925.0,0.0,0.0,0.0,0.0,1925.0,0.0,0.0,0.0,0.0
cell1_ROI_dbscan_centers,cell1_ROI_dbscan_centers,1926.0,0.0,0.0,0.0,0.0,1926.0,0.0,2.0,0.0,0.0
cell1_ROI_dbscan_centers,cell1_ROI_dbscan_centers,1927.0,2.0,0.0,0.0,0.0,1927.0,1.0,0.0,0.0,0.0
cell1_ROI_dbscan_centers,cell1_ROI_dbscan_centers,1928.0,0.0,0.0,0.0,0.0,1928.0,1.0,0.0,0.0,0.0
cell1_ROI_dbscan_centers,cell1_ROI_dbscan_centers,1929.0,0.0,0.0,0.0,0.0,1929.0,0.0,0.0,0.0,0.0
cell1_ROI_dbscan_centers,cell1_ROI_dbscan_centers,1930.0,0.0,0.0,0.0,0.0,1930.0,0.0,0.0,1.0,0.0
cell1_ROI_dbscan_centers,cell1_ROI_dbscan_centers,1931.0,0.0,0.0,0.0,0.0,1931.0,0.0,0.0,0.0,0.0
cell1_ROI_dbscan_centers,cell1_ROI_dbscan_centers,1932.0,0.0,0.0,0.0,0.0,1932.0,1.0,0.0,0.0,1.0
cell1_ROI_dbscan_centers,cell1_ROI_dbscan_centers,1933.0,1.0,0.0,0.0,0.0,1933.0,0.0,0.0,0.0,0.0
cell1_ROI_dbscan_centers,cell1_ROI_dbscan_centers,1934.0,0.0,0.0,0.0,0.0,1934.0,0.0,0.0,0.0,0.0
cell1_ROI_dbscan_centers,cell1_ROI_dbscan_centers,1935.0,0.0,0.0,0.0,1.0,1935.0,1.0,0.0,0.0,0.0
cell1_ROI_dbscan_centers,cell1_ROI_dbscan_centers,1936.0,1.0,0.0,0.0,0.0,1936.0,1.0,0.0,0.0,0.0
cell1_ROI_dbscan_centers,cell1_ROI_dbscan_centers,1937.0,0.0,0.0,1.0,0.0,1937.0,0.0,0.0,0.0,0.0
cell1_ROI_dbscan_centers,cell1_ROI_dbscan_centers,1938.0,0.0,0.0,1.0,0.0,1938.0,1.0,0.0,0.0,1.0
cell1_ROI_dbscan_centers,cell1_ROI_dbscan_centers,1939.0,2.0,0.0,0.0,0.0,1939.0,1.0,0.0,0.0,1.0
cell1_ROI_dbscan_centers,cell1_ROI_dbscan_centers,1940.0,0.0,0.0,1.0,0.0,1940.0,0.0,0.0,0.0,0.0
cell1_ROI_dbscan_centers,cell1_ROI_dbscan_centers,1941.0,0.0,0.0,1.0,0.0,1941.0,0.0,1.0,0.0,0.0
cell1_ROI_dbscan_centers,cell1_ROI_dbscan_centers,1942.0,0.0,0.0,0.0,0.0,1942.0,0.0,0.0,1.0,0.0
cell1_ROI_dbscan_centers,cell1_ROI_dbscan_centers,1943.0,0.0,0.0,0.0,0.0,1943.0,0.0,0.0,0.0,1.0
cell1_ROI_dbscan_centers,cell1_ROI_dbscan_centers,1944.0,2.0,0.0,0.0,0.0,1944.0,0.0,0.0,0.0,0.0
cell1_ROI_dbscan_centers,cell1_ROI_dbscan_centers,1945.0,1.0,0.0,0.0,0.0,1945.0,0.0,0.0,0.0,0.0
cell1_ROI_dbscan_centers,cell1_ROI_dbscan_centers,1946.0,0.0,1.0,0.0,0.0,1946.0,0.0,0.0,0.0,0.0
cell1_ROI_dbscan_centers,cell1_ROI_dbscan_centers,1947.0,0.0,0.0,0.0,1.0,1947.0,0.0,0.0,0.0,0.0
cell1_ROI_dbscan_centers,cell1_ROI_dbscan_centers,1948.0,1.0,0.0,1.0,0.0,1948.0,1.0,0.0,0.0,0.0
cell1_ROI_dbscan_centers,cell1_ROI_dbscan_centers,1949.0,1.0,0.0,0.0,1.0,1949.0,0.0,0.0,0.0,0.0
cell1_ROI_dbscan_centers,cell1_ROI_dbscan_centers,1950.0,1.0,0.0,0.0,0.0,1950.0,0.0,0.0,0.0,0.0
cell1_ROI_dbscan_centers,cell1_ROI_dbscan_centers,1951.0,1.0,0.0,0.0,0.0,1951.0,1.0,1.0,0.0,0.0
cell1_ROI_dbscan_centers,cell1_ROI_dbscan_centers,1952.0,0.0,0.0,0.0,0.0,1952.0,0.0,0.0,0.0,0.0
cell1_ROI_dbscan_centers,cell1_ROI_dbscan_centers,1953.0,1.0,0.0,0.0,0.0,1953.0,0.0,0.0,0.0,0.0
cell1_ROI_dbscan_centers,cell1_ROI_dbscan_centers,1954.0,0.0,0.0,0.0,0.0,1954.0,0.0,0.0,0.0,0.0
cell1_ROI_dbscan_centers,cell1_ROI_dbscan_centers,1955.0,1.0,0.0,0.0,0.0,1955.0,0.0,0.0,0.0,2.0
cell1_ROI_dbscan_centers,cell1_ROI_dbscan_centers,1956.0,1.0,0.0,0.0,0.0,1956.0,2.0,1.0,0.0,0.0
cell1_ROI_dbscan_centers,cell1_ROI_dbscan_centers,1957.0,0.0,0.0,1.0,0.0,1957.0,0.0,0.0,0.0,0.0
cell1_ROI_dbscan_centers,cell1_ROI_dbscan_centers,1958.0,1.0,0.0,0.0,0.0,1958.0,0.0,0.0,0.0,0.0
cell1_ROI_dbscan_centers,cell1_ROI_dbscan_centers,1959.0,1.0,0.0,0.0,1.0,1959.0,0.0,0.0,0.0,1.0
cell1_ROI_dbscan_centers,cell1_ROI_dbscan_centers,1960.0,0.0,0.0,0.0,1.0,1960.0,1.0,0.0,0.0,0.0
cell1_ROI_dbscan_centers,cell1_ROI_dbscan_centers,1961.0,0.0,0.0,0.0,0.0,1961.0,0.0,0.0,0.0,1.0
cell1_ROI_dbscan_centers,cell1_ROI_dbscan_centers,1962.0,1.0,0.0,0.0,0.0,1962.0,1.0,0.0,0.0,0.0
cell1_ROI_dbscan_centers,cell1_ROI_dbscan_centers,1963.0,0.0,0.0,0.0,0.0,1963.0,1.0,0.0,1.0,0.0
cell1_ROI_dbscan_centers,cell1_ROI_dbscan_centers,1964.0,0.0,0.0,2.0,0.0,1964.0,1.0,1.0,0.0,0.0
cell1_ROI_dbscan_centers,cell1_ROI_dbscan_centers,1965.0,1.0,0.0,0.0,0.0,1965.0,0.0,0.0,0.0,0.0
cell1_ROI_dbscan_centers,cell1_ROI_dbscan_centers,1966.0,0.0,0.0,1.0,0.0,1966.0,0.0,0.0,0.0,0.0
cell1_ROI_dbscan_centers,cell1_ROI_dbscan_centers,1967.0,1.0,0.0,1.0,0.0,1967.0,0.0,0.0,0.0,1.0
cell1_ROI_dbscan_centers,cell1_ROI_dbscan_centers,1968.0,0.0,0.0,0.0,0.0,1968.0,1.0,0.0,0.0,0.0
cell1_ROI_dbscan_centers,cell1_ROI_dbscan_centers,1969.0,0.0,1.0,0.0,0.0,1969.0,0.0,0.0,0.0,0.0
cell1_ROI_dbscan_centers,cell1_ROI_dbscan_centers,1970.0,0.0,0.0,0.0,0.0,1970.0,0.0,0.0,0.0,1.0
cell1_ROI_dbscan_centers,cell1_ROI_dbscan_centers,1971.0,1.0,0.0,1.0,0.0,1971.0,0.0,0.0,0.0,0.0
cell1_ROI_dbscan_centers,cell1_ROI_dbscan_centers,1972.0,1.0,0.0,0.0,0.0,1972.0,0.0,0.0,0.0,0.0
cell1_ROI_dbscan_centers,cell1_ROI_dbscan_centers,1973.0,0.0,0.0,0.0,0.0,1973.0,0.0,0.0,0.0,0.0
cell1_ROI_dbscan_centers,cell1_ROI_dbscan_centers,1974.0,0.0,0.0,0.0,0.0,1974.0,0.0,0.0,0.0,1.0
cell1_ROI_dbscan_centers,cell1_ROI_dbscan_centers,1975.0,1.0,0.0,0.0,0.0,1975.0,0.0,0.0,0.0,0.0
cell1_ROI_dbscan_centers,cell1_ROI_dbscan_centers,1976.0,0.0,0.0,0.0,0.0,1976.0,0.0,0.0,0.0,0.0
cell1_ROI_dbscan_centers,cell1_ROI_dbscan_centers,1977.0,1.0,0.0,0.0,0.0,1977.0,0.0,0.0,1.0,0.0
cell1_ROI_dbscan_centers,cell1_ROI_dbscan_centers,1978.0,2.0,0.0,0.0,0.0,1978.0,0.0,0.0,0.0,0.0
cell1_ROI_dbscan_centers,cell1_ROI_dbscan_centers,1979.0,1.0,0.0,1.0,0.0,1979.0,0.0,0.0,0.0,0.0
cell1_ROI_dbscan_centers,cell1_ROI_dbscan_centers,1980.0,0.0,0.0,1.0,0.0,1980.0,0.0,0.0,0.0,1.0
cell1_ROI_dbscan_centers,cell1_ROI_dbscan_centers,1981.0,1.0,0.0,1.0,0.0,1981.0,0.0,0.0,0.0,0.0
cell1_ROI_dbscan_centers,cell1_ROI_dbscan_centers,1982.0,1.0,0.0,0.0,0.0,1982.0,0.0,2.0,0.0,0.0
cell1_ROI_dbscan_centers,cell1_ROI_dbscan_centers,1983.0,1.0,0.0,0.0,0.0,1983.0,1.0,0.0,0.0,0.0
cell1_ROI_dbscan_centers,cell1_ROI_dbscan_centers,1984.0,1.0,0.0,0.0,0.0,1984.0,0.0,0.0,0.0,0.0
cell1_ROI_dbscan_centers,cell1_ROI_dbscan_centers,1985.0,2.0,0.0,0.0,0.0,1985.0,0.0,0.0,0.0,0.0
cell1_ROI_dbscan_centers,cell1_ROI_dbscan_centers,1986.0,1.0,0.0,0.0,0.0,1986.0,0.0,0.0,0.0,0.0
cell1_ROI_dbscan_centers,cell1_ROI_dbscan_centers,1987.0,1.0,0.0,1.0,0.0,1987.0,0.0,0.0,0.0,0.0
cell1_ROI_dbscan_centers,cell1_ROI_dbscan_centers,1988.0,0.0,0.0,0.0,1.0,1988.0,0.0,1.0,0.0,0.0
cell1_ROI_dbscan_centers,cell1_ROI_dbscan_centers,1989.0,1.0,0.0,0.0,0.0,1989.0,0.0,0.0,0.0,0.0
cell1_ROI_dbscan_centers,cell1_ROI_dbscan_centers,1990.0,0.0,1.0,0.0,0.0,1990.0,1.0,0.0,2.0,0.0
cell1_ROI_dbscan_centers,cell1_ROI_dbscan_centers,1991.0,0.0,0.0,0.0,0.0,1991.0,1.0,0.0,0.0,1.0
cell1_ROI_dbscan_centers,cell1_ROI_dbscan_centers,1992.0,1.0,0.0,1.0,0.0,1992.0,1.0,0.0,0.0,0.0
cell1_ROI_dbscan_centers,cell1_ROI_dbscan_centers,1993.0,1.0,0.0,0.0,0.0,1993.0,0.0,1.0,0.0,0.0
cell1_ROI_dbscan_centers,cell1_ROI_dbscan_centers,1994.0,1.0,0.0,0.0,1.0,1994.0,0.0,0.0,0.0,0.0
cell1_ROI_dbscan_centers,cell1_ROI_dbscan_centers,1995.0,1.0,0.0,1.0,0.0,1995.0,0.0,2.0,0.0,0.0
cell1_ROI_dbscan_centers,cell1_ROI_dbscan_centers,1996.0,1.0,0.0,0.0,0.0,1996.0,0.0,0.0,1.0,0.0
cell1_ROI_dbscan_centers,cell1_ROI_dbscan_centers,1997.0,1.0,0.0,1.0,1.0,1997.0,0.0,0.0,1.0,0.0
cell1_ROI_dbscan_centers,cell1_ROI_dbscan_centers,1998.0,1.0,0.0,0.0,0.0,1998.0,1.0,1.0,0.0,0.0
cell1_ROI_dbscan_centers,cell1_ROI_dbscan_centers,1999.0,1.0,0.0,1.0,0.0,1999.0,0.0,1.0,0.0,0.0
cell1_ROI_dbscan_centers,cell1_ROI_dbscan_centers,2000.0,1.0,0.0,0.0,0.0,2000.0,0.0,0.0,0.0,1.0
cell1_ROI_dbscan_centers,cell1_ROI_dbscan_centers,2001.0,1.0,0.0,0.0,0.0,2001.0,1.0,0.0,0.0,0.0
cell1_ROI_dbscan_centers,cell1_ROI_dbscan_centers,2002.0,1.0,0.0,1.0,0.0,2002.0,0.0,0.0,0.0,1.0
cell1_ROI_dbscan_centers,cell1_ROI_dbscan_centers,2003.0,1.0,0.0,1.0,0.0,2003.0,0.0,0.0,0.0,0.0
cell1_ROI_dbscan_centers,cell1_ROI_dbscan_centers,2004.0,0.0,0.0,0.0,0.0,2004.0,0.0,0.0,0.0,0.0
cell1_ROI_dbscan_centers,cell1_ROI_dbscan_centers,2005.0,0.0,0.0,0.0,0.0,2005.0,0.0,0.0,0.0,0.0
cell1_ROI_dbscan_centers,cell1_ROI_dbscan_centers,2006.0,1.0,0.0,0.0,0.0,2006.0,0.0,0.0,0.0,0.0
cell1_ROI_dbscan_centers,cell1_ROI_dbscan_centers,2007.0,0.0,0.0,0.0,0.0,2007.0,0.0,0.0,0.0,0.0
cell1_ROI_dbscan_centers,cell1_ROI_dbscan_centers,2008.0,1.0,1.0,0.0,0.0,2008.0,1.0,2.0,0.0,0.0
cell1_ROI_dbscan_centers,cell1_ROI_dbscan_centers,2009.0,0.0,0.0,0.0,0.0,2009.0,1.0,0.0,0.0,0.0
cell1_ROI_dbscan_centers,cell1_ROI_dbscan_centers,2010.0,1.0,0.0,1.0,0.0,2010.0,0.0,0.0,0.0,0.0
cell1_ROI_dbscan_centers,cell1_ROI_dbscan_centers,2011.0,0.0,0.0,0.0,0.0,2011.0,0.0,1.0,0.0,0.0
cell1_ROI_dbscan_centers,cell1_ROI_dbscan_centers,2012.0,0.0,1.0,0.0,0.0,2012.0,0.0,0.0,0.0,0.0
cell1_ROI_dbscan_centers,cell1_ROI_dbscan_centers,2013.0,0.0,1.0,0.0,0.0,2013.0,1.0,2.0,0.0,2.0
cell1_ROI_dbscan_centers,cell1_ROI_dbscan_centers,2014.0,0.0,0.0,0.0,0.0,2014.0,1.0,0.0,0.0,1.0
cell1_ROI_dbscan_centers,cell1_ROI_dbscan_centers,2015.0,0.0,0.0,0.0,1.0,2015.0,0.0,1.0,0.0,0.0
cell1_ROI_dbscan_centers,cell1_ROI_dbscan_centers,2016.0,1.0,0.0,0.0,0.0,2016.0,0.0,0.0,0.0,0.0
cell1_ROI_dbscan_centers,cell1_ROI_dbscan_centers,2017.0,1.0,0.0,1.0,0.0,2017.0,1.0,1.0,0.0,0.0
cell1_ROI_dbscan_centers,cell1_ROI_dbscan_centers,2018.0,1.0,0.0,0.0,0.0,2018.0,0.0,1.0,0.0,0.0
cell1_ROI_dbscan_centers,cell1_ROI_dbscan_centers,2019.0,1.0,0.0,0.0,0.0,2019.0,0.0,0.0,2.0,0.0
cell1_ROI_dbscan_centers,cell1_ROI_dbscan_centers,2020.0,0.0,0.0,0.0,0.0,2020.0,0.0,0.0,0.0,0.0
cell1_ROI_dbscan_centers,cell1_ROI_dbscan_centers,2021.0,0.0,0.0,0.0,0.0,2021.0,1.0,1.0,0.0,0.0
cell1_ROI_dbscan_centers,cell1_ROI_dbscan_centers,2022.0,2.0,0.0,0.0,0.0,2022.0,1.0,0.0,0.0,0.0
cell1_ROI_dbscan_centers,cell1_ROI_dbscan_centers,2023.0,0.0,0.0,0.0,0.0,2023.0,0.0,0.0,0.0,0.0
cell1_ROI_dbscan_centers,cell1_ROI_dbscan_centers,2024.0,1.0,0.0,0.0,0.0,2024.0,1.0,0.0,0.0,0.0
cell1_ROI_dbscan_centers,cell1_ROI_dbscan_centers,2025.0,0.0,0.0,0.0,0.0,2025.0,0.0,0.0,0.0,2.0
cell1_ROI_dbscan_centers,cell1_ROI_dbscan_centers,2026.0,0.0,0.0,0.0,0.0,2026.0,0.0,0.0,0.0,1.0
cell1_ROI_dbscan_centers,cell1_ROI_dbscan_centers,2027.0,0.0,0.0,0.0,0.0,2027.0,2.0,0.0,0.0,0.0
cell1_ROI_dbscan_centers,cell1_ROI_dbscan_centers,2028.0,0.0,0.0,0.0,0.0,2028.0,1.0,0.0,1.0,0.0
cell1_ROI_dbscan_centers,cell1_ROI_dbscan_centers,2029.0,0.0,0.0,0.0,0.0,2029.0,0.0,1.0,1.0,0.0
cell1_ROI_dbscan_centers,cell1_ROI_dbscan_centers,2030.0,1.0,0.0,0.0,0.0,2030.0,0.0,0.0,0.0,0.0
cell1_ROI_dbscan_centers,cell1_ROI_dbscan_centers,2031.0,1.0,0.0,0.0,0.0,2031.0,1.0,0.0,1.0,0.0
cell1_ROI_dbscan_centers,cell1_ROI_dbscan_centers,2032.0,0.0,0.0,0.0,0.0,2032.0,0.0,0.0,0.0,1.0
cell1_ROI_dbscan_centers,cell1_ROI_dbscan_centers,2033.0,2.0,0.0,0.0,0.0,2033.0,1.0,1.0,0.0,0.0
cell1_ROI_dbscan_centers,cell1_ROI_dbscan_centers,2034.0,1.0,0.0,0.0,0.0,2034.0,1.0,1.0,0.0,0.0
cell1_ROI_dbscan_centers,cell1_ROI_dbscan_centers,2035.0,0.0,0.0,0.0,0.0,2035.0,0.0,0.0,0.0,0.0
cell1_ROI_dbscan_centers,cell1_ROI_dbscan_centers,2036.0,1.0,0.0,0.0,1.0,2036.0,0.0,0.0,0.0,0.0
cell1_ROI_dbscan_centers,cell1_ROI_dbscan_centers,2037.0,0.0,0.0,0.0,0.0,2037.0,1.0,0.0,0.0,0.0
cell1_ROI_dbscan_centers,cell1_ROI_dbscan_centers,2038.0,1.0,0.0,0.0,0.0,2038.0,0.0,0.0,0.0,0.0
cell1_ROI_dbscan_centers,cell1_ROI_dbscan_centers,2039.0,0.0,0.0,1.0,0.0,2039.0,0.0,0.0,0.0,0.0
cell1_ROI_dbscan_centers,cell1_ROI_dbscan_centers,2040.0,0.0,0.0,0.0,0.0,2040.0,1.0,0.0,0.0,0.0
cell1_ROI_dbscan_centers,cell1_ROI_dbscan_centers,2041.0,1.0,0.0,0.0,0.0,2041.0,1.0,0.0,0.0,0.0
cell1_ROI_dbscan_centers,cell1_ROI_dbscan_centers,2042.0,1.0,0.0,0.0,0.0,2042.0,0.0,0.0,0.0,0.0
cell1_ROI_dbscan_centers,cell1_ROI_dbscan_centers,2043.0,0.0,0.0,1.0,0.0,2043.0,0.0,0.0,0.0,0.0
cell1_ROI_dbscan_centers,cell1_ROI_dbscan_centers,2044.0,0.0,0.0,1.0,1.0,2044.0,0.0,0.0,0.0,2.0
cell1_ROI_dbscan_centers,cell1_ROI_dbscan_centers,2045.0,0.0,0.0,0.0,0.0,2045.0,1.0,0.0,0.0,0.0
cell1_ROI_dbscan_centers,cell1_ROI_dbscan_centers,2046.0,1.0,0.0,0.0,0.0,2046.0,0.0,0.0,0.0,0.0
cell1_ROI_dbscan_centers,cell1_ROI_dbscan_centers,2047.0,1.0,0.0,0.0,1.0,2047.0,0.0,0.0,0.0,1.0
cell1_ROI_dbscan_centers,cell1_ROI_dbscan_centers,2048.0,0.0,0.0,0.0,0.0,2048.0,0.0,1.0,0.0,0.0
cell1_ROI_dbscan_centers,cell1_ROI_dbscan_centers,2049.0,1.0,0.0,0.0,0.0,2049.0,0.0,0.0,0.0,0.0
cell1_ROI_dbscan_centers,cell1_ROI_dbscan_centers,2050.0,0.0,0.0,0.0,1.0,2050.0,0.0,0.0,0.0,1.0
cell1_ROI_dbscan_centers,cell1_ROI_dbscan_centers,2051.0,1.0,0.0,0.0,0.0,2051.0,1.0,1.0,0.0,0.0
cell1_ROI_dbscan_centers,cell1_ROI_dbscan_centers,2052.0,1.0,0.0,0.0,0.0,2052.0,2.0,0.0,0.0,0.0
cell1_ROI_dbscan_centers,cell1_ROI_dbscan_centers,2053.0,0.0,0.0,0.0,0.0,2053.0,0.0,0.0,0.0,0.0
cell1_ROI_dbscan_centers,cell1_ROI_dbscan_centers,2054.0,0.0,0.0,1.0,0.0,2054.0,0.0,0.0,0.0,1.0
cell1_ROI_dbscan_centers,cell1_ROI_dbscan_centers,2055.0,1.0,0.0,0.0,0.0,2055.0,0.0,0.0,0.0,1.0
cell1_ROI_dbscan_centers,cell1_ROI_dbscan_centers,2056.0,1.0,0.0,0.0,0.0,2056.0,0.0,0.0,0.0,0.0
cell1_ROI_dbscan_centers,cell1_ROI_dbscan_centers,2057.0,0.0,0.0,1.0,0.0,2057.0,0.0,0.0,0.0,1.0
cell1_ROI_dbscan_centers,cell1_ROI_dbscan_centers,2058.0,1.0,0.0,0.0,0.0,2058.0,0.0,0.0,0.0,0.0
cell1_ROI_dbscan_centers,cell1_ROI_dbscan_centers,2059.0,1.0,1.0,0.0,0.0,2059.0,0.0,0.0,0.0,0.0
cell1_ROI_dbscan_centers,cell1_ROI_dbscan_centers,2060.0,1.0,0.0,0.0,0.0,2060.0,0.0,0.0,0.0,0.0
cell1_ROI_dbscan_centers,cell1_ROI_dbscan_centers,2061.0,1.0,0.0,1.0,0.0,2061.0,0.0,0.0,0.0,0.0
cell1_ROI_dbscan_centers,cell1_ROI_dbscan_centers,2062.0,0.0,0.0,0.0,0.0,2062.0,1.0,0.0,0.0,0.0
cell1_ROI_dbscan_centers,cell1_ROI_dbscan_centers,2063.0,0.0,0.0,0.0,0.0,2063.0,0.0,0.0,0.0,0.0
cell1_ROI_dbscan_centers,cell1_ROI_dbscan_centers,2064.0,1.0,0.0,0.0,0.0,2064.0,0.0,0.0,0.0,1.0
cell1_ROI_dbscan_centers,cell1_ROI_dbscan_centers,2065.0,1.0,0.0,0.0,0.0,2065.0,1.0,0.0,0.0,0.0
cell1_ROI_dbscan_centers,cell1_ROI_dbscan_centers,2066.0,1.0,0.0,0.0,0.0,2066.0,1.0,0.0,0.0,0.0
cell1_ROI_dbscan_centers,cell1_ROI_dbscan_centers,2067.0,0.0,0.0,0.0,0.0,2067.0,0.0,0.0,0.0,1.0
cell1_ROI_dbscan_centers,cell1_ROI_dbscan_centers,2068.0,1.0,0.0,0.0,0.0,2068.0,0.0,0.0,0.0,0.0
cell1_ROI_dbscan_centers,cell1_ROI_dbscan_centers,2069.0,1.0,0.0,1.0,0.0,2069.0,0.0,0.0,0.0,0.0
cell1_ROI_dbscan_centers,cell1_ROI_dbscan_centers,2070.0,0.0,0.0,0.0,0.0,2070.0,0.0,0.0,0.0,0.0
cell1_ROI_dbscan_centers,cell1_ROI_dbscan_centers,2071.0,0.0,0.0,0.0,0.0,2071.0,1.0,0.0,0.0,0.0
cell1_ROI_dbscan_centers,cell1_ROI_dbscan_centers,2072.0,0.0,0.0,0.0,0.0,2072.0,0.0,0.0,0.0,0.0
cell1_ROI_dbscan_centers,cell1_ROI_dbscan_centers,2073.0,1.0,0.0,0.0,0.0,2073.0,0.0,0.0,0.0,0.0
cell1_ROI_dbscan_centers,cell1_ROI_dbscan_centers,2074.0,0.0,0.0,0.0,0.0,2074.0,0.0,0.0,0.0,0.0
cell1_ROI_dbscan_centers,cell1_ROI_dbscan_centers,2075.0,0.0,0.0,0.0,0.0,2075.0,0.0,1.0,0.0,2.0
cell1_ROI_dbscan_centers,cell1_ROI_dbscan_centers,2076.0,0.0,1.0,0.0,0.0,2076.0,0.0,0.0,0.0,0.0
cell1_ROI_dbscan_centers,cell1_ROI_dbscan_centers,2077.0,1.0,0.0,0.0,0.0,2077.0,0.0,0.0,0.0,0.0
cell1_ROI_dbscan_centers,cell1_ROI_dbscan_centers,2078.0,0.0,0.0,0.0,0.0,2078.0,0.0,0.0,0.0,0.0
cell1_ROI_dbscan_centers,cell1_ROI_dbscan_centers,2079.0,1.0,0.0,0.0,1.0,2079.0,0.0,0.0,1.0,0.0
cell1_ROI_dbscan_centers,cell1_ROI_dbscan_centers,2080.0,1.0,0.0,0.0,0.0,2080.0,1.0,1.0,0.0,0.0
cell1_ROI_dbscan_centers,cell1_ROI_dbscan_centers,2081.0,1.0,0.0,0.0,0.0,2081.0,0.0,0.0,0.0,0.0
cell1_ROI_dbscan_centers,cell1_ROI_dbscan_centers,2082.0,1.0,0.0,0.0,0.0,2082.0,0.0,0.0,0.0,0.0
cell1_ROI_dbscan_centers,cell1_ROI_dbscan_centers,2083.0,0.0,0.0,0.0,0.0,2083.0,0.0,1.0,0.0,0.0
cell1_ROI_dbscan_centers,cell1_ROI_dbscan_centers,2084.0,1.0,0.0,1.0,0.0,2084.0,0.0,1.0,0.0,1.0
cell1_ROI_dbscan_centers,cell1_ROI_dbscan_centers,2085.0,0.0,0.0,1.0,0.0,2085.0,0.0,1.0,0.0,0.0
cell1_ROI_dbscan_centers,cell1_ROI_dbscan_centers,2086.0,1.0,0.0,0.0,0.0,2086.0,1.0,0.0,0.0,0.0
cell1_ROI_dbscan_centers,cell1_ROI_dbscan_centers,2087.0,0.0,0.0,0.0,0.0,2087.0,0.0,0.0,0.0,1.0
cell1_ROI_dbscan_centers,cell1_ROI_dbscan_centers,2088.0,1.0,0.0,0.0,0.0,2088.0,0.0,0.0,0.0,0.0
cell1_ROI_dbscan_centers,cell1_ROI_dbscan_centers,2089.0,1.0,0.0,0.0,0.0,2089.0,1.0,0.0,0.0,0.0
cell1_ROI_dbscan_centers,cell1_ROI_dbscan_centers,2090.0,0.0,0.0,0.0,0.0,2090.0,0.0,0.0,0.0,1.0
cell1_ROI_dbscan_centers,cell1_ROI_dbscan_centers,2091.0,0.0,0.0,0.0,0.0,2091.0,0.0,0.0,1.0,0.0
cell1_ROI_dbscan_centers,cell1_ROI_dbscan_centers,2092.0,0.0,0.0,0.0,0.0,2092.0,0.0,0.0,0.0,1.0
cell1_ROI_dbscan_centers,cell1_ROI_dbscan_centers,2093.0,0.0,0.0,0.0,0.0,2093.0,0.0,0.0,0.0,1.0
cell1_ROI_dbscan_centers,cell1_ROI_dbscan_centers,2094.0,0.0,0.0,0.0,0.0,2094.0,0.0,0.0,0.0,0.0
cell1_ROI_dbscan_centers,cell1_ROI_dbscan_centers,2095.0,0.0,0.0,0.0,0.0,2095.0,0.0,0.0,1.0,0.0
cell1_ROI_dbscan_centers,cell1_ROI_dbscan_centers,2096.0,0.0,0.0,0.0,0.0,2096.0,1.0,0.0,1.0,0.0
cell1_ROI_dbscan_centers,cell1_ROI_dbscan_centers,2097.0,1.0,0.0,1.0,0.0,2097.0,0.0,0.0,0.0,1.0
cell1_ROI_dbscan_centers,cell1_ROI_dbscan_centers,2098.0,1.0,0.0,2.0,0.0,2098.0,1.0,0.0,0.0,1.0
cell1_ROI_dbscan_centers,cell1_ROI_dbscan_centers,2099.0,0.0,0.0,1.0,0.0,2099.0,0.0,0.0,0.0,0.0
cell1_ROI_dbscan_centers,cell1_ROI_dbscan_centers,2100.0,1.0,0.0,0.0,1.0,2100.0,0.0,0.0,0.0,0.0
cell1_ROI_dbscan_centers,cell1_ROI_dbscan_centers,2101.0,0.0,0.0,0.0,0.0,2101.0,1.0,2.0,0.0,0.0
cell1_ROI_dbscan_centers,cell1_ROI_dbscan_centers,2102.0,1.0,1.0,0.0,0.0,2102.0,0.0,0.0,1.0,1.0
cell1_ROI_dbscan_centers,cell1_ROI_dbscan_centers,2103.0,0.0,0.0,0.0,0.0,2103.0,0.0,0.0,0.0,0.0
cell1_ROI_dbscan_centers,cell1_ROI_dbscan_centers,2104.0,0.0,0.0,0.0,0.0,2104.0,0.0,0.0,0.0,0.0
cell1_ROI_dbscan_centers,cell1_ROI_dbscan_centers,2105.0,0.0,0.0,1.0,0.0,2105.0,1.0,2.0,0.0,1.0
cell1_ROI_dbscan_centers,cell1_ROI_dbscan_centers,2106.0,2.0,0.0,0.0,0.0,2106.0,0.0,0.0,0.0,0.0
cell1_ROI_dbscan_centers,cell1_ROI_dbscan_centers,2107.0,0.0,0.0,0.0,0.0,2107.0,1.0,0.0,0.0,0.0
cell1_ROI_dbscan_centers,cell1_ROI_dbscan_centers,2108.0,0.0,0.0,0.0,0.0,2108.0,0.0,0.0,0.0,1.0
cell1_ROI_dbscan_centers,cell1_ROI_dbscan_centers,2109.0,0.0,0.0,0.0,0.0,2109.0,1.0,0.0,0.0,0.0
cell1_ROI_dbscan_centers,cell1_ROI_dbscan_centers,2110.0,1.0,0.0,0.0,0.0,2110.0,1.0,0.0,0.0,0.0
cell1_ROI_dbscan_centers,cell1_ROI_dbscan_centers,2111.0,1.0,0.0,1.0,0.0,2111.0,0.0,0.0,0.0,0.0
cell1_ROI_dbscan_centers,cell1_ROI_dbscan_centers,2112.0,0.0,0.0,0.0,0.0,2112.0,0.0,0.0,0.0,0.0
cell1_ROI_dbscan_centers,cell1_ROI_dbscan_centers,2113.0,1.0,0.0,0.0,0.0,2113.0,1.0,0.0,0.0,0.0
cell1_ROI_dbscan_centers,cell1_ROI_dbscan_centers,2114.0,0.0,0.0,0.0,1.0,2114.0,0.0,0.0,0.0,0.0
cell1_ROI_dbscan_centers,cell1_ROI_dbscan_centers,2115.0,0.0,0.0,0.0,0.0,2115.0,0.0,0.0,0.0,0.0
cell1_ROI_dbscan_centers,cell1_ROI_dbscan_centers,2116.0,2.0,0.0,1.0,0.0,2116.0,0.0,0.0,0.0,0.0
cell1_ROI_dbscan_centers,cell1_ROI_dbscan_centers,2117.0,1.0,0.0,0.0,0.0,2117.0,1.0,0.0,0.0,0.0
cell1_ROI_dbscan_centers,cell1_ROI_dbscan_centers,2118.0,2.0,0.0,0.0,0.0,2118.0,0.0,0.0,0.0,0.0
cell1_ROI_dbscan_centers,cell1_ROI_dbscan_centers,2119.0,0.0,0.0,0.0,0.0,2119.0,1.0,0.0,0.0,0.0
cell1_ROI_dbscan_centers,cell1_ROI_dbscan_centers,2120.0,1.0,0.0,0.0,0.0,2120.0,1.0,0.0,0.0,1.0
cell1_ROI_dbscan_centers,cell1_ROI_dbscan_centers,2121.0,0.0,0.0,0.0,1.0,2121.0,0.0,0.0,0.0,0.0
cell1_ROI_dbscan_centers,cell1_ROI_dbscan_centers,2122.0,1.0,0.0,0.0,1.0,2122.0,0.0,0.0,0.0,0.0
cell1_ROI_dbscan_centers,cell1_ROI_dbscan_centers,2123.0,0.0,0.0,0.0,0.0,2123.0,0.0,0.0,0.0,0.0
cell1_ROI_dbscan_centers,cell1_ROI_dbscan_centers,2124.0,0.0,0.0,0.0,0.0,2124.0,0.0,0.0,0.0,0.0
cell1_ROI_dbscan_centers,cell1_ROI_dbscan_centers,2125.0,1.0,0.0,0.0,0.0,2125.0,1.0,0.0,0.0,0.0
cell1_ROI_dbscan_centers,cell1_ROI_dbscan_centers,2126.0,0.0,1.0,0.0,0.0,2126.0,0.0,0.0,0.0,0.0
cell1_ROI_dbscan_centers,cell1_ROI_dbscan_centers,2127.0,0.0,0.0,0.0,1.0,2127.0,0.0,1.0,0.0,0.0
cell1_ROI_dbscan_centers,cell1_ROI_dbscan_centers,2128.0,3.0,0.0,1.0,0.0,2128.0,0.0,0.0,0.0,0.0
cell1_ROI_dbscan_centers,cell1_ROI_dbscan_centers,2129.0,2.0,0.0,0.0,0.0,2129.0,0.0,0.0,0.0,1.0
cell1_ROI_dbscan_centers,cell1_ROI_dbscan_centers,2130.0,0.0,0.0,0.0,0.0,2130.0,0.0,0.0,0.0,1.0
cell1_ROI_dbscan_centers,cell1_ROI_dbscan_centers,2131.0,2.0,0.0,0.0,0.0,2131.0,1.0,0.0,0.0,0.0
cell1_ROI_dbscan_centers,cell1_ROI_dbscan_centers,2132.0,0.0,0.0,0.0,0.0,2132.0,0.0,0.0,0.0,0.0
cell1_ROI_dbscan_centers,cell1_ROI_dbscan_centers,2133.0,1.0,0.0,0.0,0.0,2133.0,0.0,1.0,0.0,0.0
cell1_ROI_dbscan_centers,cell1_ROI_dbscan_centers,2134.0,1.0,0.0,0.0,0.0,2134.0,1.0,1.0,0.0,0.0
cell1_ROI_dbscan_centers,cell1_ROI_dbscan_centers,2135.0,0.0,0.0,0.0,1.0,2135.0,0.0,0.0,0.0,0.0
cell1_ROI_dbscan_centers,cell1_ROI_dbscan_centers,2136.0,1.0,0.0,0.0,0.0,2136.0,1.0,1.0,1.0,0.0
cell1_ROI_dbscan_centers,cell1_ROI_dbscan_centers,2137.0,1.0,0.0,0.0,0.0,2137.0,0.0,0.0,0.0,0.0
cell1_ROI_dbscan_centers,cell1_ROI_dbscan_centers,2138.0,1.0,0.0,1.0,0.0,2138.0,1.0,0.0,0.0,0.0
cell1_ROI_dbscan_centers,cell1_ROI_dbscan_centers,2139.0,0.0,0.0,0.0,0.0,2139.0,0.0,0.0,0.0,0.0
cell1_ROI_dbscan_centers,cell1_ROI_dbscan_centers,2140.0,2.0,0.0,0.0,0.0,2140.0,0.0,1.0,0.0,1.0
cell1_ROI_dbscan_centers,cell1_ROI_dbscan_centers,2141.0,1.0,0.0,0.0,0.0,2141.0,1.0,0.0,0.0,0.0
cell1_ROI_dbscan_centers,cell1_ROI_dbscan_centers,2142.0,0.0,0.0,1.0,0.0,2142.0,0.0,1.0,0.0,1.0
cell1_ROI_dbscan_centers,cell1_ROI_dbscan_centers,2143.0,0.0,0.0,1.0,0.0,2143.0,0.0,0.0,0.0,1.0
cell1_ROI_dbscan_centers,cell1_ROI_dbscan_centers,2144.0,1.0,0.0,0.0,0.0,2144.0,0.0,0.0,0.0,0.0
cell1_ROI_dbscan_centers,cell1_ROI_dbscan_centers,2145.0,0.0,0.0,1.0,0.0,2145.0,1.0,0.0,0.0,0.0
cell1_ROI_dbscan_centers,cell1_ROI_dbscan_centers,2146.0,0.0,0.0,1.0,0.0,2146.0,0.0,0.0,0.0,0.0
cell1_ROI_dbscan_centers,cell1_ROI_dbscan_centers,2147.0,0.0,0.0,0.0,0.0,2147.0,0.0,0.0,0.0,0.0
cell1_ROI_dbscan_centers,cell1_ROI_dbscan_centers,2148.0,1.0,0.0,0.0,0.0,2148.0,0.0,0.0,0.0,0.0
cell1_ROI_dbscan_centers,cell1_ROI_dbscan_centers,2149.0,1.0,1.0,0.0,0.0,2149.0,0.0,0.0,0.0,0.0
cell1_ROI_dbscan_centers,cell1_ROI_dbscan_centers,2150.0,0.0,0.0,0.0,0.0,2150.0,0.0,0.0,0.0,1.0
cell1_ROI_dbscan_centers,cell1_ROI_dbscan_centers,2151.0,1.0,1.0,0.0,0.0,2151.0,1.0,0.0,0.0,0.0
cell1_ROI_dbscan_centers,cell1_ROI_dbscan_centers,2152.0,2.0,0.0,1.0,0.0,2152.0,1.0,0.0,0.0,1.0
cell1_ROI_dbscan_centers,cell1_ROI_dbscan_centers,2153.0,1.0,0.0,1.0,0.0,2153.0,1.0,0.0,0.0,0.0
cell1_ROI_dbscan_centers,cell1_ROI_dbscan_centers,2154.0,1.0,0.0,1.0,0.0,2154.0,0.0,0.0,0.0,0.0
cell1_ROI_dbscan_centers,cell1_ROI_dbscan_centers,2155.0,1.0,1.0,0.0,0.0,2155.0,0.0,0.0,0.0,0.0
cell1_ROI_dbscan_centers,cell1_ROI_dbscan_centers,2156.0,1.0,0.0,2.0,0.0,2156.0,0.0,0.0,0.0,0.0
cell1_ROI_dbscan_centers,cell1_ROI_dbscan_centers,2157.0,0.0,0.0,0.0,0.0,2157.0,0.0,0.0,0.0,0.0
cell1_ROI_dbscan_centers,cell1_ROI_dbscan_centers,2158.0,0.0,0.0,0.0,0.0,2158.0,0.0,0.0,0.0,1.0
cell1_ROI_dbscan_centers,cell1_ROI_dbscan_centers,2159.0,0.0,0.0,0.0,0.0,2159.0,1.0,0.0,0.0,0.0
cell1_ROI_dbscan_centers,cell1_ROI_dbscan_centers,2160.0,0.0,0.0,0.0,0.0,2160.0,0.0,2.0,0.0,0.0
cell1_ROI_dbscan_centers,cell1_ROI_dbscan_centers,2161.0,0.0,0.0,0.0,0.0,2161.0,0.0,2.0,0.0,1.0
cell1_ROI_dbscan_centers,cell1_ROI_dbscan_centers,2162.0,1.0,0.0,0.0,1.0,2162.0,0.0,1.0,0.0,0.0
cell1_ROI_dbscan_centers,cell1_ROI_dbscan_centers,2163.0,1.0,0.0,0.0,0.0,2163.0,0.0,0.0,0.0,0.0
cell1_ROI_dbscan_centers,cell1_ROI_dbscan_centers,2164.0,0.0,0.0,0.0,0.0,2164.0,0.0,0.0,0.0,1.0
cell1_ROI_dbscan_centers,cell1_ROI_dbscan_centers,2165.0,0.0,0.0,0.0,0.0,2165.0,0.0,0.0,0.0,0.0
cell1_ROI_dbscan_centers,cell1_ROI_dbscan_centers,2166.0,0.0,1.0,0.0,0.0,2166.0,0.0,1.0,0.0,0.0
cell1_ROI_dbscan_centers,cell1_ROI_dbscan_centers,2167.0,0.0,0.0,0.0,0.0,2167.0,0.0,1.0,0.0,1.0
cell1_ROI_dbscan_centers,cell1_ROI_dbscan_centers,2168.0,0.0,0.0,0.0,0.0,2168.0,1.0,0.0,0.0,0.0
cell1_ROI_dbscan_centers,cell1_ROI_dbscan_centers,2169.0,0.0,1.0,0.0,0.0,2169.0,1.0,0.0,0.0,0.0
cell1_ROI_dbscan_centers,cell1_ROI_dbscan_centers,2170.0,1.0,0.0,0.0,0.0,2170.0,1.0,0.0,0.0,0.0
cell1_ROI_dbscan_centers,cell1_ROI_dbscan_centers,2171.0,0.0,0.0,1.0,1.0,2171.0,1.0,2.0,0.0,0.0
cell1_ROI_dbscan_centers,cell1_ROI_dbscan_centers,2172.0,0.0,0.0,1.0,0.0,2172.0,0.0,0.0,0.0,0.0
cell1_ROI_dbscan_centers,cell1_ROI_dbscan_centers,2173.0,0.0,0.0,0.0,0.0,2173.0,0.0,0.0,0.0,0.0
cell1_ROI_dbscan_centers,cell1_ROI_dbscan_centers,2174.0,0.0,0.0,0.0,0.0,2174.0,0.0,0.0,0.0,0.0
cell1_ROI_dbscan_centers,cell1_ROI_dbscan_centers,2175.0,1.0,0.0,1.0,0.0,2175.0,0.0,1.0,0.0,1.0
cell1_ROI_dbscan_centers,cell1_ROI_dbscan_centers,2176.0,1.0,0.0,0.0,0.0,2176.0,0.0,0.0,0.0,0.0
cell1_ROI_dbscan_centers,cell1_ROI_dbscan_centers,2177.0,0.0,0.0,0.0,0.0,2177.0,0.0,1.0,0.0,0.0
cell1_ROI_dbscan_centers,cell1_ROI_dbscan_centers,2178.0,0.0,0.0,0.0,0.0,2178.0,0.0,1.0,0.0,0.0
cell1_ROI_dbscan_centers,cell1_ROI_dbscan_centers,2179.0,1.0,0.0,0.0,0.0,2179.0,0.0,0.0,0.0,1.0
cell1_ROI_dbscan_centers,cell1_ROI_dbscan_centers,2180.0,1.0,0.0,0.0,0.0,2180.0,0.0,0.0,0.0,1.0
cell1_ROI_dbscan_centers,cell1_ROI_dbscan_centers,2181.0,1.0,0.0,0.0,0.0,2181.0,0.0,0.0,0.0,0.0
cell1_ROI_dbscan_centers,cell1_ROI_dbscan_centers,2182.0,0.0,0.0,0.0,0.0,2182.0,0.0,0.0,0.0,0.0
cell1_ROI_dbscan_centers,cell1_ROI_dbscan_centers,2183.0,1.0,0.0,0.0,0.0,2183.0,1.0,1.0,0.0,0.0
cell1_ROI_dbscan_centers,cell1_ROI_dbscan_centers,2184.0,1.0,0.0,1.0,0.0,2184.0,0.0,0.0,0.0,0.0
cell1_ROI_dbscan_centers,cell1_ROI_dbscan_centers,2185.0,1.0,0.0,0.0,0.0,2185.0,0.0,0.0,0.0,0.0
cell1_ROI_dbscan_centers,cell1_ROI_dbscan_centers,2186.0,0.0,0.0,0.0,0.0,2186.0,0.0,0.0,0.0,0.0
cell1_ROI_dbscan_centers,cell1_ROI_dbscan_centers,2187.0,1.0,1.0,1.0,0.0,2187.0,0.0,0.0,0.0,0.0
cell1_ROI_dbscan_centers,cell1_ROI_dbscan_centers,2188.0,1.0,1.0,0.0,0.0,2188.0,0.0,0.0,0.0,0.0
cell1_ROI_dbscan_centers,cell1_ROI_dbscan_centers,2189.0,0.0,0.0,0.0,0.0,2189.0,0.0,0.0,0.0,0.0
cell1_ROI_dbscan_centers,cell1_ROI_dbscan_centers,2190.0,1.0,0.0,0.0,0.0,2190.0,0.0,0.0,0.0,0.0
cell1_ROI_dbscan_centers,cell1_ROI_dbscan_centers,2191.0,0.0,1.0,0.0,0.0,2191.0,0.0,0.0,0.0,0.0
cell1_ROI_dbscan_centers,cell1_ROI_dbscan_centers,2192.0,1.0,0.0,0.0,0.0,2192.0,0.0,0.0,0.0,0.0
cell1_ROI_dbscan_centers,cell1_ROI_dbscan_centers,2193.0,1.0,0.0,0.0,1.0,2193.0,0.0,0.0,0.0,2.0
cell1_ROI_dbscan_centers,cell1_ROI_dbscan_centers,2194.0,0.0,0.0,0.0,0.0,2194.0,0.0,0.0,0.0,0.0
cell1_ROI_dbscan_centers,cell1_ROI_dbscan_centers,2195.0,0.0,0.0,1.0,0.0,2195.0,0.0,1.0,0.0,0.0
cell1_ROI_dbscan_centers,cell1_ROI_dbscan_centers,2196.0,1.0,0.0,0.0,0.0,2196.0,0.0,0.0,0.0,0.0
cell1_ROI_dbscan_centers,cell1_ROI_dbscan_centers,2197.0,1.0,0.0,0.0,0.0,2197.0,0.0,0.0,0.0,0.0
cell1_ROI_dbscan_centers,cell1_ROI_dbscan_centers,2198.0,1.0,0.0,0.0,0.0,2198.0,0.0,0.0,0.0,0.0
cell1_ROI_dbscan_centers,cell1_ROI_dbscan_centers,2199.0,1.0,0.0,0.0,0.0,2199.0,0.0,0.0,1.0,0.0
cell1_ROI_dbscan_centers,cell1_ROI_dbscan_centers,2200.0,0.0,0.0,0.0,0.0,2200.0,1.0,0.0,0.0,0.0
cell1_ROI_dbscan_centers,cell1_ROI_dbscan_centers,2201.0,1.0,0.0,0.0,0.0,2201.0,0.0,0.0,1.0,0.0
cell1_ROI_dbscan_centers,cell1_ROI_dbscan_centers,2202.0,0.0,0.0,0.0,0.0,2202.0,0.0,0.0,0.0,0.0
cell1_ROI_dbscan_centers,cell1_ROI_dbscan_centers,2203.0,1.0,0.0,0.0,0.0,2203.0,0.0,0.0,0.0,0.0
cell1_ROI_dbscan_centers,cell1_ROI_dbscan_centers,2204.0,0.0,1.0,0.0,0.0,2204.0,0.0,0.0,0.0,0.0
cell1_ROI_dbscan_centers,cell1_ROI_dbscan_centers,2205.0,0.0,0.0,0.0,0.0,2205.0,0.0,0.0,0.0,1.0
cell1_ROI_dbscan_centers,cell1_ROI_dbscan_centers,2206.0,1.0,0.0,0.0,0.0,2206.0,0.0,0.0,0.0,1.0
cell1_ROI_dbscan_centers,cell1_ROI_dbscan_centers,2207.0,1.0,0.0,0.0,0.0,2207.0,0.0,0.0,0.0,0.0
cell1_ROI_dbscan_centers,cell1_ROI_dbscan_centers,2208.0,1.0,0.0,0.0,0.0,2208.0,0.0,2.0,0.0,0.0
cell1_ROI_dbscan_centers,cell1_ROI_dbscan_centers,2209.0,0.0,0.0,0.0,0.0,2209.0,1.0,0.0,0.0,0.0
cell1_ROI_dbscan_centers,cell1_ROI_dbscan_centers,2210.0,1.0,0.0,1.0,0.0,2210.0,0.0,0.0,1.0,0.0
cell1_ROI_dbscan_centers,cell1_ROI_dbscan_centers,2211.0,1.0,0.0,1.0,0.0,2211.0,1.0,0.0,0.0,0.0
cell1_ROI_dbscan_centers,cell1_ROI_dbscan_centers,2212.0,0.0,0.0,1.0,0.0,2212.0,0.0,0.0,0.0,0.0
cell1_ROI_dbscan_centers,cell1_ROI_dbscan_centers,2213.0,0.0,0.0,0.0,1.0,2213.0,0.0,0.0,0.0,0.0
cell1_ROI_dbscan_centers,cell1_ROI_dbscan_centers,2214.0,0.0,0.0,0.0,0.0,2214.0,0.0,0.0,0.0,0.0
cell1_ROI_dbscan_centers,cell1_ROI_dbscan_centers,2215.0,1.0,0.0,0.0,0.0,2215.0,0.0,0.0,0.0,0.0
cell1_ROI_dbscan_centers,cell1_ROI_dbscan_centers,2216.0,0.0,0.0,0.0,1.0,2216.0,0.0,1.0,0.0,0.0
cell1_ROI_dbscan_centers,cell1_ROI_dbscan_centers,2217.0,0.0,0.0,0.0,0.0,2217.0,1.0,0.0,0.0,0.0
cell1_ROI_dbscan_centers,cell1_ROI_dbscan_centers,2218.0,0.0,0.0,0.0,0.0,2218.0,0.0,0.0,0.0,0.0
cell1_ROI_dbscan_centers,cell1_ROI_dbscan_centers,2219.0,0.0,0.0,0.0,0.0,2219.0,1.0,0.0,0.0,0.0
cell1_ROI_dbscan_centers,cell1_ROI_dbscan_centers,2220.0,0.0,0.0,1.0,0.0,2220.0,0.0,0.0,0.0,0.0
cell1_ROI_dbscan_centers,cell1_ROI_dbscan_centers,2221.0,1.0,0.0,0.0,0.0,2221.0,0.0,0.0,0.0,0.0
cell1_ROI_dbscan_centers,cell1_ROI_dbscan_centers,2222.0,1.0,0.0,0.0,0.0,2222.0,0.0,0.0,0.0,0.0
cell1_ROI_dbscan_centers,cell1_ROI_dbscan_centers,2223.0,0.0,0.0,1.0,0.0,2223.0,0.0,0.0,0.0,2.0
cell1_ROI_dbscan_centers,cell1_ROI_dbscan_centers,2224.0,2.0,0.0,0.0,0.0,2224.0,0.0,0.0,0.0,0.0
cell1_ROI_dbscan_centers,cell1_ROI_dbscan_centers,2225.0,1.0,0.0,0.0,0.0,2225.0,0.0,0.0,0.0,0.0
cell1_ROI_dbscan_centers,cell1_ROI_dbscan_centers,2226.0,0.0,0.0,1.0,0.0,2226.0,0.0,0.0,0.0,0.0
cell1_ROI_dbscan_centers,cell1_ROI_dbscan_centers,2227.0,1.0,0.0,0.0,0.0,2227.0,0.0,0.0,0.0,0.0
cell1_ROI_dbscan_centers,cell1_ROI_dbscan_centers,2228.0,0.0,0.0,0.0,0.0,2228.0,0.0,0.0,0.0,0.0
cell1_ROI_dbscan_centers,cell1_ROI_dbscan_centers,2229.0,0.0,0.0,1.0,0.0,2229.0,0.0,0.0,1.0,1.0
cell1_ROI_dbscan_centers,cell1_ROI_dbscan_centers,2230.0,2.0,0.0,0.0,0.0,2230.0,0.0,1.0,0.0,1.0
cell1_ROI_dbscan_centers,cell1_ROI_dbscan_centers,2231.0,1.0,0.0,0.0,0.0,2231.0,0.0,0.0,0.0,1.0
cell1_ROI_dbscan_centers,cell1_ROI_dbscan_centers,2232.0,0.0,0.0,1.0,0.0,2232.0,1.0,1.0,0.0,0.0
cell1_ROI_dbscan_centers,cell1_ROI_dbscan_centers,2233.0,1.0,1.0,0.0,1.0,2233.0,0.0,0.0,0.0,1.0
cell1_ROI_dbscan_centers,cell1_ROI_dbscan_centers,2234.0,0.0,0.0,0.0,0.0,2234.0,0.0,0.0,0.0,0.0
cell1_ROI_dbscan_centers,cell1_ROI_dbscan_centers,2235.0,1.0,0.0,0.0,0.0,2235.0,1.0,0.0,0.0,0.0
cell1_ROI_dbscan_centers,cell1_ROI_dbscan_centers,2236.0,0.0,0.0,0.0,0.0,2236.0,0.0,0.0,0.0,0.0
cell1_ROI_dbscan_centers,cell1_ROI_dbscan_centers,2237.0,0.0,0.0,0.0,0.0,2237.0,0.0,0.0,0.0,0.0
cell1_ROI_dbscan_centers,cell1_ROI_dbscan_centers,2238.0,0.0,0.0,0.0,0.0,2238.0,1.0,1.0,0.0,0.0
cell1_ROI_dbscan_centers,cell1_ROI_dbscan_centers,2239.0,0.0,0.0,0.0,0.0,2239.0,0.0,0.0,0.0,0.0
cell1_ROI_dbscan_centers,cell1_ROI_dbscan_centers,2240.0,0.0,1.0,1.0,0.0,2240.0,0.0,0.0,0.0,0.0
cell1_ROI_dbscan_centers,cell1_ROI_dbscan_centers,2241.0,0.0,0.0,1.0,0.0,2241.0,0.0,1.0,0.0,1.0
cell1_ROI_dbscan_centers,cell1_ROI_dbscan_centers,2242.0,1.0,0.0,0.0,0.0,2242.0,0.0,0.0,0.0,0.0
cell1_ROI_dbscan_centers,cell1_ROI_dbscan_centers,2243.0,0.0,0.0,0.0,0.0,2243.0,0.0,0.0,0.0,0.0
cell1_ROI_dbscan_centers,cell1_ROI_dbscan_centers,2244.0,0.0,0.0,1.0,0.0,2244.0,0.0,0.0,0.0,0.0
cell1_ROI_dbscan_centers,cell1_ROI_dbscan_centers,2245.0,2.0,0.0,0.0,0.0,2245.0,0.0,0.0,0.0,0.0
cell1_ROI_dbscan_centers,cell1_ROI_dbscan_centers,2246.0,0.0,0.0,0.0,0.0,2246.0,0.0,0.0,0.0,1.0
cell1_ROI_dbscan_centers,cell1_ROI_dbscan_centers,2247.0,1.0,0.0,0.0,0.0,2247.0,0.0,0.0,0.0,0.0
cell1_ROI_dbscan_centers,cell1_ROI_dbscan_centers,2248.0,1.0,0.0,0.0,0.0,2248.0,0.0,0.0,0.0,1.0
cell1_ROI_dbscan_centers,cell1_ROI_dbscan_centers,2249.0,0.0,0.0,0.0,0.0,2249.0,0.0,0.0,0.0,0.0
cell1_ROI_dbscan_centers,cell1_ROI_dbscan_centers,2250.0,0.0,0.0,0.0,0.0,2250.0,1.0,0.0,0.0,0.0
cell1_ROI_dbscan_centers,cell1_ROI_dbscan_centers,2251.0,1.0,0.0,0.0,0.0,2251.0,0.0,1.0,0.0,0.0
cell1_ROI_dbscan_centers,cell1_ROI_dbscan_centers,2252.0,1.0,0.0,0.0,0.0,2252.0,0.0,0.0,0.0,1.0
cell1_ROI_dbscan_centers,cell1_ROI_dbscan_centers,2253.0,1.0,0.0,0.0,0.0,2253.0,0.0,0.0,0.0,0.0
cell1_ROI_dbscan_centers,cell1_ROI_dbscan_centers,2254.0,0.0,0.0,0.0,0.0,2254.0,1.0,0.0,0.0,0.0
cell1_ROI_dbscan_centers,cell1_ROI_dbscan_centers,2255.0,1.0,0.0,0.0,0.0,2255.0,0.0,0.0,1.0,0.0
cell1_ROI_dbscan_centers,cell1_ROI_dbscan_centers,2256.0,0.0,0.0,0.0,1.0,2256.0,0.0,0.0,0.0,1.0
cell1_ROI_dbscan_centers,cell1_ROI_dbscan_centers,2257.0,0.0,0.0,0.0,0.0,2257.0,0.0,0.0,0.0,0.0
cell1_ROI_dbscan_centers,cell1_ROI_dbscan_centers,2258.0,0.0,0.0,0.0,0.0,2258.0,0.0,0.0,0.0,0.0
cell1_ROI_dbscan_centers,cell1_ROI_dbscan_centers,2259.0,0.0,0.0,0.0,1.0,2259.0,0.0,0.0,0.0,0.0
cell1_ROI_dbscan_centers,cell1_ROI_dbscan_centers,2260.0,0.0,0.0,0.0,0.0,2260.0,0.0,0.0,0.0,0.0
cell1_ROI_dbscan_centers,cell1_ROI_dbscan_centers,2261.0,0.0,0.0,0.0,0.0,2261.0,0.0,1.0,0.0,0.0
cell1_ROI_dbscan_centers,cell1_ROI_dbscan_centers,2262.0,1.0,0.0,0.0,0.0,2262.0,0.0,0.0,0.0,0.0
cell1_ROI_dbscan_centers,cell1_ROI_dbscan_centers,2263.0,0.0,0.0,0.0,0.0,2263.0,0.0,0.0,0.0,0.0
cell1_ROI_dbscan_centers,cell1_ROI_dbscan_centers,2264.0,0.0,0.0,0.0,0.0,2264.0,0.0,0.0,0.0,0.0
cell1_ROI_dbscan_centers,cell1_ROI_dbscan_centers,2265.0,0.0,0.0,0.0,0.0,2265.0,0.0,1.0,0.0,0.0
cell1_ROI_dbscan_centers,cell1_ROI_dbscan_centers,2266.0,0.0,0.0,0.0,0.0,2266.0,0.0,0.0,0.0,0.0
cell1_ROI_dbscan_centers,cell1_ROI_dbscan_centers,2267.0,2.0,0.0,0.0,0.0,2267.0,1.0,0.0,1.0,0.0
cell1_ROI_dbscan_centers,cell1_ROI_dbscan_centers,2268.0,1.0,0.0,0.0,1.0,2268.0,0.0,0.0,0.0,0.0
cell1_ROI_dbscan_centers,cell1_ROI_dbscan_centers,2269.0,0.0,0.0,0.0,0.0,2269.0,0.0,1.0,0.0,0.0
cell1_ROI_dbscan_centers,cell1_ROI_dbscan_centers,2270.0,1.0,0.0,0.0,0.0,2270.0,0.0,0.0,0.0,1.0
cell1_ROI_dbscan_centers,cell1_ROI_dbscan_centers,2271.0,1.0,0.0,1.0,0.0,2271.0,0.0,1.0,0.0,1.0
cell1_ROI_dbscan_centers,cell1_ROI_dbscan_centers,2272.0,0.0,0.0,0.0,0.0,2272.0,1.0,0.0,0.0,0.0
cell1_ROI_dbscan_centers,cell1_ROI_dbscan_centers,2273.0,1.0,0.0,0.0,0.0,2273.0,1.0,1.0,0.0,0.0
cell1_ROI_dbscan_centers,cell1_ROI_dbscan_centers,2274.0,0.0,0.0,0.0,0.0,2274.0,1.0,1.0,0.0,0.0
cell1_ROI_dbscan_centers,cell1_ROI_dbscan_centers,2275.0,0.0,0.0,1.0,0.0,2275.0,0.0,0.0,0.0,0.0
cell1_ROI_dbscan_centers,cell1_ROI_dbscan_centers,2276.0,1.0,0.0,1.0,0.0,2276.0,0.0,0.0,0.0,0.0
cell1_ROI_dbscan_centers,cell1_ROI_dbscan_centers,2277.0,0.0,0.0,1.0,0.0,2277.0,1.0,0.0,0.0,0.0
cell1_ROI_dbscan_centers,cell1_ROI_dbscan_centers,2278.0,1.0,0.0,0.0,0.0,2278.0,0.0,0.0,0.0,0.0
cell1_ROI_dbscan_centers,cell1_ROI_dbscan_centers,2279.0,1.0,0.0,0.0,0.0,2279.0,1.0,0.0,0.0,0.0
cell1_ROI_dbscan_centers,cell1_ROI_dbscan_centers,2280.0,1.0,0.0,0.0,0.0,2280.0,0.0,0.0,0.0,0.0
cell1_ROI_dbscan_centers,cell1_ROI_dbscan_centers,2281.0,0.0,0.0,0.0,0.0,2281.0,0.0,0.0,0.0,0.0
cell1_ROI_dbscan_centers,cell1_ROI_dbscan_centers,2282.0,0.0,0.0,0.0,0.0,2282.0,0.0,0.0,0.0,1.0
cell1_ROI_dbscan_centers,cell1_ROI_dbscan_centers,2283.0,1.0,0.0,0.0,0.0,2283.0,0.0,0.0,0.0,1.0
cell1_ROI_dbscan_centers,cell1_ROI_dbscan_centers,2284.0,0.0,0.0,0.0,0.0,2284.0,0.0,0.0,0.0,0.0
cell1_ROI_dbscan_centers,cell1_ROI_dbscan_centers,2285.0,1.0,1.0,0.0,0.0,2285.0,0.0,0.0,0.0,0.0
cell1_ROI_dbscan_centers,cell1_ROI_dbscan_centers,2286.0,1.0,1.0,0.0,0.0,2286.0,0.0,1.0,0.0,0.0
cell1_ROI_dbscan_centers,cell1_ROI_dbscan_centers,2287.0,1.0,0.0,1.0,0.0,2287.0,1.0,0.0,0.0,0.0
cell1_ROI_dbscan_centers,cell1_ROI_dbscan_centers,2288.0,0.0,0.0,0.0,0.0,2288.0,0.0,0.0,0.0,0.0
cell1_ROI_dbscan_centers,cell1_ROI_dbscan_centers,2289.0,1.0,0.0,0.0,0.0,2289.0,0.0,0.0,0.0,0.0
cell1_ROI_dbscan_centers,cell1_ROI_dbscan_centers,2290.0,0.0,0.0,0.0,1.0,2290.0,1.0,0.0,0.0,0.0
cell1_ROI_dbscan_centers,cell1_ROI_dbscan_centers,2291.0,1.0,0.0,0.0,0.0,2291.0,0.0,2.0,0.0,0.0
cell1_ROI_dbscan_centers,cell1_ROI_dbscan_centers,2292.0,1.0,1.0,0.0,0.0,2292.0,0.0,1.0,0.0,0.0
cell1_ROI_dbscan_centers,cell1_ROI_dbscan_centers,2293.0,1.0,0.0,0.0,0.0,2293.0,0.0,0.0,0.0,1.0
cell1_ROI_dbscan_centers,cell1_ROI_dbscan_centers,2294.0,0.0,0.0,1.0,0.0,2294.0,0.0,0.0,1.0,0.0
cell1_ROI_dbscan_centers,cell1_ROI_dbscan_centers,2295.0,0.0,0.0,0.0,0.0,2295.0,0.0,0.0,0.0,0.0
cell1_ROI_dbscan_centers,cell1_ROI_dbscan_centers,2296.0,1.0,0.0,0.0,0.0,2296.0,1.0,0.0,0.0,1.0
cell1_ROI_dbscan_centers,cell1_ROI_dbscan_centers,2297.0,0.0,0.0,0.0,0.0,2297.0,1.0,0.0,0.0,1.0
cell1_ROI_dbscan_centers,cell1_ROI_dbscan_centers,2298.0,0.0,0.0,0.0,0.0,2298.0,0.0,0.0,0.0,0.0
cell1_ROI_dbscan_centers,cell1_ROI_dbscan_centers,2299.0,1.0,0.0,0.0,0.0,2299.0,0.0,0.0,0.0,0.0
cell1_ROI_dbscan_centers,cell1_ROI_dbscan_centers,2300.0,0.0,0.0,0.0,0.0,2300.0,0.0,0.0,0.0,1.0
cell1_ROI_dbscan_centers,cell1_ROI_dbscan_centers,2301.0,1.0,0.0,0.0,0.0,2301.0,0.0,0.0,0.0,0.0
cell1_ROI_dbscan_centers,cell1_ROI_dbscan_centers,2302.0,0.0,0.0,0.0,0.0,2302.0,0.0,0.0,0.0,0.0
cell1_ROI_dbscan_centers,cell1_ROI_dbscan_centers,2303.0,1.0,0.0,0.0,0.0,2303.0,0.0,0.0,0.0,0.0
cell1_ROI_dbscan_centers,cell1_ROI_dbscan_centers,2304.0,1.0,0.0,0.0,0.0,2304.0,1.0,0.0,0.0,0.0
cell1_ROI_dbscan_centers,cell1_ROI_dbscan_centers,2305.0,1.0,0.0,0.0,0.0,2305.0,1.0,0.0,0.0,0.0
cell1_ROI_dbscan_centers,cell1_ROI_dbscan_centers,2306.0,0.0,0.0,0.0,0.0,2306.0,1.0,0.0,0.0,0.0
cell1_ROI_dbscan_centers,cell1_ROI_dbscan_centers,2307.0,1.0,0.0,0.0,0.0,2307.0,0.0,1.0,0.0,0.0
cell1_ROI_dbscan_centers,cell1_ROI_dbscan_centers,2308.0,0.0,0.0,1.0,0.0,2308.0,0.0,0.0,0.0,1.0
cell1_ROI_dbscan_centers,cell1_ROI_dbscan_centers,2309.0,0.0,0.0,1.0,0.0,2309.0,0.0,0.0,1.0,0.0
cell1_ROI_dbscan_centers,cell1_ROI_dbscan_centers,2310.0,1.0,0.0,0.0,0.0,2310.0,0.0,1.0,0.0,0.0
cell1_ROI_dbscan_centers,cell1_ROI_dbscan_centers,2311.0,1.0,0.0,0.0,0.0,2311.0,0.0,0.0,0.0,0.0
cell1_ROI_dbscan_centers,cell1_ROI_dbscan_centers,2312.0,0.0,0.0,0.0,0.0,2312.0,0.0,0.0,0.0,0.0
cell1_ROI_dbscan_centers,cell1_ROI_dbscan_centers,2313.0,0.0,0.0,0.0,0.0,2313.0,1.0,1.0,0.0,0.0
cell1_ROI_dbscan_centers,cell1_ROI_dbscan_centers,2314.0,1.0,0.0,1.0,0.0,2314.0,1.0,2.0,0.0,0.0
cell1_ROI_dbscan_centers,cell1_ROI_dbscan_centers,2315.0,0.0,0.0,0.0,0.0,2315.0,0.0,0.0,0.0,0.0
cell1_ROI_dbscan_centers,cell1_ROI_dbscan_centers,2316.0,0.0,0.0,0.0,0.0,2316.0,1.0,0.0,0.0,0.0
cell1_ROI_dbscan_centers,cell1_ROI_dbscan_centers,2317.0,0.0,0.0,0.0,0.0,2317.0,0.0,0.0,0.0,0.0
cell1_ROI_dbscan_centers,cell1_ROI_dbscan_centers,2318.0,1.0,0.0,1.0,0.0,2318.0,0.0,0.0,0.0,0.0
cell1_ROI_dbscan_centers,cell1_ROI_dbscan_centers,2319.0,0.0,0.0,0.0,0.0,2319.0,0.0,0.0,0.0,0.0
cell1_ROI_dbscan_centers,cell1_ROI_dbscan_centers,2320.0,2.0,0.0,0.0,0.0,2320.0,0.0,0.0,0.0,0.0
cell1_ROI_dbscan_centers,cell1_ROI_dbscan_centers,2321.0,0.0,0.0,0.0,0.0,2321.0,0.0,1.0,0.0,0.0
cell1_ROI_dbscan_centers,cell1_ROI_dbscan_centers,2322.0,1.0,0.0,0.0,0.0,2322.0,0.0,0.0,0.0,0.0
cell1_ROI_dbscan_centers,cell1_ROI_dbscan_centers,2323.0,0.0,0.0,0.0,0.0,2323.0,1.0,0.0,0.0,0.0
cell1_ROI_dbscan_centers,cell1_ROI_dbscan_centers,2324.0,0.0,0.0,0.0,0.0,2324.0,2.0,0.0,1.0,0.0
cell1_ROI_dbscan_centers,cell1_ROI_dbscan_centers,2325.0,0.0,0.0,0.0,0.0,2325.0,0.0,0.0,0.0,0.0
cell1_ROI_dbscan_centers,cell1_ROI_dbscan_centers,2326.0,0.0,0.0,0.0,0.0,2326.0,1.0,0.0,0.0,0.0
cell1_ROI_dbscan_centers,cell1_ROI_dbscan_centers,2327.0,1.0,0.0,0.0,0.0,2327.0,0.0,0.0,0.0,1.0
cell1_ROI_dbscan_centers,cell1_ROI_dbscan_centers,2328.0,1.0,0.0,0.0,0.0,2328.0,1.0,0.0,0.0,0.0
cell1_ROI_dbscan_centers,cell1_ROI_dbscan_centers,2329.0,0.0,0.0,0.0,0.0,2329.0,0.0,1.0,0.0,0.0
cell1_ROI_dbscan_centers,cell1_ROI_dbscan_centers,2330.0,0.0,0.0,0.0,0.0,2330.0,1.0,0.0,1.0,1.0
cell1_ROI_dbscan_centers,cell1_ROI_dbscan_centers,2331.0,0.0,0.0,0.0,0.0,2331.0,0.0,0.0,0.0,0.0
cell1_ROI_dbscan_centers,cell1_ROI_dbscan_centers,2332.0,0.0,0.0,0.0,0.0,2332.0,0.0,0.0,0.0,0.0
cell1_ROI_dbscan_centers,cell1_ROI_dbscan_centers,2333.0,0.0,0.0,0.0,0.0,2333.0,0.0,1.0,0.0,0.0
cell1_ROI_dbscan_centers,cell1_ROI_dbscan_centers,2334.0,1.0,1.0,0.0,0.0,2334.0,0.0,0.0,0.0,1.0
cell1_ROI_dbscan_centers,cell1_ROI_dbscan_centers,2335.0,1.0,0.0,0.0,1.0,2335.0,0.0,0.0,0.0,0.0
cell1_ROI_dbscan_centers,cell1_ROI_dbscan_centers,2336.0,1.0,0.0,0.0,0.0,2336.0,0.0,1.0,0.0,0.0
cell1_ROI_dbscan_centers,cell1_ROI_dbscan_centers,2337.0,0.0,0.0,0.0,0.0,2337.0,0.0,0.0,0.0,1.0
cell1_ROI_dbscan_centers,cell1_ROI_dbscan_centers,2338.0,1.0,0.0,0.0,0.0,2338.0,0.0,0.0,0.0,0.0
cell1_ROI_dbscan_centers,cell1_ROI_dbscan_centers,2339.0,1.0,0.0,0.0,0.0,2339.0,0.0,0.0,0.0,1.0
cell1_ROI_dbscan_centers,cell1_ROI_dbscan_centers,2340.0,0.0,0.0,0.0,0.0,2340.0,0.0,0.0,0.0,0.0
cell1_ROI_dbscan_centers,cell1_ROI_dbscan_centers,2341.0,0.0,0.0,1.0,0.0,2341.0,0.0,0.0,0.0,0.0
cell1_ROI_dbscan_centers,cell1_ROI_dbscan_centers,2342.0,1.0,0.0,0.0,1.0,2342.0,0.0,0.0,0.0,0.0
cell1_ROI_dbscan_centers,cell1_ROI_dbscan_centers,2343.0,1.0,0.0,0.0,0.0,2343.0,0.0,0.0,0.0,0.0
cell1_ROI_dbscan_centers,cell1_ROI_dbscan_centers,2344.0,2.0,0.0,1.0,0.0,2344.0,0.0,0.0,0.0,0.0
cell1_ROI_dbscan_centers,cell1_ROI_dbscan_centers,2345.0,1.0,0.0,1.0,0.0,2345.0,0.0,0.0,0.0,0.0
cell1_ROI_dbscan_centers,cell1_ROI_dbscan_centers,2346.0,1.0,0.0,0.0,0.0,2346.0,1.0,0.0,0.0,0.0
cell1_ROI_dbscan_centers,cell1_ROI_dbscan_centers,2347.0,0.0,0.0,0.0,0.0,2347.0,0.0,0.0,0.0,1.0
cell1_ROI_dbscan_centers,cell1_ROI_dbscan_centers,2348.0,1.0,0.0,0.0,1.0,2348.0,0.0,0.0,0.0,0.0
cell1_ROI_dbscan_centers,cell1_ROI_dbscan_centers,2349.0,0.0,0.0,0.0,0.0,2349.0,0.0,0.0,0.0,2.0
cell1_ROI_dbscan_centers,cell1_ROI_dbscan_centers,2350.0,0.0,0.0,0.0,0.0,2350.0,0.0,0.0,0.0,0.0
cell1_ROI_dbscan_centers,cell1_ROI_dbscan_centers,2351.0,0.0,0.0,1.0,0.0,2351.0,0.0,0.0,0.0,1.0
cell1_ROI_dbscan_centers,cell1_ROI_dbscan_centers,2352.0,1.0,0.0,0.0,0.0,2352.0,0.0,0.0,0.0,0.0
cell1_ROI_dbscan_centers,cell1_ROI_dbscan_centers,2353.0,0.0,0.0,0.0,0.0,2353.0,1.0,0.0,0.0,0.0
cell1_ROI_dbscan_centers,cell1_ROI_dbscan_centers,2354.0,0.0,0.0,0.0,0.0,2354.0,0.0,0.0,0.0,0.0
cell1_ROI_dbscan_centers,cell1_ROI_dbscan_centers,2355.0,0.0,0.0,1.0,1.0,2355.0,1.0,0.0,0.0,0.0
cell1_ROI_dbscan_centers,cell1_ROI_dbscan_centers,2356.0,0.0,0.0,0.0,0.0,2356.0,0.0,1.0,0.0,0.0
cell1_ROI_dbscan_centers,cell1_ROI_dbscan_centers,2357.0,0.0,0.0,1.0,0.0,2357.0,0.0,0.0,0.0,0.0
cell1_ROI_dbscan_centers,cell1_ROI_dbscan_centers,2358.0,0.0,0.0,0.0,0.0,2358.0,0.0,0.0,0.0,0.0
cell1_ROI_dbscan_centers,cell1_ROI_dbscan_centers,2359.0,1.0,0.0,0.0,0.0,2359.0,1.0,0.0,1.0,0.0
cell1_ROI_dbscan_centers,cell1_ROI_dbscan_centers,2360.0,1.0,0.0,0.0,0.0,2360.0,0.0,1.0,0.0,0.0
cell1_ROI_dbscan_centers,cell1_ROI_dbscan_centers,2361.0,0.0,0.0,1.0,0.0,2361.0,1.0,0.0,0.0,0.0
cell1_ROI_dbscan_centers,cell1_ROI_dbscan_centers,2362.0,0.0,0.0,0.0,0.0,2362.0,0.0,0.0,0.0,0.0
cell1_ROI_dbscan_centers,cell1_ROI_dbscan_centers,2363.0,0.0,0.0,0.0,0.0,2363.0,0.0,0.0,0.0,0.0
cell1_ROI_dbscan_centers,cell1_ROI_dbscan_centers,2364.0,0.0,0.0,0.0,0.0,2364.0,0.0,0.0,0.0,0.0
cell1_ROI_dbscan_centers,cell1_ROI_dbscan_centers,2365.0,0.0,0.0,0.0,0.0,2365.0,0.0,0.0,0.0,0.0
cell1_ROI_dbscan_centers,cell1_ROI_dbscan_centers,2366.0,1.0,0.0,0.0,0.0,2366.0,1.0,0.0,0.0,0.0
cell1_ROI_dbscan_centers,cell1_ROI_dbscan_centers,2367.0,0.0,0.0,0.0,0.0,2367.0,0.0,0.0,0.0,0.0
cell1_ROI_dbscan_centers,cell1_ROI_dbscan_centers,2368.0,0.0,0.0,0.0,0.0,2368.0,0.0,0.0,0.0,0.0
cell1_ROI_dbscan_centers,cell1_ROI_dbscan_centers,2369.0,2.0,0.0,1.0,0.0,2369.0,0.0,0.0,0.0,0.0
cell1_ROI_dbscan_centers,cell1_ROI_dbscan_centers,2370.0,2.0,0.0,0.0,0.0,2370.0,0.0,0.0,0.0,0.0
cell1_ROI_dbscan_centers,cell1_ROI_dbscan_centers,2371.0,0.0,0.0,1.0,0.0,2371.0,1.0,0.0,0.0,0.0
cell1_ROI_dbscan_centers,cell1_ROI_dbscan_centers,2372.0,0.0,0.0,0.0,0.0,2372.0,0.0,0.0,0.0,0.0
cell1_ROI_dbscan_centers,cell1_ROI_dbscan_centers,2373.0,1.0,0.0,0.0,0.0,2373.0,0.0,0.0,0.0,1.0
cell1_ROI_dbscan_centers,cell1_ROI_dbscan_centers,2374.0,0.0,0.0,0.0,0.0,2374.0,0.0,0.0,0.0,0.0
cell1_ROI_dbscan_centers,cell1_ROI_dbscan_centers,2375.0,0.0,1.0,0.0,0.0,2375.0,0.0,0.0,0.0,0.0
cell1_ROI_dbscan_centers,cell1_ROI_dbscan_centers,2376.0,1.0,0.0,1.0,0.0,2376.0,0.0,0.0,1.0,0.0
cell1_ROI_dbscan_centers,cell1_ROI_dbscan_centers,2377.0,0.0,0.0,0.0,0.0,2377.0,0.0,0.0,0.0,0.0
cell1_ROI_dbscan_centers,cell1_ROI_dbscan_centers,2378.0,0.0,0.0,0.0,0.0,2378.0,0.0,0.0,0.0,0.0
cell1_ROI_dbscan_centers,cell1_ROI_dbscan_centers,2379.0,1.0,0.0,0.0,0.0,2379.0,0.0,2.0,0.0,0.0
cell1_ROI_dbscan_centers,cell1_ROI_dbscan_centers,2380.0,0.0,0.0,0.0,0.0,2380.0,1.0,0.0,0.0,0.0
cell1_ROI_dbscan_centers,cell1_ROI_dbscan_centers,2381.0,0.0,0.0,1.0,0.0,2381.0,0.0,1.0,0.0,0.0
cell1_ROI_dbscan_centers,cell1_ROI_dbscan_centers,2382.0,1.0,0.0,0.0,0.0,2382.0,1.0,0.0,0.0,0.0
cell1_ROI_dbscan_centers,cell1_ROI_dbscan_centers,2383.0,3.0,0.0,0.0,0.0,2383.0,0.0,0.0,0.0,0.0
cell1_ROI_dbscan_centers,cell1_ROI_dbscan_centers,2384.0,0.0,0.0,0.0,0.0,2384.0,1.0,0.0,0.0,1.0
cell1_ROI_dbscan_centers,cell1_ROI_dbscan_centers,2385.0,2.0,0.0,1.0,0.0,2385.0,0.0,0.0,0.0,1.0
cell1_ROI_dbscan_centers,cell1_ROI_dbscan_centers,2386.0,0.0,0.0,0.0,1.0,2386.0,0.0,0.0,0.0,0.0
cell1_ROI_dbscan_centers,cell1_ROI_dbscan_centers,2387.0,0.0,0.0,0.0,0.0,2387.0,0.0,0.0,0.0,0.0
cell1_ROI_dbscan_centers,cell1_ROI_dbscan_centers,2388.0,0.0,1.0,0.0,0.0,2388.0,0.0,0.0,0.0,0.0
cell1_ROI_dbscan_centers,cell1_ROI_dbscan_centers,2389.0,0.0,0.0,0.0,0.0,2389.0,0.0,0.0,0.0,0.0
cell1_ROI_dbscan_centers,cell1_ROI_dbscan_centers,2390.0,0.0,0.0,0.0,0.0,2390.0,0.0,0.0,0.0,0.0
cell1_ROI_dbscan_centers,cell1_ROI_dbscan_centers,2391.0,1.0,0.0,0.0,0.0,2391.0,0.0,1.0,0.0,0.0
cell1_ROI_dbscan_centers,cell1_ROI_dbscan_centers,2392.0,2.0,0.0,0.0,0.0,2392.0,0.0,0.0,0.0,0.0
cell1_ROI_dbscan_centers,cell1_ROI_dbscan_centers,2393.0,1.0,0.0,0.0,1.0,2393.0,1.0,0.0,0.0,0.0
cell1_ROI_dbscan_centers,cell1_ROI_dbscan_centers,2394.0,0.0,0.0,1.0,0.0,2394.0,0.0,0.0,0.0,0.0
cell1_ROI_dbscan_centers,cell1_ROI_dbscan_centers,2395.0,1.0,0.0,0.0,0.0,2395.0,1.0,0.0,0.0,0.0
cell1_ROI_dbscan_centers,cell1_ROI_dbscan_centers,2396.0,0.0,0.0,0.0,0.0,2396.0,0.0,0.0,0.0,0.0
cell1_ROI_dbscan_centers,cell1_ROI_dbscan_centers,2397.0,1.0,0.0,0.0,0.0,2397.0,0.0,0.0,0.0,0.0
cell1_ROI_dbscan_centers,cell1_ROI_dbscan_centers,2398.0,0.0,0.0,0.0,1.0,2398.0,0.0,2.0,0.0,0.0
cell1_ROI_dbscan_centers,cell1_ROI_dbscan_centers,2399.0,0.0,0.0,0.0,0.0,2399.0,0.0,0.0,0.0,0.0
cell1_ROI_dbscan_centers,cell1_ROI_dbscan_centers,2400.0,0.0,0.0,0.0,0.0,2400.0,0.0,0.0,0.0,0.0
cell1_ROI_dbscan_centers,cell1_ROI_dbscan_centers,2401.0,0.0,0.0,0.0,0.0,2401.0,0.0,0.0,0.0,0.0
cell1_ROI_dbscan_centers,cell1_ROI_dbscan_centers,2402.0,1.0,0.0,1.0,0.0,2402.0,0.0,0.0,0.0,0.0
cell1_ROI_dbscan_centers,cell1_ROI_dbscan_centers,2403.0,0.0,1.0,0.0,0.0,2403.0,0.0,0.0,0.0,0.0
cell1_ROI_dbscan_centers,cell1_ROI_dbscan_centers,2404.0,0.0,0.0,0.0,0.0,2404.0,0.0,0.0,0.0,0.0
cell1_ROI_dbscan_centers,cell1_ROI_dbscan_centers,2405.0,1.0,0.0,1.0,0.0,2405.0,1.0,1.0,0.0,0.0
cell1_ROI_dbscan_centers,cell1_ROI_dbscan_centers,2406.0,0.0,0.0,0.0,0.0,2406.0,0.0,1.0,0.0,0.0
cell1_ROI_dbscan_centers,cell1_ROI_dbscan_centers,2407.0,0.0,0.0,0.0,0.0,2407.0,0.0,0.0,0.0,1.0
cell1_ROI_dbscan_centers,cell1_ROI_dbscan_centers,2408.0,0.0,0.0,0.0,0.0,2408.0,0.0,0.0,0.0,0.0
cell1_ROI_dbscan_centers,cell1_ROI_dbscan_centers,2409.0,2.0,0.0,0.0,0.0,2409.0,1.0,0.0,1.0,1.0
cell1_ROI_dbscan_centers,cell1_ROI_dbscan_centers,2410.0,1.0,1.0,0.0,0.0,2410.0,1.0,0.0,0.0,0.0
cell1_ROI_dbscan_centers,cell1_ROI_dbscan_centers,2411.0,1.0,0.0,0.0,0.0,2411.0,0.0,1.0,0.0,0.0
cell1_ROI_dbscan_centers,cell1_ROI_dbscan_centers,2412.0,0.0,0.0,0.0,1.0,2412.0,1.0,1.0,0.0,1.0
cell1_ROI_dbscan_centers,cell1_ROI_dbscan_centers,2413.0,0.0,0.0,0.0,0.0,2413.0,0.0,0.0,0.0,0.0
cell1_ROI_dbscan_centers,cell1_ROI_dbscan_centers,2414.0,1.0,0.0,0.0,1.0,2414.0,0.0,0.0,1.0,0.0
cell1_ROI_dbscan_centers,cell1_ROI_dbscan_centers,2415.0,1.0,0.0,0.0,0.0,2415.0,0.0,0.0,0.0,0.0
cell1_ROI_dbscan_centers,cell1_ROI_dbscan_centers,2416.0,0.0,0.0,0.0,0.0,2416.0,1.0,0.0,0.0,0.0
cell1_ROI_dbscan_centers,cell1_ROI_dbscan_centers,2417.0,0.0,0.0,0.0,0.0,2417.0,1.0,0.0,0.0,1.0
cell1_ROI_dbscan_centers,cell1_ROI_dbscan_centers,2418.0,0.0,0.0,0.0,0.0,2418.0,0.0,0.0,1.0,0.0
cell1_ROI_dbscan_centers,cell1_ROI_dbscan_centers,2419.0,0.0,1.0,0.0,0.0,2419.0,0.0,1.0,0.0,0.0
cell1_ROI_dbscan_centers,cell1_ROI_dbscan_centers,2420.0,1.0,0.0,0.0,0.0,2420.0,1.0,0.0,0.0,0.0
cell1_ROI_dbscan_centers,cell1_ROI_dbscan_centers,2421.0,0.0,0.0,2.0,0.0,2421.0,0.0,0.0,0.0,0.0
cell1_ROI_dbscan_centers,cell1_ROI_dbscan_centers,2422.0,0.0,0.0,0.0,0.0,2422.0,0.0,0.0,0.0,0.0
cell1_ROI_dbscan_centers,cell1_ROI_dbscan_centers,2423.0,0.0,0.0,0.0,0.0,2423.0,0.0,0.0,0.0,0.0
cell1_ROI_dbscan_centers,cell1_ROI_dbscan_centers,2424.0,1.0,0.0,0.0,0.0,2424.0,0.0,0.0,0.0,0.0
cell1_ROI_dbscan_centers,cell1_ROI_dbscan_centers,2425.0,3.0,0.0,1.0,0.0,2425.0,0.0,0.0,0.0,0.0
cell1_ROI_dbscan_centers,cell1_ROI_dbscan_centers,2426.0,0.0,0.0,0.0,0.0,2426.0,0.0,0.0,0.0,1.0
cell1_ROI_dbscan_centers,cell1_ROI_dbscan_centers,2427.0,1.0,0.0,1.0,0.0,2427.0,0.0,0.0,0.0,1.0
cell1_ROI_dbscan_centers,cell1_ROI_dbscan_centers,2428.0,1.0,0.0,0.0,0.0,2428.0,0.0,0.0,0.0,0.0
cell1_ROI_dbscan_centers,cell1_ROI_dbscan_centers,2429.0,0.0,0.0,0.0,0.0,2429.0,1.0,0.0,0.0,0.0
cell1_ROI_dbscan_centers,cell1_ROI_dbscan_centers,2430.0,2.0,0.0,0.0,0.0,2430.0,0.0,0.0,0.0,0.0
cell1_ROI_dbscan_centers,cell1_ROI_dbscan_centers,2431.0,0.0,0.0,0.0,1.0,2431.0,0.0,0.0,0.0,0.0
cell1_ROI_dbscan_centers,cell1_ROI_dbscan_centers,2432.0,2.0,0.0,0.0,0.0,2432.0,0.0,0.0,0.0,0.0
cell1_ROI_dbscan_centers,cell1_ROI_dbscan_centers,2433.0,1.0,0.0,0.0,0.0,2433.0,0.0,0.0,0.0,0.0
cell1_ROI_dbscan_centers,cell1_ROI_dbscan_centers,2434.0,0.0,0.0,0.0,0.0,2434.0,0.0,1.0,0.0,0.0
cell1_ROI_dbscan_centers,cell1_ROI_dbscan_centers,2435.0,0.0,0.0,0.0,0.0,2435.0,1.0,0.0,0.0,0.0
cell1_ROI_dbscan_centers,cell1_ROI_dbscan_centers,2436.0,1.0,0.0,0.0,0.0,2436.0,0.0,0.0,0.0,0.0
cell1_ROI_dbscan_centers,cell1_ROI_dbscan_centers,2437.0,0.0,0.0,0.0,0.0,2437.0,0.0,0.0,0.0,0.0
cell1_ROI_dbscan_centers,cell1_ROI_dbscan_centers,2438.0,0.0,0.0,0.0,0.0,2438.0,0.0,0.0,0.0,0.0
cell1_ROI_dbscan_centers,cell1_ROI_dbscan_centers,2439.0,0.0,0.0,0.0,0.0,2439.0,0.0,0.0,0.0,0.0
cell1_ROI_dbscan_centers,cell1_ROI_dbscan_centers,2440.0,0.0,0.0,0.0,0.0,2440.0,1.0,0.0,0.0,1.0
cell1_ROI_dbscan_centers,cell1_ROI_dbscan_centers,2441.0,0.0,0.0,0.0,0.0,2441.0,0.0,1.0,0.0,0.0
cell1_ROI_dbscan_centers,cell1_ROI_dbscan_centers,2442.0,0.0,0.0,0.0,1.0,2442.0,0.0,0.0,0.0,1.0
cell1_ROI_dbscan_centers,cell1_ROI_dbscan_centers,2443.0,3.0,0.0,1.0,1.0,2443.0,0.0,1.0,0.0,0.0
cell1_ROI_dbscan_centers,cell1_ROI_dbscan_centers,2444.0,0.0,0.0,0.0,0.0,2444.0,0.0,1.0,0.0,0.0
cell1_ROI_dbscan_centers,cell1_ROI_dbscan_centers,2445.0,0.0,0.0,0.0,0.0,2445.0,1.0,1.0,0.0,0.0
cell1_ROI_dbscan_centers,cell1_ROI_dbscan_centers,2446.0,0.0,0.0,1.0,0.0,2446.0,0.0,0.0,0.0,0.0
cell1_ROI_dbscan_centers,cell1_ROI_dbscan_centers,2447.0,1.0,0.0,1.0,0.0,2447.0,0.0,0.0,0.0,1.0
cell1_ROI_dbscan_centers,cell1_ROI_dbscan_centers,2448.0,1.0,0.0,0.0,0.0,2448.0,0.0,0.0,0.0,1.0
cell1_ROI_dbscan_centers,cell1_ROI_dbscan_centers,2449.0,0.0,0.0,0.0,0.0,2449.0,1.0,0.0,0.0,0.0
cell1_ROI_dbscan_centers,cell1_ROI_dbscan_centers,2450.0,0.0,0.0,0.0,0.0,2450.0,0.0,0.0,0.0,0.0
cell1_ROI_dbscan_centers,cell1_ROI_dbscan_centers,2451.0,0.0,0.0,0.0,1.0,2451.0,0.0,0.0,0.0,0.0
cell1_ROI_dbscan_centers,cell1_ROI_dbscan_centers,2452.0,2.0,0.0,0.0,0.0,2452.0,1.0,1.0,1.0,0.0
cell1_ROI_dbscan_centers,cell1_ROI_dbscan_centers,2453.0,1.0,0.0,0.0,0.0,2453.0,1.0,0.0,0.0,0.0
cell1_ROI_dbscan_centers,cell1_ROI_dbscan_centers,2454.0,1.0,0.0,0.0,0.0,2454.0,1.0,0.0,0.0,1.0
cell1_ROI_dbscan_centers,cell1_ROI_dbscan_centers,2455.0,0.0,0.0,1.0,0.0,2455.0,0.0,0.0,0.0,0.0
cell1_ROI_dbscan_centers,cell1_ROI_dbscan_centers,2456.0,0.0,0.0,0.0,0.0,2456.0,0.0,0.0,0.0,0.0
cell1_ROI_dbscan_centers,cell1_ROI_dbscan_centers,2457.0,0.0,0.0,0.0,0.0,2457.0,1.0,1.0,0.0,0.0
cell1_ROI_dbscan_centers,cell1_ROI_dbscan_centers,2458.0,1.0,0.0,1.0,0.0,2458.0,0.0,0.0,0.0,0.0
cell1_ROI_dbscan_centers,cell1_ROI_dbscan_centers,2459.0,0.0,0.0,0.0,0.0,2459.0,0.0,0.0,0.0,0.0
cell1_ROI_dbscan_centers,cell1_ROI_dbscan_centers,2460.0,0.0,0.0,0.0,1.0,2460.0,0.0,0.0,0.0,1.0
cell1_ROI_dbscan_centers,cell1_ROI_dbscan_centers,2461.0,1.0,0.0,0.0,0.0,2461.0,0.0,1.0,0.0,0.0
cell1_ROI_dbscan_centers,cell1_ROI_dbscan_centers,2462.0,1.0,0.0,0.0,0.0,2462.0,0.0,0.0,0.0,0.0
cell1_ROI_dbscan_centers,cell1_ROI_dbscan_centers,2463.0,0.0,0.0,0.0,0.0,2463.0,1.0,0.0,0.0,0.0
cell1_ROI_dbscan_centers,cell1_ROI_dbscan_centers,2464.0,0.0,0.0,1.0,0.0,2464.0,1.0,0.0,0.0,0.0
cell1_ROI_dbscan_centers,cell1_ROI_dbscan_centers,2465.0,0.0,0.0,1.0,0.0,2465.0,0.0,0.0,0.0,0.0
cell1_ROI_dbscan_centers,cell1_ROI_dbscan_centers,2466.0,0.0,0.0,0.0,0.0,2466.0,0.0,0.0,0.0,0.0
cell1_ROI_dbscan_centers,cell1_ROI_dbscan_centers,2467.0,1.0,0.0,0.0,0.0,2467.0,0.0,1.0,0.0,0.0
cell1_ROI_dbscan_centers,cell1_ROI_dbscan_centers,2468.0,1.0,0.0,0.0,0.0,2468.0,0.0,0.0,0.0,0.0
cell1_ROI_dbscan_centers,cell1_ROI_dbscan_centers,2469.0,0.0,0.0,0.0,0.0,2469.0,0.0,1.0,1.0,0.0
cell1_ROI_dbscan_centers,cell1_ROI_dbscan_centers,2470.0,0.0,0.0,2.0,0.0,2470.0,0.0,0.0,0.0,0.0
cell1_ROI_dbscan_centers,cell1_ROI_dbscan_centers,2471.0,0.0,0.0,0.0,0.0,2471.0,0.0,0.0,0.0,0.0
cell1_ROI_dbscan_centers,cell1_ROI_dbscan_centers,2472.0,1.0,0.0,0.0,0.0,2472.0,0.0,0.0,0.0,0.0
cell1_ROI_dbscan_centers,cell1_ROI_dbscan_centers,2473.0,0.0,1.0,0.0,0.0,2473.0,0.0,0.0,0.0,0.0
cell1_ROI_dbscan_centers,cell1_ROI_dbscan_centers,2474.0,1.0,0.0,0.0,0.0,2474.0,1.0,0.0,0.0,0.0
cell1_ROI_dbscan_centers,cell1_ROI_dbscan_centers,2475.0,0.0,0.0,0.0,0.0,2475.0,0.0,1.0,0.0,0.0
cell1_ROI_dbscan_centers,cell1_ROI_dbscan_centers,2476.0,0.0,0.0,0.0,0.0,2476.0,0.0,0.0,0.0,0.0
cell1_ROI_dbscan_centers,cell1_ROI_dbscan_centers,2477.0,1.0,0.0,0.0,0.0,2477.0,1.0,2.0,0.0,0.0
cell1_ROI_dbscan_centers,cell1_ROI_dbscan_centers,2478.0,0.0,0.0,0.0,0.0,2478.0,1.0,0.0,0.0,0.0
cell1_ROI_dbscan_centers,cell1_ROI_dbscan_centers,2479.0,0.0,0.0,0.0,0.0,2479.0,0.0,0.0,0.0,2.0
cell1_ROI_dbscan_centers,cell1_ROI_dbscan_centers,2480.0,0.0,0.0,1.0,0.0,2480.0,0.0,0.0,0.0,0.0
cell1_ROI_dbscan_centers,cell1_ROI_dbscan_centers,2481.0,0.0,0.0,0.0,0.0,2481.0,0.0,0.0,1.0,0.0
cell1_ROI_dbscan_centers,cell1_ROI_dbscan_centers,2482.0,0.0,0.0,0.0,0.0,2482.0,0.0,1.0,0.0,0.0
cell1_ROI_dbscan_centers,cell1_ROI_dbscan_centers,2483.0,1.0,0.0,0.0,0.0,2483.0,0.0,0.0,0.0,0.0
cell1_ROI_dbscan_centers,cell1_ROI_dbscan_centers,2484.0,0.0,0.0,1.0,0.0,2484.0,0.0,0.0,0.0,1.0
cell1_ROI_dbscan_centers,cell1_ROI_dbscan_centers,2485.0,1.0,1.0,0.0,0.0,2485.0,0.0,0.0,0.0,0.0
cell1_ROI_dbscan_centers,cell1_ROI_dbscan_centers,2486.0,1.0,0.0,0.0,0.0,2486.0,0.0,0.0,0.0,1.0
cell1_ROI_dbscan_centers,cell1_ROI_dbscan_centers,2487.0,0.0,0.0,1.0,0.0,2487.0,0.0,0.0,0.0,1.0
cell1_ROI_dbscan_centers,cell1_ROI_dbscan_centers,2488.0,0.0,0.0,0.0,0.0,2488.0,0.0,0.0,0.0,0.0
cell1_ROI_dbscan_centers,cell1_ROI_dbscan_centers,2489.0,0.0,1.0,0.0,0.0,2489.0,1.0,1.0,0.0,0.0
cell1_ROI_dbscan_centers,cell1_ROI_dbscan_centers,2490.0,0.0,1.0,0.0,0.0,2490.0,0.0,0.0,0.0,0.0
cell1_ROI_dbscan_centers,cell1_ROI_dbscan_centers,2491.0,0.0,0.0,0.0,0.0,2491.0,0.0,1.0,0.0,0.0
cell1_ROI_dbscan_centers,cell1_ROI_dbscan_centers,2492.0,1.0,0.0,1.0,0.0,2492.0,1.0,0.0,0.0,0.0
cell1_ROI_dbscan_centers,cell1_ROI_dbscan_centers,2493.0,3.0,0.0,0.0,0.0,2493.0,0.0,1.0,0.0,0.0
cell1_ROI_dbscan_centers,cell1_ROI_dbscan_centers,2494.0,0.0,0.0,1.0,0.0,2494.0,1.0,0.0,0.0,0.0
cell1_ROI_dbscan_centers,cell1_ROI_dbscan_centers,2495.0,1.0,0.0,0.0,0.0,2495.0,0.0,0.0,0.0,0.0
cell1_ROI_dbscan_centers,cell1_ROI_dbscan_centers,2496.0,0.0,0.0,0.0,0.0,2496.0,0.0,0.0,0.0,2.0
cell1_ROI_dbscan_centers,cell1_ROI_dbscan_centers,2497.0,0.0,0.0,0.0,0.0,2497.0,0.0,0.0,0.0,0.0
cell1_ROI_dbscan_centers,cell1_ROI_dbscan_centers,2498.0,0.0,1.0,1.0,1.0,2498.0,0.0,0.0,0.0,0.0
cell1_ROI_dbscan_centers,cell1_ROI_dbscan_centers,2499.0,1.0,0.0,0.0,0.0,2499.0,0.0,0.0,0.0,1.0
cell1_ROI_dbscan_centers,cell1_ROI_dbscan_centers,2500.0,0.0,0.0,0.0,0.0,2500.0,1.0,3.0,1.0,0.0
cell1_ROI_dbscan_centers,cell1_ROI_dbscan_centers,2501.0,0.0,0.0,0.0,0.0,2501.0,0.0,0.0,0.0,0.0
cell1_ROI_dbscan_centers,cell1_ROI_dbscan_centers,2502.0,0.0,0.0,0.0,0.0,2502.0,0.0,0.0,0.0,0.0
cell1_ROI_dbscan_centers,cell1_ROI_dbscan_centers,2503.0,0.0,0.0,0.0,1.0,2503.0,0.0,0.0,0.0,0.0
cell1_ROI_dbscan_centers,cell1_ROI_dbscan_centers,2504.0,1.0,0.0,0.0,0.0,2504.0,0.0,1.0,1.0,0.0
cell1_ROI_dbscan_centers,cell1_ROI_dbscan_centers,2505.0,0.0,0.0,0.0,0.0,2505.0,0.0,1.0,0.0,0.0
cell1_ROI_dbscan_centers,cell1_ROI_dbscan_centers,2506.0,1.0,0.0,1.0,0.0,2506.0,1.0,0.0,0.0,1.0
cell1_ROI_dbscan_centers,cell1_ROI_dbscan_centers,2507.0,0.0,0.0,0.0,0.0,2507.0,0.0,0.0,0.0,0.0
cell1_ROI_dbscan_centers,cell1_ROI_dbscan_centers,2508.0,1.0,0.0,0.0,0.0,2508.0,1.0,0.0,0.0,0.0
cell1_ROI_dbscan_centers,cell1_ROI_dbscan_centers,2509.0,0.0,0.0,1.0,0.0,2509.0,1.0,1.0,0.0,0.0
cell1_ROI_dbscan_centers,cell1_ROI_dbscan_centers,2510.0,0.0,0.0,0.0,0.0,2510.0,1.0,0.0,0.0,0.0
cell1_ROI_dbscan_centers,cell1_ROI_dbscan_centers,2511.0,2.0,1.0,1.0,0.0,2511.0,1.0,0.0,0.0,0.0
cell1_ROI_dbscan_centers,cell1_ROI_dbscan_centers,2512.0,0.0,0.0,0.0,1.0,2512.0,0.0,0.0,0.0,0.0
cell1_ROI_dbscan_centers,cell1_ROI_dbscan_centers,2513.0,0.0,0.0,0.0,0.0,2513.0,1.0,0.0,0.0,0.0
cell1_ROI_dbscan_centers,cell1_ROI_dbscan_centers,2514.0,1.0,0.0,1.0,0.0,2514.0,0.0,0.0,0.0,0.0
cell1_ROI_dbscan_centers,cell1_ROI_dbscan_centers,2515.0,1.0,0.0,0.0,0.0,2515.0,0.0,0.0,0.0,0.0
cell1_ROI_dbscan_centers,cell1_ROI_dbscan_centers,2516.0,0.0,0.0,0.0,0.0,2516.0,0.0,0.0,1.0,0.0
cell1_ROI_dbscan_centers,cell1_ROI_dbscan_centers,2517.0,1.0,0.0,0.0,0.0,2517.0,0.0,0.0,0.0,0.0
cell1_ROI_dbscan_centers,cell1_ROI_dbscan_centers,2518.0,1.0,1.0,0.0,0.0,2518.0,0.0,0.0,0.0,0.0
cell1_ROI_dbscan_centers,cell1_ROI_dbscan_centers,2519.0,0.0,0.0,0.0,0.0,2519.0,0.0,0.0,0.0,0.0
cell1_ROI_dbscan_centers,cell1_ROI_dbscan_centers,2520.0,2.0,0.0,0.0,0.0,2520.0,1.0,0.0,0.0,0.0
cell1_ROI_dbscan_centers,cell1_ROI_dbscan_centers,2521.0,0.0,0.0,0.0,0.0,2521.0,0.0,0.0,0.0,1.0
cell1_ROI_dbscan_centers,cell1_ROI_dbscan_centers,2522.0,0.0,0.0,1.0,0.0,2522.0,0.0,0.0,0.0,0.0
cell1_ROI_dbscan_centers,cell1_ROI_dbscan_centers,2523.0,0.0,0.0,0.0,0.0,2523.0,0.0,0.0,0.0,0.0
cell1_ROI_dbscan_centers,cell1_ROI_dbscan_centers,2524.0,0.0,1.0,0.0,0.0,2524.0,0.0,0.0,0.0,0.0
cell1_ROI_dbscan_centers,cell1_ROI_dbscan_centers,2525.0,0.0,0.0,0.0,0.0,2525.0,0.0,0.0,0.0,0.0
cell1_ROI_dbscan_centers,cell1_ROI_dbscan_centers,2526.0,1.0,1.0,0.0,0.0,2526.0,0.0,0.0,0.0,0.0
cell1_ROI_dbscan_centers,cell1_ROI_dbscan_centers,2527.0,0.0,0.0,0.0,0.0,2527.0,0.0,0.0,0.0,0.0
cell1_ROI_dbscan_centers,cell1_ROI_dbscan_centers,2528.0,0.0,1.0,0.0,0.0,2528.0,0.0,0.0,0.0,1.0
cell1_ROI_dbscan_centers,cell1_ROI_dbscan_centers,2529.0,1.0,0.0,0.0,0.0,2529.0,0.0,0.0,0.0,0.0
cell1_ROI_dbscan_centers,cell1_ROI_dbscan_centers,2530.0,2.0,0.0,0.0,0.0,2530.0,0.0,1.0,0.0,0.0
cell1_ROI_dbscan_centers,cell1_ROI_dbscan_centers,2531.0,0.0,0.0,0.0,0.0,2531.0,0.0,0.0,0.0,0.0
cell1_ROI_dbscan_centers,cell1_ROI_dbscan_centers,2532.0,0.0,0.0,0.0,0.0,2532.0,0.0,2.0,0.0,1.0
cell1_ROI_dbscan_centers,cell1_ROI_dbscan_centers,2533.0,1.0,0.0,1.0,0.0,2533.0,0.0,0.0,0.0,0.0
cell1_ROI_dbscan_centers,cell1_ROI_dbscan_centers,2534.0,0.0,0.0,0.0,0.0,2534.0,0.0,0.0,0.0,0.0
cell1_ROI_dbscan_centers,cell1_ROI_dbscan_centers,2535.0,0.0,0.0,0.0,0.0,2535.0,1.0,0.0,0.0,1.0
cell1_ROI_dbscan_centers,cell1_ROI_dbscan_centers,,,,,,2536.0,0.0,1.0,0.0,0.0
cell1_ROI_dbscan_centers,cell1_ROI_dbscan_centers,,,,,,2537.0,1.0,1.0,0.0,0.0
cell1_ROI_dbscan_centers,cell1_ROI_dbscan_centers,,,,,,2538.0,0.0,1.0,0.0,0.0
cell1_ROI_dbscan_centers,cell1_ROI_dbscan_centers,,,,,,2539.0,0.0,0.0,0.0,0.0
cell1_ROI_dbscan_centers,cell1_ROI_dbscan_centers,,,,,,2540.0,1.0,1.0,0.0,0.0
cell1_ROI_dbscan_centers,cell1_ROI_dbscan_centers,,,,,,2541.0,0.0,0.0,0.0,0.0
cell1_ROI_dbscan_centers,cell1_ROI_dbscan_centers,,,,,,2542.0,0.0,1.0,0.0,1.0
cell1_ROI_dbscan_centers,cell1_ROI_dbscan_centers,,,,,,2543.0,1.0,1.0,0.0,0.0
cell1_ROI_dbscan_centers,cell1_ROI_dbscan_centers,,,,,,2544.0,0.0,0.0,0.0,0.0
cell1_ROI_dbscan_centers,cell1_ROI_dbscan_centers,,,,,,2545.0,0.0,1.0,0.0,2.0
cell1_ROI_dbscan_centers,cell1_ROI_dbscan_centers,,,,,,2546.0,0.0,0.0,0.0,0.0
cell1_ROI_dbscan_centers,cell1_ROI_dbscan_centers,,,,,,2547.0,0.0,0.0,0.0,0.0
cell1_ROI_dbscan_centers,cell1_ROI_dbscan_centers,,,,,,2548.0,1.0,1.0,0.0,0.0
cell1_ROI_dbscan_centers,cell1_ROI_dbscan_centers,,,,,,2549.0,0.0,0.0,0.0,0.0
cell1_ROI_dbscan_centers,cell1_ROI_dbscan_centers,,,,,,2550.0,0.0,0.0,0.0,0.0
cell1_ROI_dbscan_centers,cell1_ROI_dbscan_centers,,,,,,2551.0,0.0,0.0,0.0,0.0
cell1_ROI_dbscan_centers,cell1_ROI_dbscan_centers,,,,,,2552.0,1.0,0.0,0.0,0.0
cell1_ROI_dbscan_centers,cell1_ROI_dbscan_centers,,,,,,2553.0,0.0,1.0,0.0,0.0
cell1_ROI_dbscan_centers,cell1_ROI_dbscan_centers,,,,,,2554.0,0.0,0.0,0.0,1.0
cell1_ROI_dbscan_centers,cell1_ROI_dbscan_centers,,,,,,2555.0,1.0,0.0,0.0,0.0
cell1_ROI_dbscan_centers,cell1_ROI_dbscan_centers,,,,,,2556.0,0.0,0.0,0.0,0.0
cell1_ROI_dbscan_centers,cell1_ROI_dbscan_centers,,,,,,2557.0,0.0,1.0,0.0,0.0
cell1_ROI_dbscan_centers,cell1_ROI_dbscan_centers,,,,,,2558.0,0.0,0.0,0.0,0.0
cell1_ROI_dbscan_centers,cell1_ROI_dbscan_centers,,,,,,2559.0,1.0,0.0,0.0,0.0
cell1_ROI_dbscan_centers,cell1_ROI_dbscan_centers,,,,,,2560.0,0.0,0.0,0.0,2.0
cell1_ROI_dbscan_centers,cell1_ROI_dbscan_centers,,,,,,2561.0,1.0,0.0,0.0,0.0
cell1_ROI_dbscan_centers,cell1_ROI_dbscan_centers,,,,,,2562.0,1.0,0.0,0.0,0.0
cell1_ROI_dbscan_centers,cell1_ROI_dbscan_centers,,,,,,2563.0,0.0,1.0,1.0,0.0
cell1_ROI_dbscan_centers,cell1_ROI_dbscan_centers,,,,,,2564.0,0.0,0.0,0.0,1.0
cell1_ROI_dbscan_centers,cell1_ROI_dbscan_centers,,,,,,2565.0,0.0,0.0,0.0,0.0
cell1_ROI_dbscan_centers,cell1_ROI_dbscan_centers,,,,,,2566.0,1.0,2.0,0.0,0.0
cell1_ROI_dbscan_centers,cell1_ROI_dbscan_centers,,,,,,2567.0,0.0,0.0,0.0,0.0
cell1_ROI_dbscan_centers,cell1_ROI_dbscan_centers,,,,,,2568.0,0.0,0.0,0.0,0.0
cell1_ROI_dbscan_centers,cell1_ROI_dbscan_centers,,,,,,2569.0,0.0,0.0,1.0,0.0
cell1_ROI_dbscan_centers,cell1_ROI_dbscan_centers,,,,,,2570.0,0.0,1.0,0.0,0.0
cell1_ROI_dbscan_centers,cell1_ROI_dbscan_centers,,,,,,2571.0,0.0,0.0,0.0,1.0
cell1_ROI_dbscan_centers,cell1_ROI_dbscan_centers,,,,,,2572.0,1.0,0.0,0.0,0.0
cell1_ROI_dbscan_centers,cell1_ROI_dbscan_centers,,,,,,2573.0,0.0,0.0,0.0,0.0
cell1_ROI_dbscan_centers,cell1_ROI_dbscan_centers,,,,,,2574.0,0.0,0.0,0.0,0.0
cell1_ROI_dbscan_centers,cell1_ROI_dbscan_centers,,,,,,2575.0,0.0,1.0,0.0,0.0
cell1_ROI_dbscan_centers,cell1_ROI_dbscan_centers,,,,,,2576.0,0.0,0.0,0.0,0.0
cell1_ROI_dbscan_centers,cell1_ROI_dbscan_centers,,,,,,2577.0,0.0,0.0,0.0,0.0
cell1_ROI_dbscan_centers,cell1_ROI_dbscan_centers,,,,,,2578.0,0.0,0.0,0.0,0.0
cell1_ROI_dbscan_centers,cell1_ROI_dbscan_centers,,,,,,2579.0,1.0,0.0,1.0,0.0
cell1_ROI_dbscan_centers,cell1_ROI_dbscan_centers,,,,,,2580.0,0.0,0.0,0.0,0.0
cell1_ROI_dbscan_centers,cell1_ROI_dbscan_centers,,,,,,2581.0,0.0,0.0,0.0,0.0
cell1_ROI_dbscan_centers,cell1_ROI_dbscan_centers,,,,,,2582.0,0.0,0.0,0.0,0.0
cell1_ROI_dbscan_centers,cell1_ROI_dbscan_centers,,,,,,2583.0,0.0,0.0,0.0,0.0
cell1_ROI_dbscan_centers,cell1_ROI_dbscan_centers,,,,,,2584.0,0.0,0.0,0.0,0.0
cell1_ROI_dbscan_centers,cell1_ROI_dbscan_centers,,,,,,2585.0,0.0,0.0,0.0,0.0
cell1_ROI_dbscan_centers,cell1_ROI_dbscan_centers,,,,,,2586.0,0.0,0.0,0.0,0.0
cell1_ROI_dbscan_centers,cell1_ROI_dbscan_centers,,,,,,2587.0,0.0,0.0,1.0,0.0
cell1_ROI_dbscan_centers,cell1_ROI_dbscan_centers,,,,,,2588.0,0.0,0.0,0.0,0.0
cell1_ROI_dbscan_centers,cell1_ROI_dbscan_centers,,,,,,2589.0,0.0,0.0,0.0,0.0
cell1_ROI_dbscan_centers,cell1_ROI_dbscan_centers,,,,,,2590.0,0.0,0.0,0.0,0.0
cell1_ROI_dbscan_centers,cell1_ROI_dbscan_centers,,,,,,2591.0,0.0,0.0,0.0,0.0
cell1_ROI_dbscan_centers,cell1_ROI_dbscan_centers,,,,,,2592.0,0.0,0.0,0.0,0.0
cell1_ROI_dbscan_centers,cell1_ROI_dbscan_centers,,,,,,2593.0,1.0,0.0,0.0,0.0
cell1_ROI_dbscan_centers,cell1_ROI_dbscan_centers,,,,,,2594.0,0.0,0.0,0.0,0.0
cell1_ROI_dbscan_centers,cell1_ROI_dbscan_centers,,,,,,2595.0,0.0,0.0,0.0,0.0
cell1_ROI_dbscan_centers,cell1_ROI_dbscan_centers,,,,,,2596.0,0.0,0.0,0.0,0.0
cell1_ROI_dbscan_centers,cell1_ROI_dbscan_centers,,,,,,2597.0,1.0,0.0,1.0,0.0
cell1_ROI_dbscan_centers,cell1_ROI_dbscan_centers,,,,,,2598.0,1.0,1.0,0.0,0.0
cell1_ROI_dbscan_centers,cell1_ROI_dbscan_centers,,,,,,2599.0,0.0,0.0,0.0,1.0
cell1_ROI_dbscan_centers,cell1_ROI_dbscan_centers,,,,,,2600.0,0.0,0.0,0.0,0.0
cell1_ROI_dbscan_centers,cell1_ROI_dbscan_centers,,,,,,2601.0,0.0,0.0,0.0,0.0
cell1_ROI_dbscan_centers,cell1_ROI_dbscan_centers,,,,,,2602.0,0.0,0.0,0.0,1.0
cell1_ROI_dbscan_centers,cell1_ROI_dbscan_centers,,,,,,2603.0,1.0,0.0,0.0,0.0
cell1_ROI_dbscan_centers,cell1_ROI_dbscan_centers,,,,,,2604.0,0.0,1.0,0.0,0.0
cell1_ROI_dbscan_centers,cell1_ROI_dbscan_centers,,,,,,2605.0,0.0,0.0,0.0,0.0
cell1_ROI_dbscan_centers,cell1_ROI_dbscan_centers,,,,,,2606.0,0.0,0.0,0.0,0.0
cell1_ROI_dbscan_centers,cell1_ROI_dbscan_centers,,,,,,2607.0,0.0,1.0,0.0,1.0
cell1_ROI_dbscan_centers,cell1_ROI_dbscan_centers,,,,,,2608.0,0.0,0.0,0.0,2.0
cell1_ROI_dbscan_centers,cell1_ROI_dbscan_centers,,,,,,2609.0,0.0,0.0,0.0,0.0
cell1_ROI_dbscan_centers,cell1_ROI_dbscan_centers,,,,,,2610.0,1.0,1.0,0.0,0.0
cell1_ROI_dbscan_centers,cell1_ROI_dbscan_centers,,,,,,2611.0,1.0,1.0,0.0,0.0
cell1_ROI_dbscan_centers,cell1_ROI_dbscan_centers,,,,,,2612.0,0.0,0.0,0.0,0.0
cell1_ROI_dbscan_centers,cell1_ROI_dbscan_centers,,,,,,2613.0,0.0,1.0,0.0,0.0
cell1_ROI_dbscan_centers,cell1_ROI_dbscan_centers,,,,,,2614.0,0.0,0.0,0.0,0.0
cell1_ROI_dbscan_centers,cell1_ROI_dbscan_centers,,,,,,2615.0,0.0,1.0,0.0,0.0
cell1_ROI_dbscan_centers,cell1_ROI_dbscan_centers,,,,,,2616.0,0.0,1.0,0.0,0.0
cell1_ROI_dbscan_centers,cell1_ROI_dbscan_centers,,,,,,2617.0,1.0,0.0,0.0,0.0
cell1_ROI_dbscan_centers,cell1_ROI_dbscan_centers,,,,,,2618.0,0.0,1.0,0.0,0.0
cell1_ROI_dbscan_centers,cell1_ROI_dbscan_centers,,,,,,2619.0,0.0,0.0,0.0,0.0
cell1_ROI_dbscan_centers,cell1_ROI_dbscan_centers,,,,,,2620.0,0.0,1.0,0.0,0.0
cell1_ROI_dbscan_centers,cell1_ROI_dbscan_centers,,,,,,2621.0,0.0,0.0,0.0,1.0
cell1_ROI_dbscan_centers,cell1_ROI_dbscan_centers,,,,,,2622.0,0.0,0.0,1.0,0.0
cell1_ROI_dbscan_centers,cell1_ROI_dbscan_centers,,,,,,2623.0,1.0,0.0,0.0,0.0
cell1_ROI_dbscan_centers,cell1_ROI_dbscan_centers,,,,,,2624.0,0.0,0.0,0.0,0.0
cell1_ROI_dbscan_centers,cell1_ROI_dbscan_centers,,,,,,2625.0,0.0,1.0,1.0,0.0
cell1_ROI_dbscan_centers,cell1_ROI_dbscan_centers,,,,,,2626.0,1.0,1.0,0.0,0.0
cell1_ROI_dbscan_centers,cell1_ROI_dbscan_centers,,,,,,2627.0,0.0,0.0,0.0,0.0
cell1_ROI_dbscan_centers,cell1_ROI_dbscan_centers,,,,,,2628.0,2.0,1.0,0.0,0.0
cell1_ROI_dbscan_centers,cell1_ROI_dbscan_centers,,,,,,2629.0,0.0,0.0,0.0,0.0
cell1_ROI_dbscan_centers,cell1_ROI_dbscan_centers,,,,,,2630.0,0.0,0.0,0.0,0.0
cell1_ROI_dbscan_centers,cell1_ROI_dbscan_centers,,,,,,2631.0,0.0,0.0,0.0,0.0
cell1_ROI_dbscan_centers,cell1_ROI_dbscan_centers,,,,,,2632.0,0.0,0.0,0.0,1.0
cell1_ROI_dbscan_centers,cell1_ROI_dbscan_centers,,,,,,2633.0,0.0,1.0,0.0,0.0
cell1_ROI_dbscan_centers,cell1_ROI_dbscan_centers,,,,,,2634.0,0.0,0.0,0.0,0.0
cell1_ROI_dbscan_centers,cell1_ROI_dbscan_centers,,,,,,2635.0,0.0,1.0,0.0,0.0
cell1_ROI_dbscan_centers,cell1_ROI_dbscan_centers,,,,,,2636.0,0.0,0.0,0.0,0.0
cell1_ROI_dbscan_centers,cell1_ROI_dbscan_centers,,,,,,2637.0,0.0,0.0,0.0,1.0
cell1_ROI_dbscan_centers,cell1_ROI_dbscan_centers,,,,,,2638.0,1.0,1.0,0.0,0.0
cell1_ROI_dbscan_centers,cell1_ROI_dbscan_centers,,,,,,2639.0,0.0,0.0,0.0,0.0
cell1_ROI_dbscan_centers,cell1_ROI_dbscan_centers,,,,,,2640.0,0.0,0.0,0.0,0.0
cell1_ROI_dbscan_centers,cell1_ROI_dbscan_centers,,,,,,2641.0,0.0,0.0,0.0,0.0
cell1_ROI_dbscan_centers,cell1_ROI_dbscan_centers,,,,,,2642.0,0.0,0.0,0.0,0.0
cell1_ROI_dbscan_centers,cell1_ROI_dbscan_centers,,,,,,2643.0,0.0,0.0,0.0,0.0
cell1_ROI_dbscan_centers,cell1_ROI_dbscan_centers,,,,,,2644.0,0.0,0.0,0.0,0.0
cell1_ROI_dbscan_centers,cell1_ROI_dbscan_centers,,,,,,2645.0,1.0,0.0,0.0,0.0
cell1_ROI_dbscan_centers,cell1_ROI_dbscan_centers,,,,,,2646.0,0.0,0.0,0.0,0.0
cell1_ROI_dbscan_centers,cell1_ROI_dbscan_centers,,,,,,2647.0,0.0,0.0,0.0,2.0
cell1_ROI_dbscan_centers,cell1_ROI_dbscan_centers,,,,,,2648.0,0.0,0.0,0.0,0.0
cell1_ROI_dbscan_centers,cell1_ROI_dbscan_centers,,,,,,2649.0,0.0,0.0,0.0,0.0
cell1_ROI_dbscan_centers,cell1_ROI_dbscan_centers,,,,,,2650.0,0.0,0.0,0.0,0.0
cell1_ROI_dbscan_centers,cell1_ROI_dbscan_centers,,,,,,2651.0,0.0,0.0,0.0,0.0
cell1_ROI_dbscan_centers,cell1_ROI_dbscan_centers,,,,,,2652.0,0.0,0.0,0.0,0.0
cell1_ROI_dbscan_centers,cell1_ROI_dbscan_centers,,,,,,2653.0,1.0,0.0,1.0,1.0
cell1_ROI_dbscan_centers,cell1_ROI_dbscan_centers,,,,,,2654.0,0.0,1.0,0.0,0.0
cell1_ROI_dbscan_centers,cell1_ROI_dbscan_centers,,,,,,2655.0,1.0,1.0,0.0,1.0
cell1_ROI_dbscan_centers,cell1_ROI_dbscan_centers,,,,,,2656.0,1.0,0.0,0.0,0.0
cell1_ROI_dbscan_centers,cell1_ROI_dbscan_centers,,,,,,2657.0,0.0,0.0,0.0,0.0
cell1_ROI_dbscan_centers,cell1_ROI_dbscan_centers,,,,,,2658.0,0.0,0.0,0.0,0.0
cell1_ROI_dbscan_centers,cell1_ROI_dbscan_centers,,,,,,2659.0,0.0,2.0,0.0,0.0
cell1_ROI_dbscan_centers,cell1_ROI_dbscan_centers,,,,,,2660.0,0.0,0.0,0.0,0.0
cell1_ROI_dbscan_centers,cell1_ROI_dbscan_centers,,,,,,2661.0,0.0,0.0,0.0,0.0
cell1_ROI_dbscan_centers,cell1_ROI_dbscan_centers,,,,,,2662.0,0.0,0.0,0.0,0.0
cell1_ROI_dbscan_centers,cell1_ROI_dbscan_centers,,,,,,2663.0,0.0,0.0,0.0,0.0
cell1_ROI_dbscan_centers,cell1_ROI_dbscan_centers,,,,,,2664.0,0.0,0.0,0.0,0.0
cell1_ROI_dbscan_centers,cell1_ROI_dbscan_centers,,,,,,2665.0,0.0,0.0,0.0,1.0
cell1_ROI_dbscan_centers,cell1_ROI_dbscan_centers,,,,,,2666.0,1.0,0.0,0.0,0.0
cell1_ROI_dbscan_centers,cell1_ROI_dbscan_centers,,,,,,2667.0,0.0,0.0,0.0,1.0
cell1_ROI_dbscan_centers,cell1_ROI_dbscan_centers,,,,,,2668.0,0.0,0.0,0.0,1.0
cell1_ROI_dbscan_centers,cell1_ROI_dbscan_centers,,,,,,2669.0,0.0,0.0,0.0,0.0
cell1_ROI_dbscan_centers,cell1_ROI_dbscan_centers,,,,,,2670.0,0.0,0.0,1.0,0.0
cell1_ROI_dbscan_centers,cell1_ROI_dbscan_centers,,,,,,2671.0,1.0,0.0,0.0,0.0
cell1_ROI_dbscan_centers,cell1_ROI_dbscan_centers,,,,,,2672.0,0.0,0.0,1.0,1.0
cell1_ROI_dbscan_centers,cell1_ROI_dbscan_centers,,,,,,2673.0,0.0,0.0,0.0,0.0
cell1_ROI_dbscan_centers,cell1_ROI_dbscan_centers,,,,,,2674.0,0.0,1.0,0.0,0.0
cell1_ROI_dbscan_centers,cell1_ROI_dbscan_centers,,,,,,2675.0,0.0,0.0,0.0,0.0
cell1_ROI_dbscan_centers,cell1_ROI_dbscan_centers,,,,,,2676.0,1.0,0.0,0.0,0.0
cell1_ROI_dbscan_centers,cell1_ROI_dbscan_centers,,,,,,2677.0,0.0,1.0,0.0,0.0
cell1_ROI_dbscan_centers,cell1_ROI_dbscan_centers,,,,,,2678.0,0.0,0.0,0.0,0.0
cell1_ROI_dbscan_centers,cell1_ROI_dbscan_centers,,,,,,2679.0,0.0,1.0,0.0,0.0
cell1_ROI_dbscan_centers,cell1_ROI_dbscan_centers,,,,,,2680.0,1.0,2.0,1.0,0.0
cell1_ROI_dbscan_centers,cell1_ROI_dbscan_centers,,,,,,2681.0,0.0,0.0,0.0,0.0
cell1_ROI_dbscan_centers,cell1_ROI_dbscan_centers,,,,,,2682.0,0.0,0.0,0.0,0.0
cell1_ROI_dbscan_centers,cell1_ROI_dbscan_centers,,,,,,2683.0,0.0,0.0,0.0,0.0
cell1_ROI_dbscan_centers,cell1_ROI_dbscan_centers,,,,,,2684.0,0.0,0.0,0.0,1.0
cell1_ROI_dbscan_centers,cell1_ROI_dbscan_centers,,,,,,2685.0,0.0,0.0,0.0,0.0
cell1_ROI_dbscan_centers,cell1_ROI_dbscan_centers,,,,,,2686.0,1.0,0.0,1.0,0.0
cell1_ROI_dbscan_centers,cell1_ROI_dbscan_centers,,,,,,2687.0,1.0,0.0,0.0,0.0
cell1_ROI_dbscan_centers,cell1_ROI_dbscan_centers,,,,,,2688.0,0.0,0.0,0.0,0.0
cell1_ROI_dbscan_centers,cell1_ROI_dbscan_centers,,,,,,2689.0,0.0,1.0,0.0,0.0
cell1_ROI_dbscan_centers,cell1_ROI_dbscan_centers,,,,,,2690.0,0.0,1.0,0.0,0.0
cell1_ROI_dbscan_centers,cell1_ROI_dbscan_centers,,,,,,2691.0,1.0,0.0,1.0,0.0
cell1_ROI_dbscan_centers,cell1_ROI_dbscan_centers,,,,,,2692.0,0.0,0.0,0.0,1.0
cell1_ROI_dbscan_centers,cell1_ROI_dbscan_centers,,,,,,2693.0,0.0,0.0,0.0,0.0
cell1_ROI_dbscan_centers,cell1_ROI_dbscan_centers,,,,,,2694.0,0.0,0.0,0.0,0.0
cell1_ROI_dbscan_centers,cell1_ROI_dbscan_centers,,,,,,2695.0,0.0,0.0,0.0,0.0
cell1_ROI_dbscan_centers,cell1_ROI_dbscan_centers,,,,,,2696.0,0.0,1.0,0.0,0.0
cell1_ROI_dbscan_centers,cell1_ROI_dbscan_centers,,,,,,2697.0,0.0,1.0,0.0,0.0
cell1_ROI_dbscan_centers,cell1_ROI_dbscan_centers,,,,,,2698.0,0.0,0.0,0.0,0.0
cell1_ROI_dbscan_centers,cell1_ROI_dbscan_centers,,,,,,2699.0,0.0,0.0,0.0,0.0
cell1_ROI_dbscan_centers,cell1_ROI_dbscan_centers,,,,,,2700.0,0.0,0.0,0.0,1.0
cell1_ROI_dbscan_centers,cell1_ROI_dbscan_centers,,,,,,2701.0,0.0,0.0,0.0,0.0
cell1_ROI_dbscan_centers,cell1_ROI_dbscan_centers,,,,,,2702.0,0.0,0.0,0.0,0.0
cell1_ROI_dbscan_centers,cell1_ROI_dbscan_centers,,,,,,2703.0,0.0,1.0,0.0,0.0
cell1_ROI_dbscan_centers,cell1_ROI_dbscan_centers,,,,,,2704.0,0.0,0.0,0.0,0.0
cell1_ROI_dbscan_centers,cell1_ROI_dbscan_centers,,,,,,2705.0,1.0,1.0,0.0,0.0
cell1_ROI_dbscan_centers,cell1_ROI_dbscan_centers,,,,,,2706.0,0.0,0.0,0.0,1.0
cell1_ROI_dbscan_centers,cell1_ROI_dbscan_centers,,,,,,2707.0,0.0,0.0,0.0,1.0
cell1_ROI_dbscan_centers,cell1_ROI_dbscan_centers,,,,,,2708.0,0.0,0.0,0.0,1.0
cell1_ROI_dbscan_centers,cell1_ROI_dbscan_centers,,,,,,2709.0,0.0,0.0,0.0,0.0
cell1_ROI_dbscan_centers,cell1_ROI_dbscan_centers,,,,,,2710.0,0.0,0.0,0.0,0.0
cell1_ROI_dbscan_centers,cell1_ROI_dbscan_centers,,,,,,2711.0,0.0,0.0,0.0,0.0
cell1_ROI_dbscan_centers,cell1_ROI_dbscan_centers,,,,,,2712.0,0.0,0.0,0.0,0.0
cell1_ROI_dbscan_centers,cell1_ROI_dbscan_centers,,,,,,2713.0,1.0,0.0,0.0,0.0
cell1_ROI_dbscan_centers,cell1_ROI_dbscan_centers,,,,,,2714.0,0.0,0.0,0.0,0.0
cell1_ROI_dbscan_centers,cell1_ROI_dbscan_centers,,,,,,2715.0,0.0,0.0,0.0,1.0
cell1_ROI_dbscan_centers,cell1_ROI_dbscan_centers,,,,,,2716.0,1.0,0.0,0.0,0.0
cell1_ROI_dbscan_centers,cell1_ROI_dbscan_centers,,,,,,2717.0,0.0,0.0,0.0,0.0
cell1_ROI_dbscan_centers,cell1_ROI_dbscan_centers,,,,,,2718.0,0.0,0.0,0.0,0.0
cell1_ROI_dbscan_centers,cell1_ROI_dbscan_centers,,,,,,2719.0,0.0,1.0,0.0,1.0
cell1_ROI_dbscan_centers,cell1_ROI_dbscan_centers,,,,,,2720.0,0.0,0.0,0.0,0.0
cell1_ROI_dbscan_centers,cell1_ROI_dbscan_centers,,,,,,2721.0,0.0,0.0,0.0,0.0
cell1_ROI_dbscan_centers,cell1_ROI_dbscan_centers,,,,,,2722.0,0.0,0.0,0.0,0.0
cell1_ROI_dbscan_centers,cell1_ROI_dbscan_centers,,,,,,2723.0,0.0,0.0,0.0,0.0
cell1_ROI_dbscan_centers,cell1_ROI_dbscan_centers,,,,,,2724.0,0.0,0.0,0.0,0.0
cell1_ROI_dbscan_centers,cell1_ROI_dbscan_centers,,,,,,2725.0,1.0,0.0,0.0,0.0
cell1_ROI_dbscan_centers,cell1_ROI_dbscan_centers,,,,,,2726.0,1.0,0.0,0.0,0.0
cell1_ROI_dbscan_centers,cell1_ROI_dbscan_centers,,,,,,2727.0,0.0,0.0,0.0,0.0
cell1_ROI_dbscan_centers,cell1_ROI_dbscan_centers,,,,,,2728.0,0.0,0.0,0.0,0.0
cell1_ROI_dbscan_centers,cell1_ROI_dbscan_centers,,,,,,2729.0,1.0,0.0,0.0,0.0
cell1_ROI_dbscan_centers,cell1_ROI_dbscan_centers,,,,,,2730.0,0.0,0.0,0.0,0.0
cell1_ROI_dbscan_centers,cell1_ROI_dbscan_centers,,,,,,2731.0,1.0,0.0,0.0,0.0
cell1_ROI_dbscan_centers,cell1_ROI_dbscan_centers,,,,,,2732.0,0.0,0.0,0.0,0.0
cell1_ROI_dbscan_centers,cell1_ROI_dbscan_centers,,,,,,2733.0,0.0,0.0,0.0,0.0
cell1_ROI_dbscan_centers,cell1_ROI_dbscan_centers,,,,,,2734.0,1.0,1.0,0.0,0.0
cell1_ROI_dbscan_centers,cell1_ROI_dbscan_centers,,,,,,2735.0,0.0,0.0,0.0,0.0
cell1_ROI_dbscan_centers,cell1_ROI_dbscan_centers,,,,,,2736.0,0.0,0.0,0.0,0.0
cell1_ROI_dbscan_centers,cell1_ROI_dbscan_centers,,,,,,2737.0,1.0,1.0,0.0,0.0
cell1_ROI_dbscan_centers,cell1_ROI_dbscan_centers,,,,,,2738.0,0.0,0.0,0.0,0.0
cell1_ROI_dbscan_centers,cell1_ROI_dbscan_centers,,,,,,2739.0,1.0,0.0,0.0,0.0
cell1_ROI_dbscan_centers,cell1_ROI_dbscan_centers,,,,,,2740.0,0.0,0.0,1.0,0.0
cell1_ROI_dbscan_centers,cell1_ROI_dbscan_centers,,,,,,2741.0,0.0,0.0,0.0,0.0
cell1_ROI_dbscan_centers,cell1_ROI_dbscan_centers,,,,,,2742.0,0.0,0.0,1.0,1.0
cell1_ROI_dbscan_centers,cell1_ROI_dbscan_centers,,,,,,2743.0,0.0,0.0,0.0,0.0
cell1_ROI_dbscan_centers,cell1_ROI_dbscan_centers,,,,,,2744.0,0.0,0.0,0.0,0.0
cell1_ROI_dbscan_centers,cell1_ROI_dbscan_centers,,,,,,2745.0,0.0,0.0,0.0,0.0
cell1_ROI_dbscan_centers,cell1_ROI_dbscan_centers,,,,,,2746.0,0.0,2.0,0.0,1.0
cell1_ROI_dbscan_centers,cell1_ROI_dbscan_centers,,,,,,2747.0,0.0,0.0,0.0,0.0
cell1_ROI_dbscan_centers,cell1_ROI_dbscan_centers,,,,,,2748.0,1.0,0.0,0.0,0.0
cell1_ROI_dbscan_centers,cell1_ROI_dbscan_centers,,,,,,2749.0,1.0,0.0,0.0,1.0
cell1_ROI_dbscan_centers,cell1_ROI_dbscan_centers,,,,,,2750.0,1.0,0.0,0.0,0.0
cell1_ROI_dbscan_centers,cell1_ROI_dbscan_centers,,,,,,2751.0,1.0,0.0,0.0,0.0
cell1_ROI_dbscan_centers,cell1_ROI_dbscan_centers,,,,,,2752.0,1.0,0.0,0.0,0.0
cell1_ROI_dbscan_centers,cell1_ROI_dbscan_centers,,,,,,2753.0,1.0,0.0,0.0,0.0
cell1_ROI_dbscan_centers,cell1_ROI_dbscan_centers,,,,,,2754.0,0.0,0.0,0.0,0.0
cell1_ROI_dbscan_centers,cell1_ROI_dbscan_centers,,,,,,2755.0,1.0,0.0,0.0,1.0
cell1_ROI_dbscan_centers,cell1_ROI_dbscan_centers,,,,,,2756.0,0.0,1.0,0.0,0.0
cell1_ROI_dbscan_centers,cell1_ROI_dbscan_centers,,,,,,2757.0,0.0,0.0,0.0,0.0
cell1_ROI_dbscan_centers,cell1_ROI_dbscan_centers,,,,,,2758.0,1.0,1.0,0.0,0.0
cell1_ROI_dbscan_centers,cell1_ROI_dbscan_centers,,,,,,2759.0,0.0,1.0,0.0,0.0
cell1_ROI_dbscan_centers,cell1_ROI_dbscan_centers,,,,,,2760.0,0.0,0.0,1.0,0.0
cell1_ROI_dbscan_centers,cell1_ROI_dbscan_centers,,,,,,2761.0,0.0,0.0,0.0,0.0
cell1_ROI_dbscan_centers,cell1_ROI_dbscan_centers,,,,,,2762.0,1.0,0.0,0.0,0.0
cell1_ROI_dbscan_centers,cell1_ROI_dbscan_centers,,,,,,2763.0,0.0,0.0,0.0,0.0
cell1_ROI_dbscan_centers,cell1_ROI_dbscan_centers,,,,,,2764.0,0.0,0.0,0.0,0.0
cell1_ROI_dbscan_centers,cell1_ROI_dbscan_centers,,,,,,2765.0,0.0,0.0,0.0,0.0
cell1_ROI_dbscan_centers,cell1_ROI_dbscan_centers,,,,,,2766.0,0.0,0.0,0.0,1.0
cell1_ROI_dbscan_centers,cell1_ROI_dbscan_centers,,,,,,2767.0,0.0,1.0,0.0,0.0
cell1_ROI_dbscan_centers,cell1_ROI_dbscan_centers,,,,,,2768.0,0.0,0.0,0.0,0.0
cell1_ROI_dbscan_centers,cell1_ROI_dbscan_centers,,,,,,2769.0,1.0,1.0,0.0,0.0
cell1_ROI_dbscan_centers,cell1_ROI_dbscan_centers,,,,,,2770.0,0.0,0.0,0.0,0.0
cell1_ROI_dbscan_centers,cell1_ROI_dbscan_centers,,,,,,2771.0,0.0,0.0,0.0,0.0
cell1_ROI_dbscan_centers,cell1_ROI_dbscan_centers,,,,,,2772.0,0.0,0.0,0.0,0.0
cell1_ROI_dbscan_centers,cell1_ROI_dbscan_centers,,,,,,2773.0,0.0,0.0,0.0,0.0
cell1_ROI_dbscan_centers,cell1_ROI_dbscan_centers,,,,,,2774.0,1.0,0.0,0.0,0.0
cell1_ROI_dbscan_centers,cell1_ROI_dbscan_centers,,,,,,2775.0,0.0,0.0,0.0,0.0
cell1_ROI_dbscan_centers,cell1_ROI_dbscan_centers,,,,,,2776.0,0.0,0.0,0.0,0.0
cell1_ROI_dbscan_centers,cell1_ROI_dbscan_centers,,,,,,2777.0,0.0,0.0,0.0,0.0
cell1_ROI_dbscan_centers,cell1_ROI_dbscan_centers,,,,,,2778.0,1.0,0.0,0.0,0.0
cell1_ROI_dbscan_centers,cell1_ROI_dbscan_centers,,,,,,2779.0,0.0,0.0,0.0,0.0
cell1_ROI_dbscan_centers,cell1_ROI_dbscan_centers,,,,,,2780.0,1.0,1.0,0.0,0.0
cell1_ROI_dbscan_centers,cell1_ROI_dbscan_centers,,,,,,2781.0,0.0,0.0,0.0,0.0
cell1_ROI_dbscan_centers,cell1_ROI_dbscan_centers,,,,,,2782.0,0.0,1.0,0.0,1.0
cell1_ROI_dbscan_centers,cell1_ROI_dbscan_centers,,,,,,2783.0,1.0,0.0,0.0,0.0
cell1_ROI_dbscan_centers,cell1_ROI_dbscan_centers,,,,,,2784.0,0.0,0.0,0.0,0.0
cell1_ROI_dbscan_centers,cell1_ROI_dbscan_centers,,,,,,2785.0,0.0,0.0,0.0,1.0
cell1_ROI_dbscan_centers,cell1_ROI_dbscan_centers,,,,,,2786.0,1.0,1.0,0.0,1.0
cell1_ROI_dbscan_centers,cell1_ROI_dbscan_centers,,,,,,2787.0,0.0,0.0,0.0,0.0
cell1_ROI_dbscan_centers,cell1_ROI_dbscan_centers,,,,,,2788.0,1.0,0.0,0.0,1.0
cell1_ROI_dbscan_centers,cell1_ROI_dbscan_centers,,,,,,2789.0,0.0,0.0,0.0,0.0
cell1_ROI_dbscan_centers,cell1_ROI_dbscan_centers,,,,,,2790.0,0.0,2.0,1.0,0.0
cell1_ROI_dbscan_centers,cell1_ROI_dbscan_centers,,,,,,2791.0,0.0,0.0,0.0,0.0
cell1_ROI_dbscan_centers,cell1_ROI_dbscan_centers,,,,,,2792.0,0.0,0.0,0.0,0.0
cell1_ROI_dbscan_centers,cell1_ROI_dbscan_centers,,,,,,2793.0,0.0,0.0,0.0,0.0
cell1_ROI_dbscan_centers,cell1_ROI_dbscan_centers,,,,,,2794.0,0.0,0.0,0.0,0.0
cell1_ROI_dbscan_centers,cell1_ROI_dbscan_centers,,,,,,2795.0,0.0,0.0,0.0,0.0
cell1_ROI_dbscan_centers,cell1_ROI_dbscan_centers,,,,,,2796.0,0.0,0.0,0.0,0.0
cell1_ROI_dbscan_centers,cell1_ROI_dbscan_centers,,,,,,2797.0,0.0,0.0,0.0,0.0
cell1_ROI_dbscan_centers,cell1_ROI_dbscan_centers,,,,,,2798.0,0.0,0.0,0.0,0.0
cell1_ROI_dbscan_centers,cell1_ROI_dbscan_centers,,,,,,2799.0,0.0,1.0,0.0,1.0
cell1_ROI_dbscan_centers,cell1_ROI_dbscan_centers,,,,,,2800.0,0.0,0.0,1.0,0.0
cell1_ROI_dbscan_centers,cell1_ROI_dbscan_centers,,,,,,2801.0,1.0,0.0,0.0,0.0
cell1_ROI_dbscan_centers,cell1_ROI_dbscan_centers,,,,,,2802.0,0.0,0.0,0.0,0.0
cell1_ROI_dbscan_centers,cell1_ROI_dbscan_centers,,,,,,2803.0,0.0,0.0,0.0,0.0
cell1_ROI_dbscan_centers,cell1_ROI_dbscan_centers,,,,,,2804.0,0.0,0.0,0.0,0.0
cell1_ROI_dbscan_centers,cell1_ROI_dbscan_centers,,,,,,2805.0,1.0,2.0,0.0,0.0
cell1_ROI_dbscan_centers,cell1_ROI_dbscan_centers,,,,,,2806.0,0.0,0.0,0.0,0.0
cell1_ROI_dbscan_centers,cell1_ROI_dbscan_centers,,,,,,2807.0,0.0,1.0,0.0,1.0
cell1_ROI_dbscan_centers,cell1_ROI_dbscan_centers,,,,,,2808.0,0.0,0.0,0.0,0.0
cell1_ROI_dbscan_centers,cell1_ROI_dbscan_centers,,,,,,2809.0,0.0,0.0,0.0,0.0
cell1_ROI_dbscan_centers,cell1_ROI_dbscan_centers,,,,,,2810.0,0.0,0.0,0.0,0.0
cell1_ROI_dbscan_centers,cell1_ROI_dbscan_centers,,,,,,2811.0,0.0,0.0,0.0,0.0
cell1_ROI_dbscan_centers,cell1_ROI_dbscan_centers,,,,,,2812.0,0.0,1.0,0.0,0.0
cell1_ROI_dbscan_centers,cell1_ROI_dbscan_centers,,,,,,2813.0,0.0,0.0,0.0,0.0
cell1_ROI_dbscan_centers,cell1_ROI_dbscan_centers,,,,,,2814.0,0.0,0.0,0.0,2.0
cell1_ROI_dbscan_centers,cell1_ROI_dbscan_centers,,,,,,2815.0,0.0,1.0,0.0,0.0
cell1_ROI_dbscan_centers,cell1_ROI_dbscan_centers,,,,,,2816.0,0.0,0.0,0.0,0.0
cell1_ROI_dbscan_centers,cell1_ROI_dbscan_centers,,,,,,2817.0,0.0,0.0,0.0,0.0
cell1_ROI_dbscan_centers,cell1_ROI_dbscan_centers,,,,,,2818.0,0.0,0.0,0.0,0.0
cell1_ROI_dbscan_centers,cell1_ROI_dbscan_centers,,,,,,2819.0,0.0,0.0,0.0,0.0
cell1_ROI_dbscan_centers,cell1_ROI_dbscan_centers,,,,,,2820.0,2.0,1.0,0.0,0.0
cell1_ROI_dbscan_centers,cell1_ROI_dbscan_centers,,,,,,2821.0,0.0,2.0,0.0,0.0
cell1_ROI_dbscan_centers,cell1_ROI_dbscan_centers,,,,,,2822.0,1.0,0.0,0.0,0.0
cell1_ROI_dbscan_centers,cell1_ROI_dbscan_centers,,,,,,2823.0,1.0,1.0,0.0,0.0
cell1_ROI_dbscan_centers,cell1_ROI_dbscan_centers,,,,,,2824.0,1.0,0.0,0.0,0.0
cell1_ROI_dbscan_centers,cell1_ROI_dbscan_centers,,,,,,2825.0,0.0,0.0,0.0,0.0
cell1_ROI_dbscan_centers,cell1_ROI_dbscan_centers,,,,,,2826.0,0.0,2.0,0.0,1.0
cell1_ROI_dbscan_centers,cell1_ROI_dbscan_centers,,,,,,2827.0,0.0,0.0,1.0,0.0
cell1_ROI_dbscan_centers,cell1_ROI_dbscan_centers,,,,,,2828.0,0.0,0.0,0.0,0.0
cell1_ROI_dbscan_centers,cell1_ROI_dbscan_centers,,,,,,2829.0,1.0,0.0,0.0,0.0
cell1_ROI_dbscan_centers,cell1_ROI_dbscan_centers,,,,,,2830.0,0.0,0.0,1.0,0.0
cell1_ROI_dbscan_centers,cell1_ROI_dbscan_centers,,,,,,2831.0,0.0,0.0,0.0,0.0
cell1_ROI_dbscan_centers,cell1_ROI_dbscan_centers,,,,,,2832.0,0.0,0.0,0.0,0.0
cell1_ROI_dbscan_centers,cell1_ROI_dbscan_centers,,,,,,2833.0,1.0,1.0,0.0,0.0
cell1_ROI_dbscan_centers,cell1_ROI_dbscan_centers,,,,,,2834.0,0.0,0.0,0.0,0.0
cell1_ROI_dbscan_centers,cell1_ROI_dbscan_centers,,,,,,2835.0,0.0,0.0,0.0,0.0
cell1_ROI_dbscan_centers,cell1_ROI_dbscan_centers,,,,,,2836.0,0.0,0.0,0.0,0.0
cell1_ROI_dbscan_centers,cell1_ROI_dbscan_centers,,,,,,2837.0,0.0,1.0,0.0,0.0
cell1_ROI_dbscan_centers,cell1_ROI_dbscan_centers,,,,,,2838.0,0.0,0.0,0.0,0.0
cell1_ROI_dbscan_centers,cell1_ROI_dbscan_centers,,,,,,2839.0,2.0,1.0,0.0,0.0
cell1_ROI_dbscan_centers,cell1_ROI_dbscan_centers,,,,,,2840.0,0.0,0.0,0.0,0.0
cell1_ROI_dbscan_centers,cell1_ROI_dbscan_centers,,,,,,2841.0,0.0,0.0,0.0,0.0
cell1_ROI_dbscan_centers,cell1_ROI_dbscan_centers,,,,,,2842.0,1.0,0.0,0.0,0.0
cell1_ROI_dbscan_centers,cell1_ROI_dbscan_centers,,,,,,2843.0,1.0,0.0,0.0,0.0
cell1_ROI_dbscan_centers,cell1_ROI_dbscan_centers,,,,,,2844.0,0.0,0.0,0.0,1.0
cell1_ROI_dbscan_centers,cell1_ROI_dbscan_centers,,,,,,2845.0,0.0,1.0,0.0,0.0
cell1_ROI_dbscan_centers,cell1_ROI_dbscan_centers,,,,,,2846.0,0.0,0.0,0.0,0.0
cell1_ROI_dbscan_centers,cell1_ROI_dbscan_centers,,,,,,2847.0,0.0,0.0,0.0,0.0
cell1_ROI_dbscan_centers,cell1_ROI_dbscan_centers,,,,,,2848.0,0.0,1.0,0.0,0.0
cell1_ROI_dbscan_centers,cell1_ROI_dbscan_centers,,,,,,2849.0,0.0,0.0,0.0,0.0
cell1_ROI_dbscan_centers,cell1_ROI_dbscan_centers,,,,,,2850.0,0.0,0.0,0.0,0.0
cell1_ROI_dbscan_centers,cell1_ROI_dbscan_centers,,,,,,2851.0,1.0,0.0,1.0,1.0
cell1_ROI_dbscan_centers,cell1_ROI_dbscan_centers,,,,,,2852.0,0.0,0.0,0.0,0.0
cell1_ROI_dbscan_centers,cell1_ROI_dbscan_centers,,,,,,2853.0,1.0,0.0,0.0,0.0
cell1_ROI_dbscan_centers,cell1_ROI_dbscan_centers,,,,,,2854.0,0.0,0.0,0.0,0.0
cell1_ROI_dbscan_centers,cell1_ROI_dbscan_centers,,,,,,2855.0,0.0,1.0,0.0,0.0
cell1_ROI_dbscan_centers,cell1_ROI_dbscan_centers,,,,,,2856.0,0.0,0.0,0.0,0.0
cell1_ROI_dbscan_centers,cell1_ROI_dbscan_centers,,,,,,2857.0,0.0,0.0,0.0,0.0
cell1_ROI_dbscan_centers,cell1_ROI_dbscan_centers,,,,,,2858.0,0.0,0.0,0.0,0.0
cell1_ROI_dbscan_centers,cell1_ROI_dbscan_centers,,,,,,2859.0,0.0,1.0,0.0,0.0
cell1_ROI_dbscan_centers,cell1_ROI_dbscan_centers,,,,,,2860.0,0.0,0.0,0.0,0.0
cell1_ROI_dbscan_centers,cell1_ROI_dbscan_centers,,,,,,2861.0,0.0,1.0,0.0,1.0
cell1_ROI_dbscan_centers,cell1_ROI_dbscan_centers,,,,,,2862.0,0.0,0.0,0.0,0.0
cell1_ROI_dbscan_centers,cell1_ROI_dbscan_centers,,,,,,2863.0,0.0,0.0,0.0,1.0
cell1_ROI_dbscan_centers,cell1_ROI_dbscan_centers,,,,,,2864.0,1.0,0.0,0.0,1.0
cell1_ROI_dbscan_centers,cell1_ROI_dbscan_centers,,,,,,2865.0,1.0,0.0,0.0,1.0
cell1_ROI_dbscan_centers,cell1_ROI_dbscan_centers,,,,,,2866.0,0.0,0.0,0.0,0.0
cell1_ROI_dbscan_centers,cell1_ROI_dbscan_centers,,,,,,2867.0,1.0,1.0,0.0,0.0
cell1_ROI_dbscan_centers,cell1_ROI_dbscan_centers,,,,,,2868.0,0.0,0.0,0.0,2.0
cell1_ROI_dbscan_centers,cell1_ROI_dbscan_centers,,,,,,2869.0,0.0,0.0,0.0,0.0
cell1_ROI_dbscan_centers,cell1_ROI_dbscan_centers,,,,,,2870.0,1.0,0.0,1.0,0.0
cell1_ROI_dbscan_centers,cell1_ROI_dbscan_centers,,,,,,2871.0,0.0,0.0,0.0,0.0
cell1_ROI_dbscan_centers,cell1_ROI_dbscan_centers,,,,,,2872.0,1.0,0.0,0.0,1.0
cell1_ROI_dbscan_centers,cell1_ROI_dbscan_centers,,,,,,2873.0,0.0,0.0,0.0,0.0
cell1_ROI_dbscan_centers,cell1_ROI_dbscan_centers,,,,,,2874.0,1.0,0.0,0.0,0.0
cell1_ROI_dbscan_centers,cell1_ROI_dbscan_centers,,,,,,2875.0,0.0,0.0,0.0,0.0
cell1_ROI_dbscan_centers,cell1_ROI_dbscan_centers,,,,,,2876.0,0.0,0.0,0.0,0.0
cell1_ROI_dbscan_centers,cell1_ROI_dbscan_centers,,,,,,2877.0,0.0,0.0,0.0,0.0
cell1_ROI_dbscan_centers,cell1_ROI_dbscan_centers,,,,,,2878.0,0.0,0.0,0.0,0.0
cell1_ROI_dbscan_centers,cell1_ROI_dbscan_centers,,,,,,2879.0,0.0,0.0,0.0,0.0
cell1_ROI_dbscan_centers,cell1_ROI_dbscan_centers,,,,,,2880.0,0.0,0.0,0.0,0.0
cell1_ROI_dbscan_centers,cell1_ROI_dbscan_centers,,,,,,2881.0,0.0,0.0,0.0,0.0
cell1_ROI_dbscan_centers,cell1_ROI_dbscan_centers,,,,,,2882.0,0.0,0.0,0.0,0.0
cell1_ROI_dbscan_centers,cell1_ROI_dbscan_centers,,,,,,2883.0,0.0,0.0,1.0,0.0
cell1_ROI_dbscan_centers,cell1_ROI_dbscan_centers,,,,,,2884.0,0.0,0.0,0.0,0.0
cell1_ROI_dbscan_centers,cell1_ROI_dbscan_centers,,,,,,2885.0,0.0,0.0,0.0,1.0
cell1_ROI_dbscan_centers,cell1_ROI_dbscan_centers,,,,,,2886.0,0.0,0.0,0.0,0.0
cell1_ROI_dbscan_centers,cell1_ROI_dbscan_centers,,,,,,2887.0,0.0,0.0,0.0,1.0
cell1_ROI_dbscan_centers,cell1_ROI_dbscan_centers,,,,,,2888.0,0.0,0.0,0.0,0.0
cell1_ROI_dbscan_centers,cell1_ROI_dbscan_centers,,,,,,2889.0,0.0,1.0,0.0,0.0
cell1_ROI_dbscan_centers,cell1_ROI_dbscan_centers,,,,,,2890.0,0.0,1.0,0.0,0.0
cell1_ROI_dbscan_centers,cell1_ROI_dbscan_centers,,,,,,2891.0,0.0,0.0,0.0,0.0
cell1_ROI_dbscan_centers,cell1_ROI_dbscan_centers,,,,,,2892.0,0.0,0.0,0.0,0.0
cell1_ROI_dbscan_centers,cell1_ROI_dbscan_centers,,,,,,2893.0,0.0,0.0,1.0,0.0
cell1_ROI_dbscan_centers,cell1_ROI_dbscan_centers,,,,,,2894.0,0.0,0.0,0.0,0.0
cell1_ROI_dbscan_centers,cell1_ROI_dbscan_centers,,,,,,2895.0,0.0,0.0,0.0,0.0
cell1_ROI_dbscan_centers,cell1_ROI_dbscan_centers,,,,,,2896.0,0.0,0.0,0.0,0.0
cell1_ROI_dbscan_centers,cell1_ROI_dbscan_centers,,,,,,2897.0,0.0,0.0,0.0,1.0
cell1_ROI_dbscan_centers,cell1_ROI_dbscan_centers,,,,,,2898.0,0.0,0.0,0.0,0.0
cell1_ROI_dbscan_centers,cell1_ROI_dbscan_centers,,,,,,2899.0,0.0,0.0,0.0,0.0
cell1_ROI_dbscan_centers,cell1_ROI_dbscan_centers,,,,,,2900.0,0.0,0.0,1.0,0.0
cell1_ROI_dbscan_centers,cell1_ROI_dbscan_centers,,,,,,2901.0,0.0,0.0,0.0,0.0
cell1_ROI_dbscan_centers,cell1_ROI_dbscan_centers,,,,,,2902.0,0.0,0.0,0.0,0.0
cell1_ROI_dbscan_centers,cell1_ROI_dbscan_centers,,,,,,2903.0,0.0,0.0,1.0,0.0
cell1_ROI_dbscan_centers,cell1_ROI_dbscan_centers,,,,,,2904.0,0.0,0.0,0.0,0.0
cell1_ROI_dbscan_centers,cell1_ROI_dbscan_centers,,,,,,2905.0,1.0,0.0,0.0,0.0
cell1_ROI_dbscan_centers,cell1_ROI_dbscan_centers,,,,,,2906.0,1.0,0.0,0.0,0.0
cell1_ROI_dbscan_centers,cell1_ROI_dbscan_centers,,,,,,2907.0,1.0,0.0,0.0,0.0
cell1_ROI_dbscan_centers,cell1_ROI_dbscan_centers,,,,,,2908.0,0.0,0.0,0.0,0.0
cell1_ROI_dbscan_centers,cell1_ROI_dbscan_centers,,,,,,2909.0,0.0,0.0,0.0,0.0
cell1_ROI_dbscan_centers,cell1_ROI_dbscan_centers,,,,,,2910.0,0.0,0.0,0.0,0.0
cell1_ROI_dbscan_centers,cell1_ROI_dbscan_centers,,,,,,2911.0,0.0,0.0,0.0,1.0
cell1_ROI_dbscan_centers,cell1_ROI_dbscan_centers,,,,,,2912.0,0.0,0.0,0.0,1.0
cell1_ROI_dbscan_centers,cell1_ROI_dbscan_centers,,,,,,2913.0,0.0,0.0,1.0,0.0
cell1_ROI_dbscan_centers,cell1_ROI_dbscan_centers,,,,,,2914.0,0.0,0.0,1.0,1.0
cell1_ROI_dbscan_centers,cell1_ROI_dbscan_centers,,,,,,2915.0,1.0,1.0,0.0,0.0
cell1_ROI_dbscan_centers,cell1_ROI_dbscan_centers,,,,,,2916.0,0.0,0.0,0.0,0.0
cell1_ROI_dbscan_centers,cell1_ROI_dbscan_centers,,,,,,2917.0,0.0,0.0,0.0,0.0
cell1_ROI_dbscan_centers,cell1_ROI_dbscan_centers,,,,,,2918.0,1.0,0.0,0.0,0.0
cell1_ROI_dbscan_centers,cell1_ROI_dbscan_centers,,,,,,2919.0,0.0,1.0,0.0,0.0
cell1_ROI_dbscan_centers,cell1_ROI_dbscan_centers,,,,,,2920.0,0.0,1.0,0.0,1.0
cell1_ROI_dbscan_centers,cell1_ROI_dbscan_centers,,,,,,2921.0,2.0,0.0,0.0,1.0
cell1_ROI_dbscan_centers,cell1_ROI_dbscan_centers,,,,,,2922.0,1.0,0.0,0.0,1.0
cell1_ROI_dbscan_centers,cell1_ROI_dbscan_centers,,,,,,2923.0,0.0,0.0,0.0,0.0
cell1_ROI_dbscan_centers,cell1_ROI_dbscan_centers,,,,,,2924.0,0.0,0.0,0.0,0.0
cell1_ROI_dbscan_centers,cell1_ROI_dbscan_centers,,,,,,2925.0,1.0,2.0,0.0,2.0
cell1_ROI_dbscan_centers,cell1_ROI_dbscan_centers,,,,,,2926.0,0.0,1.0,0.0,1.0
cell1_ROI_dbscan_centers,cell1_ROI_dbscan_centers,,,,,,2927.0,0.0,0.0,1.0,1.0
cell1_ROI_dbscan_centers,cell1_ROI_dbscan_centers,,,,,,2928.0,0.0,1.0,0.0,1.0
cell1_ROI_dbscan_centers,cell1_ROI_dbscan_centers,,,,,,2929.0,0.0,0.0,1.0,1.0
cell1_ROI_dbscan_centers,cell1_ROI_dbscan_centers,,,,,,2930.0,0.0,0.0,0.0,0.0
cell1_ROI_dbscan_centers,cell1_ROI_dbscan_centers,,,,,,2931.0,0.0,0.0,1.0,0.0
cell1_ROI_dbscan_centers,cell1_ROI_dbscan_centers,,,,,,2932.0,0.0,0.0,0.0,0.0
cell1_ROI_dbscan_centers,cell1_ROI_dbscan_centers,,,,,,2933.0,0.0,0.0,0.0,0.0
cell1_ROI_dbscan_centers,cell1_ROI_dbscan_centers,,,,,,2934.0,0.0,0.0,0.0,0.0
cell1_ROI_dbscan_centers,cell1_ROI_dbscan_centers,,,,,,2935.0,1.0,0.0,0.0,0.0
cell1_ROI_dbscan_centers,cell1_ROI_dbscan_centers,,,,,,2936.0,0.0,0.0,0.0,0.0
cell1_ROI_dbscan_centers,cell1_ROI_dbscan_centers,,,,,,2937.0,0.0,0.0,0.0,0.0
cell1_ROI_dbscan_centers,cell1_ROI_dbscan_centers,,,,,,2938.0,0.0,0.0,0.0,0.0
cell1_ROI_dbscan_centers,cell1_ROI_dbscan_centers,,,,,,2939.0,1.0,0.0,0.0,0.0
cell1_ROI_dbscan_centers,cell1_ROI_dbscan_centers,,,,,,2940.0,1.0,0.0,0.0,0.0
cell1_ROI_dbscan_centers,cell1_ROI_dbscan_centers,,,,,,2941.0,1.0,0.0,0.0,0.0
cell1_ROI_dbscan_centers,cell1_ROI_dbscan_centers,,,,,,2942.0,0.0,1.0,0.0,0.0
cell1_ROI_dbscan_centers,cell1_ROI_dbscan_centers,,,,,,2943.0,0.0,0.0,0.0,0.0
cell1_ROI_dbscan_centers,cell1_ROI_dbscan_centers,,,,,,2944.0,0.0,0.0,0.0,0.0
cell1_ROI_dbscan_centers,cell1_ROI_dbscan_centers,,,,,,2945.0,0.0,2.0,0.0,0.0
cell1_ROI_dbscan_centers,cell1_ROI_dbscan_centers,,,,,,2946.0,0.0,0.0,1.0,0.0
cell1_ROI_dbscan_centers,cell1_ROI_dbscan_centers,,,,,,2947.0,0.0,0.0,0.0,0.0
cell1_ROI_dbscan_centers,cell1_ROI_dbscan_centers,,,,,,2948.0,0.0,0.0,0.0,0.0
cell1_ROI_dbscan_centers,cell1_ROI_dbscan_centers,,,,,,2949.0,0.0,1.0,0.0,1.0
cell1_ROI_dbscan_centers,cell1_ROI_dbscan_centers,,,,,,2950.0,0.0,0.0,1.0,0.0
cell1_ROI_dbscan_centers,cell1_ROI_dbscan_centers,,,,,,2951.0,1.0,0.0,1.0,0.0
cell1_ROI_dbscan_centers,cell1_ROI_dbscan_centers,,,,,,2952.0,0.0,1.0,0.0,2.0
cell1_ROI_dbscan_centers,cell1_ROI_dbscan_centers,,,,,,2953.0,1.0,0.0,0.0,0.0
cell1_ROI_dbscan_centers,cell1_ROI_dbscan_centers,,,,,,2954.0,0.0,1.0,0.0,1.0
cell1_ROI_dbscan_centers,cell1_ROI_dbscan_centers,,,,,,2955.0,1.0,0.0,1.0,0.0
cell1_ROI_dbscan_centers,cell1_ROI_dbscan_centers,,,,,,2956.0,0.0,2.0,0.0,0.0
cell1_ROI_dbscan_centers,cell1_ROI_dbscan_centers,,,,,,2957.0,0.0,0.0,0.0,0.0
cell1_ROI_dbscan_centers,cell1_ROI_dbscan_centers,,,,,,2958.0,0.0,0.0,0.0,0.0
cell1_ROI_dbscan_centers,cell1_ROI_dbscan_centers,,,,,,2959.0,0.0,0.0,0.0,0.0
cell1_ROI_dbscan_centers,cell1_ROI_dbscan_centers,,,,,,2960.0,2.0,0.0,0.0,0.0
cell1_ROI_dbscan_centers,cell1_ROI_dbscan_centers,,,,,,2961.0,0.0,0.0,0.0,2.0
cell1_ROI_dbscan_centers,cell1_ROI_dbscan_centers,,,,,,2962.0,0.0,0.0,0.0,0.0
cell1_ROI_dbscan_centers,cell1_ROI_dbscan_centers,,,,,,2963.0,0.0,0.0,0.0,0.0
cell1_ROI_dbscan_centers,cell1_ROI_dbscan_centers,,,,,,2964.0,0.0,0.0,0.0,0.0
cell1_ROI_dbscan_centers,cell1_ROI_dbscan_centers,,,,,,2965.0,1.0,0.0,0.0,0.0
cell1_ROI_dbscan_centers,cell1_ROI_dbscan_centers,,,,,,2966.0,0.0,0.0,0.0,0.0
cell1_ROI_dbscan_centers,cell1_ROI_dbscan_centers,,,,,,2967.0,0.0,0.0,0.0,1.0
cell1_ROI_dbscan_centers,cell1_ROI_dbscan_centers,,,,,,2968.0,0.0,0.0,0.0,0.0
cell1_ROI_dbscan_centers,cell1_ROI_dbscan_centers,,,,,,2969.0,1.0,0.0,0.0,0.0
cell1_ROI_dbscan_centers,cell1_ROI_dbscan_centers,,,,,,2970.0,1.0,0.0,0.0,1.0
cell1_ROI_dbscan_centers,cell1_ROI_dbscan_centers,,,,,,2971.0,0.0,1.0,0.0,0.0
cell1_ROI_dbscan_centers,cell1_ROI_dbscan_centers,,,,,,2972.0,0.0,0.0,0.0,1.0
cell1_ROI_dbscan_centers,cell1_ROI_dbscan_centers,,,,,,2973.0,0.0,0.0,0.0,0.0
cell1_ROI_dbscan_centers,cell1_ROI_dbscan_centers,,,,,,2974.0,0.0,0.0,0.0,0.0
cell1_ROI_dbscan_centers,cell1_ROI_dbscan_centers,,,,,,2975.0,0.0,1.0,0.0,0.0
cell1_ROI_dbscan_centers,cell1_ROI_dbscan_centers,,,,,,2976.0,0.0,1.0,0.0,0.0
cell1_ROI_dbscan_centers,cell1_ROI_dbscan_centers,,,,,,2977.0,0.0,0.0,0.0,0.0
cell1_ROI_dbscan_centers,cell1_ROI_dbscan_centers,,,,,,2978.0,1.0,0.0,0.0,0.0
cell1_ROI_dbscan_centers,cell1_ROI_dbscan_centers,,,,,,2979.0,0.0,0.0,1.0,1.0
cell1_ROI_dbscan_centers,cell1_ROI_dbscan_centers,,,,,,2980.0,0.0,0.0,0.0,0.0
cell1_ROI_dbscan_centers,cell1_ROI_dbscan_centers,,,,,,2981.0,1.0,0.0,0.0,0.0
cell1_ROI_dbscan_centers,cell1_ROI_dbscan_centers,,,,,,2982.0,0.0,0.0,0.0,0.0
cell1_ROI_dbscan_centers,cell1_ROI_dbscan_centers,,,,,,2983.0,0.0,0.0,0.0,0.0
cell1_ROI_dbscan_centers,cell1_ROI_dbscan_centers,,,,,,2984.0,0.0,0.0,0.0,0.0
cell1_ROI_dbscan_centers,cell1_ROI_dbscan_centers,,,,,,2985.0,1.0,0.0,0.0,0.0
cell1_ROI_dbscan_centers,cell1_ROI_dbscan_centers,,,,,,2986.0,2.0,0.0,0.0,0.0
cell1_ROI_dbscan_centers,cell1_ROI_dbscan_centers,,,,,,2987.0,0.0,0.0,0.0,1.0
cell1_ROI_dbscan_centers,cell1_ROI_dbscan_centers,,,,,,2988.0,0.0,0.0,1.0,0.0
cell1_ROI_dbscan_centers,cell1_ROI_dbscan_centers,,,,,,2989.0,0.0,0.0,0.0,0.0
cell1_ROI_dbscan_centers,cell1_ROI_dbscan_centers,,,,,,2990.0,0.0,0.0,0.0,0.0
cell1_ROI_dbscan_centers,cell1_ROI_dbscan_centers,,,,,,2991.0,1.0,0.0,0.0,0.0
cell1_ROI_dbscan_centers,cell1_ROI_dbscan_centers,,,,,,2992.0,1.0,0.0,0.0,0.0
cell1_ROI_dbscan_centers,cell1_ROI_dbscan_centers,,,,,,2993.0,0.0,2.0,0.0,0.0
cell1_ROI_dbscan_centers,cell1_ROI_dbscan_centers,,,,,,2994.0,0.0,0.0,0.0,0.0
cell1_ROI_dbscan_centers,cell1_ROI_dbscan_centers,,,,,,2995.0,1.0,1.0,1.0,0.0
cell1_ROI_dbscan_centers,cell1_ROI_dbscan_centers,,,,,,2996.0,1.0,0.0,0.0,0.0
cell1_ROI_dbscan_centers,cell1_ROI_dbscan_centers,,,,,,2997.0,0.0,0.0,0.0,0.0
cell1_ROI_dbscan_centers,cell1_ROI_dbscan_centers,,,,,,2998.0,0.0,0.0,0.0,0.0
cell1_ROI_dbscan_centers,cell1_ROI_dbscan_centers,,,,,,2999.0,0.0,0.0,0.0,0.0
cell1_ROI_dbscan_centers,cell1_ROI_dbscan_centers,,,,,,3000.0,0.0,0.0,0.0,0.0
cell1_ROI_dbscan_centers,cell1_ROI_dbscan_centers,,,,,,3001.0,0.0,0.0,1.0,1.0
cell1_ROI_dbscan_centers,cell1_ROI_dbscan_centers,,,,,,3002.0,0.0,0.0,1.0,0.0
cell1_ROI_dbscan_centers,cell1_ROI_dbscan_centers,,,,,,3003.0,0.0,1.0,0.0,0.0
cell1_ROI_dbscan_centers,cell1_ROI_dbscan_centers,,,,,,3004.0,1.0,0.0,1.0,0.0
cell1_ROI_dbscan_centers,cell1_ROI_dbscan_centers,,,,,,3005.0,1.0,0.0,0.0,0.0
cell1_ROI_dbscan_centers,cell1_ROI_dbscan_centers,,,,,,3006.0,0.0,0.0,0.0,0.0
cell1_ROI_dbscan_centers,cell1_ROI_dbscan_centers,,,,,,3007.0,0.0,0.0,0.0,0.0
cell1_ROI_dbscan_centers,cell1_ROI_dbscan_centers,,,,,,3008.0,0.0,1.0,0.0,2.0
cell1_ROI_dbscan_centers,cell1_ROI_dbscan_centers,,,,,,3009.0,1.0,0.0,1.0,0.0
cell1_ROI_dbscan_centers,cell1_ROI_dbscan_centers,,,,,,3010.0,1.0,1.0,0.0,1.0
cell1_ROI_dbscan_centers,cell1_ROI_dbscan_centers,,,,,,3011.0,1.0,0.0,0.0,0.0
cell1_ROI_dbscan_centers,cell1_ROI_dbscan_centers,,,,,,3012.0,0.0,0.0,0.0,0.0
cell1_ROI_dbscan_centers,cell1_ROI_dbscan_centers,,,,,,3013.0,0.0,0.0,0.0,0.0
cell1_ROI_dbscan_centers,cell1_ROI_dbscan_centers,,,,,,3014.0,0.0,1.0,0.0,0.0
cell1_ROI_dbscan_centers,cell1_ROI_dbscan_centers,,,,,,3015.0,0.0,2.0,0.0,0.0
cell1_ROI_dbscan_centers,cell1_ROI_dbscan_centers,,,,,,3016.0,0.0,0.0,0.0,1.0
cell1_ROI_dbscan_centers,cell1_ROI_dbscan_centers,,,,,,3017.0,0.0,0.0,0.0,0.0
cell1_ROI_dbscan_centers,cell1_ROI_dbscan_centers,,,,,,3018.0,0.0,0.0,0.0,0.0
cell1_ROI_dbscan_centers,cell1_ROI_dbscan_centers,,,,,,3019.0,0.0,0.0,0.0,0.0
cell1_ROI_dbscan_centers,cell1_ROI_dbscan_centers,,,,,,3020.0,1.0,0.0,0.0,1.0
cell1_ROI_dbscan_centers,cell1_ROI_dbscan_centers,,,,,,3021.0,0.0,0.0,0.0,0.0
cell1_ROI_dbscan_centers,cell1_ROI_dbscan_centers,,,,,,3022.0,0.0,1.0,0.0,0.0
cell1_ROI_dbscan_centers,cell1_ROI_dbscan_centers,,,,,,3023.0,0.0,0.0,0.0,0.0
cell1_ROI_dbscan_centers,cell1_ROI_dbscan_centers,,,,,,3024.0,0.0,0.0,0.0,0.0
cell1_ROI_dbscan_centers,cell1_ROI_dbscan_centers,,,,,,3025.0,0.0,0.0,1.0,0.0
cell1_ROI_dbscan_centers,cell1_ROI_dbscan_centers,,,,,,3026.0,1.0,0.0,0.0,0.0
cell1_ROI_dbscan_centers,cell1_ROI_dbscan_centers,,,,,,3027.0,0.0,0.0,0.0,0.0
cell1_ROI_dbscan_centers,cell1_ROI_dbscan_centers,,,,,,3028.0,0.0,0.0,0.0,0.0
cell1_ROI_dbscan_centers,cell1_ROI_dbscan_centers,,,,,,3029.0,0.0,0.0,0.0,0.0
cell1_ROI_dbscan_centers,cell1_ROI_dbscan_centers,,,,,,3030.0,1.0,0.0,0.0,0.0
cell1_ROI_dbscan_centers,cell1_ROI_dbscan_centers,,,,,,3031.0,0.0,0.0,0.0,0.0
cell1_ROI_dbscan_centers,cell1_ROI_dbscan_centers,,,,,,3032.0,0.0,0.0,0.0,0.0
cell1_ROI_dbscan_centers,cell1_ROI_dbscan_centers,,,,,,3033.0,0.0,1.0,0.0,0.0
cell1_ROI_dbscan_centers,cell1_ROI_dbscan_centers,,,,,,3034.0,0.0,1.0,0.0,0.0
cell1_ROI_dbscan_centers,cell1_ROI_dbscan_centers,,,,,,3035.0,0.0,0.0,0.0,0.0
cell1_ROI_dbscan_centers,cell1_ROI_dbscan_centers,,,,,,3036.0,0.0,0.0,0.0,0.0
cell1_ROI_dbscan_centers,cell1_ROI_dbscan_centers,,,,,,3037.0,0.0,0.0,0.0,0.0
cell1_ROI_dbscan_centers,cell1_ROI_dbscan_centers,,,,,,3038.0,0.0,0.0,0.0,1.0
cell1_ROI_dbscan_centers,cell1_ROI_dbscan_centers,,,,,,3039.0,1.0,1.0,0.0,0.0
cell1_ROI_dbscan_centers,cell1_ROI_dbscan_centers,,,,,,3040.0,0.0,0.0,0.0,0.0
cell1_ROI_dbscan_centers,cell1_ROI_dbscan_centers,,,,,,3041.0,0.0,0.0,0.0,1.0
cell1_ROI_dbscan_centers,cell1_ROI_dbscan_centers,,,,,,3042.0,0.0,1.0,0.0,0.0
cell1_ROI_dbscan_centers,cell1_ROI_dbscan_centers,,,,,,3043.0,0.0,0.0,0.0,0.0
cell1_ROI_dbscan_centers,cell1_ROI_dbscan_centers,,,,,,3044.0,1.0,1.0,0.0,0.0
cell1_ROI_dbscan_centers,cell1_ROI_dbscan_centers,,,,,,3045.0,0.0,0.0,0.0,0.0
cell1_ROI_dbscan_centers,cell1_ROI_dbscan_centers,,,,,,3046.0,1.0,0.0,0.0,0.0
cell1_ROI_dbscan_centers,cell1_ROI_dbscan_centers,,,,,,3047.0,0.0,1.0,0.0,0.0
cell1_ROI_dbscan_centers,cell1_ROI_dbscan_centers,,,,,,3048.0,0.0,2.0,0.0,0.0
cell1_ROI_dbscan_centers,cell1_ROI_dbscan_centers,,,,,,3049.0,1.0,1.0,0.0,0.0
cell1_ROI_dbscan_centers,cell1_ROI_dbscan_centers,,,,,,3050.0,0.0,0.0,0.0,1.0
cell1_ROI_dbscan_centers,cell1_ROI_dbscan_centers,,,,,,3051.0,0.0,0.0,0.0,0.0
cell1_ROI_dbscan_centers,cell1_ROI_dbscan_centers,,,,,,3052.0,0.0,1.0,0.0,0.0
cell1_ROI_dbscan_centers,cell1_ROI_dbscan_centers,,,,,,3053.0,1.0,0.0,0.0,0.0
cell1_ROI_dbscan_centers,cell1_ROI_dbscan_centers,,,,,,3054.0,0.0,0.0,1.0,1.0
cell1_ROI_dbscan_centers,cell1_ROI_dbscan_centers,,,,,,3055.0,0.0,0.0,0.0,1.0
cell1_ROI_dbscan_centers,cell1_ROI_dbscan_centers,,,,,,3056.0,1.0,0.0,0.0,0.0
cell1_ROI_dbscan_centers,cell1_ROI_dbscan_centers,,,,,,3057.0,0.0,1.0,0.0,1.0
cell1_ROI_dbscan_centers,cell1_ROI_dbscan_centers,,,,,,3058.0,0.0,0.0,0.0,0.0
cell1_ROI_dbscan_centers,cell1_ROI_dbscan_centers,,,,,,3059.0,0.0,0.0,0.0,1.0
cell1_ROI_dbscan_centers,cell1_ROI_dbscan_centers,,,,,,3060.0,0.0,0.0,0.0,0.0
cell1_ROI_dbscan_centers,cell1_ROI_dbscan_centers,,,,,,3061.0,0.0,0.0,0.0,0.0
cell1_ROI_dbscan_centers,cell1_ROI_dbscan_centers,,,,,,3062.0,1.0,1.0,0.0,0.0
cell1_ROI_dbscan_centers,cell1_ROI_dbscan_centers,,,,,,3063.0,0.0,0.0,0.0,0.0
cell1_ROI_dbscan_centers,cell1_ROI_dbscan_centers,,,,,,3064.0,0.0,1.0,0.0,0.0
cell1_ROI_dbscan_centers,cell1_ROI_dbscan_centers,,,,,,3065.0,0.0,0.0,0.0,0.0
cell1_ROI_dbscan_centers,cell1_ROI_dbscan_centers,,,,,,3066.0,1.0,0.0,0.0,0.0
cell1_ROI_dbscan_centers,cell1_ROI_dbscan_centers,,,,,,3067.0,1.0,0.0,0.0,0.0
cell1_ROI_dbscan_centers,cell1_ROI_dbscan_centers,,,,,,3068.0,0.0,0.0,0.0,0.0
cell1_ROI_dbscan_centers,cell1_ROI_dbscan_centers,,,,,,3069.0,0.0,0.0,0.0,1.0
cell1_ROI_dbscan_centers,cell1_ROI_dbscan_centers,,,,,,3070.0,0.0,0.0,0.0,0.0
cell1_ROI_dbscan_centers,cell1_ROI_dbscan_centers,,,,,,3071.0,0.0,0.0,0.0,0.0
cell1_ROI_dbscan_centers,cell1_ROI_dbscan_centers,,,,,,3072.0,0.0,1.0,0.0,1.0
cell1_ROI_dbscan_centers,cell1_ROI_dbscan_centers,,,,,,3073.0,0.0,0.0,0.0,0.0
cell1_ROI_dbscan_centers,cell1_ROI_dbscan_centers,,,,,,3074.0,0.0,0.0,0.0,0.0
cell1_ROI_dbscan_centers,cell1_ROI_dbscan_centers,,,,,,3075.0,0.0,0.0,0.0,0.0
cell1_ROI_dbscan_centers,cell1_ROI_dbscan_centers,,,,,,3076.0,0.0,0.0,0.0,0.0
cell1_ROI_dbscan_centers,cell1_ROI_dbscan_centers,,,,,,3077.0,0.0,0.0,0.0,0.0
cell1_ROI_dbscan_centers,cell1_ROI_dbscan_centers,,,,,,3078.0,0.0,1.0,0.0,0.0
cell1_ROI_dbscan_centers,cell1_ROI_dbscan_centers,,,,,,3079.0,0.0,0.0,0.0,1.0
cell1_ROI_dbscan_centers,cell1_ROI_dbscan_centers,,,,,,3080.0,1.0,0.0,0.0,0.0
cell1_ROI_dbscan_centers,cell1_ROI_dbscan_centers,,,,,,3081.0,0.0,0.0,0.0,0.0
cell1_ROI_dbscan_centers,cell1_ROI_dbscan_centers,,,,,,3082.0,0.0,0.0,0.0,0.0
cell1_ROI_dbscan_centers,cell1_ROI_dbscan_centers,,,,,,3083.0,0.0,0.0,0.0,1.0
cell1_ROI_dbscan_centers,cell1_ROI_dbscan_centers,,,,,,3084.0,0.0,0.0,0.0,0.0
cell1_ROI_dbscan_centers,cell1_ROI_dbscan_centers,,,,,,3085.0,0.0,0.0,0.0,0.0
cell1_ROI_dbscan_centers,cell1_ROI_dbscan_centers,,,,,,3086.0,0.0,2.0,0.0,0.0
cell1_ROI_dbscan_centers,cell1_ROI_dbscan_centers,,,,,,3087.0,0.0,0.0,0.0,1.0
cell1_ROI_dbscan_centers,cell1_ROI_dbscan_centers,,,,,,3088.0,0.0,2.0,0.0,0.0
cell1_ROI_dbscan_centers,cell1_ROI_dbscan_centers,,,,,,3089.0,0.0,0.0,0.0,0.0
cell1_ROI_dbscan_centers,cell1_ROI_dbscan_centers,,,,,,3090.0,0.0,0.0,1.0,0.0
cell1_ROI_dbscan_centers,cell1_ROI_dbscan_centers,,,,,,3091.0,0.0,1.0,0.0,0.0
cell1_ROI_dbscan_centers,cell1_ROI_dbscan_centers,,,,,,3092.0,0.0,0.0,0.0,0.0
cell1_ROI_dbscan_centers,cell1_ROI_dbscan_centers,,,,,,3093.0,0.0,0.0,0.0,0.0
cell1_ROI_dbscan_centers,cell1_ROI_dbscan_centers,,,,,,3094.0,1.0,0.0,0.0,0.0
cell1_ROI_dbscan_centers,cell1_ROI_dbscan_centers,,,,,,3095.0,0.0,1.0,0.0,0.0
cell1_ROI_dbscan_centers,cell1_ROI_dbscan_centers,,,,,,3096.0,1.0,0.0,0.0,0.0
cell1_ROI_dbscan_centers,cell1_ROI_dbscan_centers,,,,,,3097.0,0.0,1.0,0.0,0.0
cell1_ROI_dbscan_centers,cell1_ROI_dbscan_centers,,,,,,3098.0,0.0,0.0,0.0,0.0
cell1_ROI_dbscan_centers,cell1_ROI_dbscan_centers,,,,,,3099.0,1.0,0.0,0.0,0.0
cell1_ROI_dbscan_centers,cell1_ROI_dbscan_centers,,,,,,3100.0,1.0,0.0,0.0,0.0
cell1_ROI_dbscan_centers,cell1_ROI_dbscan_centers,,,,,,3101.0,0.0,0.0,0.0,0.0
cell1_ROI_dbscan_centers,cell1_ROI_dbscan_centers,,,,,,3102.0,0.0,0.0,0.0,0.0
cell1_ROI_dbscan_centers,cell1_ROI_dbscan_centers,,,,,,3103.0,1.0,0.0,0.0,0.0
cell1_ROI_dbscan_centers,cell1_ROI_dbscan_centers,,,,,,3104.0,0.0,0.0,0.0,0.0
cell1_ROI_dbscan_centers,cell1_ROI_dbscan_centers,,,,,,3105.0,0.0,0.0,0.0,0.0
cell1_ROI_dbscan_centers,cell1_ROI_dbscan_centers,,,,,,3106.0,0.0,0.0,0.0,1.0
cell1_ROI_dbscan_centers,cell1_ROI_dbscan_centers,,,,,,3107.0,0.0,1.0,0.0,1.0
cell1_ROI_dbscan_centers,cell1_ROI_dbscan_centers,,,,,,3108.0,0.0,0.0,0.0,0.0
cell1_ROI_dbscan_centers,cell1_ROI_dbscan_centers,,,,,,3109.0,0.0,0.0,1.0,0.0
cell1_ROI_dbscan_centers,cell1_ROI_dbscan_centers,,,,,,3110.0,0.0,1.0,1.0,0.0
cell1_ROI_dbscan_centers,cell1_ROI_dbscan_centers,,,,,,3111.0,0.0,0.0,0.0,0.0
cell1_ROI_dbscan_centers,cell1_ROI_dbscan_centers,,,,,,3112.0,1.0,0.0,0.0,0.0
cell1_ROI_dbscan_centers,cell1_ROI_dbscan_centers,,,,,,3113.0,0.0,0.0,0.0,1.0
cell1_ROI_dbscan_centers,cell1_ROI_dbscan_centers,,,,,,3114.0,0.0,1.0,1.0,0.0
cell1_ROI_dbscan_centers,cell1_ROI_dbscan_centers,,,,,,3115.0,1.0,0.0,0.0,1.0
cell1_ROI_dbscan_centers,cell1_ROI_dbscan_centers,,,,,,3116.0,0.0,0.0,0.0,0.0
cell1_ROI_dbscan_centers,cell1_ROI_dbscan_centers,,,,,,3117.0,0.0,0.0,0.0,0.0
cell1_ROI_dbscan_centers,cell1_ROI_dbscan_centers,,,,,,3118.0,0.0,0.0,0.0,0.0
cell1_ROI_dbscan_centers,cell1_ROI_dbscan_centers,,,,,,3119.0,0.0,1.0,0.0,0.0
cell1_ROI_dbscan_centers,cell1_ROI_dbscan_centers,,,,,,3120.0,0.0,0.0,0.0,0.0
cell1_ROI_dbscan_centers,cell1_ROI_dbscan_centers,,,,,,3121.0,0.0,0.0,0.0,0.0
cell1_ROI_dbscan_centers,cell1_ROI_dbscan_centers,,,,,,3122.0,0.0,0.0,0.0,0.0
cell1_ROI_dbscan_centers,cell1_ROI_dbscan_centers,,,,,,3123.0,0.0,0.0,0.0,0.0
cell1_ROI_dbscan_centers,cell1_ROI_dbscan_centers,,,,,,3124.0,0.0,0.0,0.0,0.0
cell1_ROI_dbscan_centers,cell1_ROI_dbscan_centers,,,,,,3125.0,0.0,0.0,0.0,0.0
cell1_ROI_dbscan_centers,cell1_ROI_dbscan_centers,,,,,,3126.0,0.0,2.0,0.0,0.0
cell1_ROI_dbscan_centers,cell1_ROI_dbscan_centers,,,,,,3127.0,0.0,0.0,0.0,1.0
cell1_ROI_dbscan_centers,cell1_ROI_dbscan_centers,,,,,,3128.0,0.0,2.0,1.0,0.0
cell1_ROI_dbscan_centers,cell1_ROI_dbscan_centers,,,,,,3129.0,0.0,0.0,0.0,0.0
cell1_ROI_dbscan_centers,cell1_ROI_dbscan_centers,,,,,,3130.0,0.0,1.0,0.0,0.0
cell1_ROI_dbscan_centers,cell1_ROI_dbscan_centers,,,,,,3131.0,1.0,0.0,0.0,0.0
cell1_ROI_dbscan_centers,cell1_ROI_dbscan_centers,,,,,,3132.0,0.0,0.0,0.0,0.0
cell1_ROI_dbscan_centers,cell1_ROI_dbscan_centers,,,,,,3133.0,0.0,1.0,0.0,0.0
cell1_ROI_dbscan_centers,cell1_ROI_dbscan_centers,,,,,,3134.0,0.0,1.0,0.0,1.0
cell1_ROI_dbscan_centers,cell1_ROI_dbscan_centers,,,,,,3135.0,0.0,0.0,0.0,0.0
cell1_ROI_dbscan_centers,cell1_ROI_dbscan_centers,,,,,,3136.0,0.0,0.0,0.0,0.0
cell1_ROI_dbscan_centers,cell1_ROI_dbscan_centers,,,,,,3137.0,0.0,0.0,0.0,0.0
cell1_ROI_dbscan_centers,cell1_ROI_dbscan_centers,,,,,,3138.0,0.0,0.0,0.0,0.0
cell1_ROI_dbscan_centers,cell1_ROI_dbscan_centers,,,,,,3139.0,0.0,0.0,0.0,0.0
cell1_ROI_dbscan_centers,cell1_ROI_dbscan_centers,,,,,,3140.0,0.0,1.0,0.0,1.0
cell1_ROI_dbscan_centers,cell1_ROI_dbscan_centers,,,,,,3141.0,0.0,0.0,0.0,0.0
cell1_ROI_dbscan_centers,cell1_ROI_dbscan_centers,,,,,,3142.0,1.0,1.0,0.0,0.0
cell1_ROI_dbscan_centers,cell1_ROI_dbscan_centers,,,,,,3143.0,0.0,0.0,0.0,0.0
cell1_ROI_dbscan_centers,cell1_ROI_dbscan_centers,,,,,,3144.0,0.0,0.0,1.0,0.0
cell1_ROI_dbscan_centers,cell1_ROI_dbscan_centers,,,,,,3145.0,0.0,0.0,0.0,0.0
cell1_ROI_dbscan_centers,cell1_ROI_dbscan_centers,,,,,,3146.0,0.0,0.0,0.0,0.0
cell1_ROI_dbscan_centers,cell1_ROI_dbscan_centers,,,,,,3147.0,0.0,0.0,0.0,0.0
cell1_ROI_dbscan_centers,cell1_ROI_dbscan_centers,,,,,,3148.0,1.0,1.0,0.0,0.0
cell1_ROI_dbscan_centers,cell1_ROI_dbscan_centers,,,,,,3149.0,1.0,0.0,0.0,0.0
cell1_ROI_dbscan_centers,cell1_ROI_dbscan_centers,,,,,,3150.0,1.0,0.0,0.0,0.0
cell1_ROI_dbscan_centers,cell1_ROI_dbscan_centers,,,,,,3151.0,0.0,0.0,0.0,0.0
cell1_ROI_dbscan_centers,cell1_ROI_dbscan_centers,,,,,,3152.0,1.0,1.0,0.0,0.0
cell1_ROI_dbscan_centers,cell1_ROI_dbscan_centers,,,,,,3153.0,0.0,0.0,0.0,0.0
cell1_ROI_dbscan_centers,cell1_ROI_dbscan_centers,,,,,,3154.0,0.0,0.0,1.0,1.0
cell1_ROI_dbscan_centers,cell1_ROI_dbscan_centers,,,,,,3155.0,0.0,0.0,0.0,0.0
cell1_ROI_dbscan_centers,cell1_ROI_dbscan_centers,,,,,,3156.0,0.0,0.0,0.0,0.0
cell1_ROI_dbscan_centers,cell1_ROI_dbscan_centers,,,,,,3157.0,1.0,2.0,0.0,1.0
cell1_ROI_dbscan_centers,cell1_ROI_dbscan_centers,,,,,,3158.0,1.0,0.0,0.0,1.0
cell1_ROI_dbscan_centers,cell1_ROI_dbscan_centers,,,,,,3159.0,0.0,0.0,0.0,0.0
cell1_ROI_dbscan_centers,cell1_ROI_dbscan_centers,,,,,,3160.0,0.0,0.0,0.0,0.0
cell1_ROI_dbscan_centers,cell1_ROI_dbscan_centers,,,,,,3161.0,0.0,0.0,0.0,0.0
cell1_ROI_dbscan_centers,cell1_ROI_dbscan_centers,,,,,,3162.0,0.0,0.0,0.0,1.0
cell1_ROI_dbscan_centers,cell1_ROI_dbscan_centers,,,,,,3163.0,1.0,1.0,0.0,0.0
cell1_ROI_dbscan_centers,cell1_ROI_dbscan_centers,,,,,,3164.0,0.0,0.0,0.0,0.0
cell1_ROI_dbscan_centers,cell1_ROI_dbscan_centers,,,,,,3165.0,1.0,1.0,0.0,0.0
cell1_ROI_dbscan_centers,cell1_ROI_dbscan_centers,,,,,,3166.0,0.0,0.0,0.0,0.0
cell1_ROI_dbscan_centers,cell1_ROI_dbscan_centers,,,,,,3167.0,0.0,1.0,0.0,2.0
cell1_ROI_dbscan_centers,cell1_ROI_dbscan_centers,,,,,,3168.0,0.0,0.0,0.0,0.0
cell1_ROI_dbscan_centers,cell1_ROI_dbscan_centers,,,,,,3169.0,0.0,0.0,0.0,0.0
cell1_ROI_dbscan_centers,cell1_ROI_dbscan_centers,,,,,,3170.0,1.0,1.0,0.0,0.0
cell1_ROI_dbscan_centers,cell1_ROI_dbscan_centers,,,,,,3171.0,1.0,0.0,0.0,0.0
cell1_ROI_dbscan_centers,cell1_ROI_dbscan_centers,,,,,,3172.0,1.0,0.0,0.0,0.0
cell1_ROI_dbscan_centers,cell1_ROI_dbscan_centers,,,,,,3173.0,1.0,0.0,0.0,0.0
cell1_ROI_dbscan_centers,cell1_ROI_dbscan_centers,,,,,,3174.0,0.0,0.0,0.0,0.0
cell1_ROI_dbscan_centers,cell1_ROI_dbscan_centers,,,,,,3175.0,0.0,0.0,1.0,0.0
cell1_ROI_dbscan_centers,cell1_ROI_dbscan_centers,,,,,,3176.0,0.0,1.0,0.0,0.0
cell1_ROI_dbscan_centers,cell1_ROI_dbscan_centers,,,,,,3177.0,1.0,0.0,0.0,0.0
cell1_ROI_dbscan_centers,cell1_ROI_dbscan_centers,,,,,,3178.0,1.0,1.0,0.0,0.0
cell1_ROI_dbscan_centers,cell1_ROI_dbscan_centers,,,,,,3179.0,0.0,0.0,0.0,0.0
cell1_ROI_dbscan_centers,cell1_ROI_dbscan_centers,,,,,,3180.0,0.0,0.0,1.0,0.0
cell1_ROI_dbscan_centers,cell1_ROI_dbscan_centers,,,,,,3181.0,0.0,1.0,0.0,0.0
cell1_ROI_dbscan_centers,cell1_ROI_dbscan_centers,,,,,,3182.0,0.0,0.0,1.0,0.0
cell1_ROI_dbscan_centers,cell1_ROI_dbscan_centers,,,,,,3183.0,0.0,0.0,0.0,0.0
cell1_ROI_dbscan_centers,cell1_ROI_dbscan_centers,,,,,,3184.0,0.0,0.0,0.0,0.0
cell1_ROI_dbscan_centers,cell1_ROI_dbscan_centers,,,,,,3185.0,0.0,0.0,1.0,0.0
cell1_ROI_dbscan_centers,cell1_ROI_dbscan_centers,,,,,,3186.0,0.0,0.0,0.0,0.0
cell1_ROI_dbscan_centers,cell1_ROI_dbscan_centers,,,,,,3187.0,0.0,0.0,0.0,0.0
cell1_ROI_dbscan_centers,cell1_ROI_dbscan_centers,,,,,,3188.0,0.0,0.0,0.0,1.0
cell1_ROI_dbscan_centers,cell1_ROI_dbscan_centers,,,,,,3189.0,0.0,0.0,0.0,1.0
cell1_ROI_dbscan_centers,cell1_ROI_dbscan_centers,,,,,,3190.0,0.0,1.0,0.0,0.0
cell1_ROI_dbscan_centers,cell1_ROI_dbscan_centers,,,,,,3191.0,0.0,0.0,0.0,0.0
cell1_ROI_dbscan_centers,cell1_ROI_dbscan_centers,,,,,,3192.0,1.0,0.0,0.0,0.0
cell1_ROI_dbscan_centers,cell1_ROI_dbscan_centers,,,,,,3193.0,0.0,1.0,0.0,0.0
cell1_ROI_dbscan_centers,cell1_ROI_dbscan_centers,,,,,,3194.0,0.0,0.0,0.0,0.0
cell1_ROI_dbscan_centers,cell1_ROI_dbscan_centers,,,,,,3195.0,0.0,0.0,0.0,0.0
cell1_ROI_dbscan_centers,cell1_ROI_dbscan_centers,,,,,,3196.0,0.0,0.0,0.0,0.0
cell1_ROI_dbscan_centers,cell1_ROI_dbscan_centers,,,,,,3197.0,0.0,0.0,0.0,0.0
cell1_ROI_dbscan_centers,cell1_ROI_dbscan_centers,,,,,,3198.0,0.0,0.0,0.0,0.0
cell1_ROI_dbscan_centers,cell1_ROI_dbscan_centers,,,,,,3199.0,0.0,0.0,0.0,0.0
cell1_ROI_dbscan_centers,cell1_ROI_dbscan_centers,,,,,,3200.0,0.0,0.0,0.0,0.0
cell1_ROI_dbscan_centers,cell1_ROI_dbscan_centers,,,,,,3201.0,0.0,0.0,0.0,0.0
cell1_ROI_dbscan_centers,cell1_ROI_dbscan_centers,,,,,,3202.0,1.0,0.0,0.0,1.0
cell1_ROI_dbscan_centers,cell1_ROI_dbscan_centers,,,,,,3203.0,0.0,1.0,0.0,1.0
cell1_ROI_dbscan_centers,cell1_ROI_dbscan_centers,,,,,,3204.0,1.0,0.0,0.0,0.0
cell1_ROI_dbscan_centers,cell1_ROI_dbscan_centers,,,,,,3205.0,0.0,1.0,0.0,0.0
cell1_ROI_dbscan_centers,cell1_ROI_dbscan_centers,,,,,,3206.0,1.0,0.0,0.0,0.0
cell1_ROI_dbscan_centers,cell1_ROI_dbscan_centers,,,,,,3207.0,0.0,1.0,1.0,0.0
cell1_ROI_dbscan_centers,cell1_ROI_dbscan_centers,,,,,,3208.0,0.0,0.0,0.0,0.0
cell1_ROI_dbscan_centers,cell1_ROI_dbscan_centers,,,,,,3209.0,1.0,0.0,0.0,0.0
cell1_ROI_dbscan_centers,cell1_ROI_dbscan_centers,,,,,,3210.0,0.0,0.0,0.0,0.0
cell1_ROI_dbscan_centers,cell1_ROI_dbscan_centers,,,,,,3211.0,0.0,0.0,0.0,0.0
cell1_ROI_dbscan_centers,cell1_ROI_dbscan_centers,,,,,,3212.0,1.0,0.0,0.0,0.0
cell1_ROI_dbscan_centers,cell1_ROI_dbscan_centers,,,,,,3213.0,0.0,0.0,0.0,0.0
cell1_ROI_dbscan_centers,cell1_ROI_dbscan_centers,,,,,,3214.0,0.0,0.0,0.0,0.0
cell1_ROI_dbscan_centers,cell1_ROI_dbscan_centers,,,,,,3215.0,0.0,0.0,0.0,2.0
cell1_ROI_dbscan_centers,cell1_ROI_dbscan_centers,,,,,,3216.0,0.0,1.0,0.0,0.0
cell1_ROI_dbscan_centers,cell1_ROI_dbscan_centers,,,,,,3217.0,0.0,0.0,0.0,1.0
cell1_ROI_dbscan_centers,cell1_ROI_dbscan_centers,,,,,,3218.0,0.0,0.0,1.0,0.0
cell1_ROI_dbscan_centers,cell1_ROI_dbscan_centers,,,,,,3219.0,0.0,0.0,0.0,0.0
cell1_ROI_dbscan_centers,cell1_ROI_dbscan_centers,,,,,,3220.0,0.0,0.0,0.0,0.0
cell1_ROI_dbscan_centers,cell1_ROI_dbscan_centers,,,,,,3221.0,0.0,0.0,0.0,0.0
cell1_ROI_dbscan_centers,cell1_ROI_dbscan_centers,,,,,,3222.0,0.0,0.0,1.0,0.0
cell1_ROI_dbscan_centers,cell1_ROI_dbscan_centers,,,,,,3223.0,0.0,0.0,0.0,0.0
cell1_ROI_dbscan_centers,cell1_ROI_dbscan_centers,,,,,,3224.0,0.0,0.0,0.0,1.0
cell1_ROI_dbscan_centers,cell1_ROI_dbscan_centers,,,,,,3225.0,0.0,0.0,0.0,0.0
cell1_ROI_dbscan_centers,cell1_ROI_dbscan_centers,,,,,,3226.0,0.0,0.0,0.0,0.0
cell1_ROI_dbscan_centers,cell1_ROI_dbscan_centers,,,,,,3227.0,0.0,0.0,0.0,0.0
cell1_ROI_dbscan_centers,cell1_ROI_dbscan_centers,,,,,,3228.0,0.0,0.0,0.0,0.0
cell1_ROI_dbscan_centers,cell1_ROI_dbscan_centers,,,,,,3229.0,0.0,0.0,0.0,0.0
cell1_ROI_dbscan_centers,cell1_ROI_dbscan_centers,,,,,,3230.0,1.0,3.0,1.0,2.0
cell1_ROI_dbscan_centers,cell1_ROI_dbscan_centers,,,,,,3231.0,1.0,0.0,0.0,0.0
cell1_ROI_dbscan_centers,cell1_ROI_dbscan_centers,,,,,,3232.0,0.0,0.0,1.0,0.0
cell1_ROI_dbscan_centers,cell1_ROI_dbscan_centers,,,,,,3233.0,0.0,0.0,0.0,0.0
cell1_ROI_dbscan_centers,cell1_ROI_dbscan_centers,,,,,,3234.0,0.0,0.0,0.0,0.0
cell1_ROI_dbscan_centers,cell1_ROI_dbscan_centers,,,,,,3235.0,0.0,0.0,0.0,1.0
cell1_ROI_dbscan_centers,cell1_ROI_dbscan_centers,,,,,,3236.0,1.0,0.0,0.0,1.0
cell1_ROI_dbscan_centers,cell1_ROI_dbscan_centers,,,,,,3237.0,0.0,2.0,0.0,0.0
cell1_ROI_dbscan_centers,cell1_ROI_dbscan_centers,,,,,,3238.0,0.0,0.0,0.0,1.0
cell1_ROI_dbscan_centers,cell1_ROI_dbscan_centers,,,,,,3239.0,0.0,1.0,0.0,0.0
cell1_ROI_dbscan_centers,cell1_ROI_dbscan_centers,,,,,,3240.0,0.0,0.0,0.0,0.0
cell1_ROI_dbscan_centers,cell1_ROI_dbscan_centers,,,,,,3241.0,2.0,0.0,0.0,0.0
cell1_ROI_dbscan_centers,cell1_ROI_dbscan_centers,,,,,,3242.0,1.0,1.0,0.0,0.0
cell1_ROI_dbscan_centers,cell1_ROI_dbscan_centers,,,,,,3243.0,0.0,0.0,0.0,0.0
cell1_ROI_dbscan_centers,cell1_ROI_dbscan_centers,,,,,,3244.0,1.0,0.0,0.0,0.0
cell1_ROI_dbscan_centers,cell1_ROI_dbscan_centers,,,,,,3245.0,1.0,1.0,0.0,1.0
cell1_ROI_dbscan_centers,cell1_ROI_dbscan_centers,,,,,,3246.0,0.0,0.0,0.0,0.0
cell1_ROI_dbscan_centers,cell1_ROI_dbscan_centers,,,,,,3247.0,0.0,0.0,0.0,0.0
cell1_ROI_dbscan_centers,cell1_ROI_dbscan_centers,,,,,,3248.0,1.0,1.0,0.0,0.0
cell1_ROI_dbscan_centers,cell1_ROI_dbscan_centers,,,,,,3249.0,0.0,1.0,0.0,0.0
cell1_ROI_dbscan_centers,cell1_ROI_dbscan_centers,,,,,,3250.0,0.0,0.0,0.0,0.0
cell1_ROI_dbscan_centers,cell1_ROI_dbscan_centers,,,,,,3251.0,0.0,0.0,0.0,0.0
cell1_ROI_dbscan_centers,cell1_ROI_dbscan_centers,,,,,,3252.0,0.0,0.0,0.0,0.0
cell1_ROI_dbscan_centers,cell1_ROI_dbscan_centers,,,,,,3253.0,0.0,0.0,0.0,0.0
cell1_ROI_dbscan_centers,cell1_ROI_dbscan_centers,,,,,,3254.0,0.0,0.0,0.0,1.0
cell1_ROI_dbscan_centers,cell1_ROI_dbscan_centers,,,,,,3255.0,0.0,0.0,0.0,0.0
cell1_ROI_dbscan_centers,cell1_ROI_dbscan_centers,,,,,,3256.0,0.0,1.0,0.0,0.0
cell1_ROI_dbscan_centers,cell1_ROI_dbscan_centers,,,,,,3257.0,0.0,1.0,0.0,1.0
cell1_ROI_dbscan_centers,cell1_ROI_dbscan_centers,,,,,,3258.0,0.0,0.0,0.0,0.0
cell1_ROI_dbscan_centers,cell1_ROI_dbscan_centers,,,,,,3259.0,0.0,0.0,0.0,0.0
cell1_ROI_dbscan_centers,cell1_ROI_dbscan_centers,,,,,,3260.0,0.0,0.0,1.0,0.0
cell1_ROI_dbscan_centers,cell1_ROI_dbscan_centers,,,,,,3261.0,0.0,0.0,0.0,0.0
cell1_ROI_dbscan_centers,cell1_ROI_dbscan_centers,,,,,,3262.0,0.0,0.0,0.0,1.0
cell1_ROI_dbscan_centers,cell1_ROI_dbscan_centers,,,,,,3263.0,0.0,0.0,1.0,0.0
cell1_ROI_dbscan_centers,cell1_ROI_dbscan_centers,,,,,,3264.0,0.0,2.0,0.0,1.0
cell1_ROI_dbscan_centers,cell1_ROI_dbscan_centers,,,,,,3265.0,0.0,0.0,0.0,0.0
cell1_ROI_dbscan_centers,cell1_ROI_dbscan_centers,,,,,,3266.0,0.0,0.0,0.0,0.0
cell1_ROI_dbscan_centers,cell1_ROI_dbscan_centers,,,,,,3267.0,1.0,0.0,0.0,1.0
cell1_ROI_dbscan_centers,cell1_ROI_dbscan_centers,,,,,,3268.0,1.0,0.0,0.0,0.0
cell1_ROI_dbscan_centers,cell1_ROI_dbscan_centers,,,,,,3269.0,0.0,1.0,0.0,0.0
cell1_ROI_dbscan_centers,cell1_ROI_dbscan_centers,,,,,,3270.0,0.0,0.0,0.0,1.0
cell1_ROI_dbscan_centers,cell1_ROI_dbscan_centers,,,,,,3271.0,0.0,0.0,0.0,0.0
cell1_ROI_dbscan_centers,cell1_ROI_dbscan_centers,,,,,,3272.0,0.0,0.0,0.0,0.0
cell1_ROI_dbscan_centers,cell1_ROI_dbscan_centers,,,,,,3273.0,0.0,0.0,0.0,0.0
cell1_ROI_dbscan_centers,cell1_ROI_dbscan_centers,,,,,,3274.0,1.0,0.0,0.0,0.0
cell1_ROI_dbscan_centers,cell1_ROI_dbscan_centers,,,,,,3275.0,0.0,0.0,0.0,0.0
cell1_ROI_dbscan_centers,cell1_ROI_dbscan_centers,,,,,,3276.0,0.0,0.0,0.0,0.0
cell1_ROI_dbscan_centers,cell1_ROI_dbscan_centers,,,,,,3277.0,0.0,0.0,0.0,0.0
cell1_ROI_dbscan_centers,cell1_ROI_dbscan_centers,,,,,,3278.0,0.0,1.0,0.0,0.0
cell1_ROI_dbscan_centers,cell1_ROI_dbscan_centers,,,,,,3279.0,0.0,0.0,0.0,0.0
cell1_ROI_dbscan_centers,cell1_ROI_dbscan_centers,,,,,,3280.0,0.0,0.0,0.0,0.0
cell1_ROI_dbscan_centers,cell1_ROI_dbscan_centers,,,,,,3281.0,0.0,0.0,0.0,0.0
cell1_ROI_dbscan_centers,cell1_ROI_dbscan_centers,,,,,,3282.0,0.0,0.0,0.0,0.0
cell1_ROI_dbscan_centers,cell1_ROI_dbscan_centers,,,,,,3283.0,0.0,0.0,1.0,0.0
cell1_ROI_dbscan_centers,cell1_ROI_dbscan_centers,,,,,,3284.0,0.0,0.0,0.0,0.0
cell1_ROI_dbscan_centers,cell1_ROI_dbscan_centers,,,,,,3285.0,0.0,0.0,0.0,1.0
cell1_ROI_dbscan_centers,cell1_ROI_dbscan_centers,,,,,,3286.0,0.0,0.0,0.0,0.0
cell1_ROI_dbscan_centers,cell1_ROI_dbscan_centers,,,,,,3287.0,0.0,0.0,0.0,0.0
cell1_ROI_dbscan_centers,cell1_ROI_dbscan_centers,,,,,,3288.0,0.0,0.0,0.0,0.0
cell1_ROI_dbscan_centers,cell1_ROI_dbscan_centers,,,,,,3289.0,1.0,0.0,1.0,0.0
cell1_ROI_dbscan_centers,cell1_ROI_dbscan_centers,,,,,,3290.0,0.0,0.0,0.0,0.0
cell1_ROI_dbscan_centers,cell1_ROI_dbscan_centers,,,,,,3291.0,0.0,0.0,0.0,0.0
cell1_ROI_dbscan_centers,cell1_ROI_dbscan_centers,,,,,,3292.0,1.0,1.0,1.0,0.0
cell1_ROI_dbscan_centers,cell1_ROI_dbscan_centers,,,,,,3293.0,0.0,0.0,0.0,0.0
cell1_ROI_dbscan_centers,cell1_ROI_dbscan_centers,,,,,,3294.0,1.0,0.0,1.0,0.0
cell1_ROI_dbscan_centers,cell1_ROI_dbscan_centers,,,,,,3295.0,0.0,1.0,0.0,0.0
cell1_ROI_dbscan_centers,cell1_ROI_dbscan_centers,,,,,,3296.0,0.0,0.0,0.0,0.0
cell1_ROI_dbscan_centers,cell1_ROI_dbscan_centers,,,,,,3297.0,0.0,0.0,1.0,0.0
cell1_ROI_dbscan_centers,cell1_ROI_dbscan_centers,,,,,,3298.0,0.0,2.0,0.0,0.0
cell1_ROI_dbscan_centers,cell1_ROI_dbscan_centers,,,,,,3299.0,0.0,0.0,0.0,1.0
cell1_ROI_dbscan_centers,cell1_ROI_dbscan_centers,,,,,,3300.0,0.0,0.0,0.0,1.0
cell1_ROI_dbscan_centers,cell1_ROI_dbscan_centers,,,,,,3301.0,0.0,1.0,0.0,0.0
cell1_ROI_dbscan_centers,cell1_ROI_dbscan_centers,,,,,,3302.0,0.0,0.0,0.0,0.0
cell1_ROI_dbscan_centers,cell1_ROI_dbscan_centers,,,,,,3303.0,0.0,0.0,0.0,0.0
cell1_ROI_dbscan_centers,cell1_ROI_dbscan_centers,,,,,,3304.0,1.0,0.0,0.0,0.0
cell1_ROI_dbscan_centers,cell1_ROI_dbscan_centers,,,,,,3305.0,1.0,0.0,0.0,0.0
cell1_ROI_dbscan_centers,cell1_ROI_dbscan_centers,,,,,,3306.0,0.0,0.0,0.0,0.0
cell1_ROI_dbscan_centers,cell1_ROI_dbscan_centers,,,,,,3307.0,0.0,0.0,0.0,0.0
cell1_ROI_dbscan_centers,cell1_ROI_dbscan_centers,,,,,,3308.0,1.0,0.0,0.0,0.0
cell1_ROI_dbscan_centers,cell1_ROI_dbscan_centers,,,,,,3309.0,1.0,0.0,0.0,1.0
cell1_ROI_dbscan_centers,cell1_ROI_dbscan_centers,,,,,,3310.0,0.0,0.0,0.0,0.0
cell1_ROI_dbscan_centers,cell1_ROI_dbscan_centers,,,,,,3311.0,0.0,1.0,0.0,1.0
cell1_ROI_dbscan_centers,cell1_ROI_dbscan_centers,,,,,,3312.0,1.0,0.0,0.0,0.0
cell1_ROI_dbscan_centers,cell1_ROI_dbscan_centers,,,,,,3313.0,0.0,0.0,0.0,0.0
cell1_ROI_dbscan_centers,cell1_ROI_dbscan_centers,,,,,,3314.0,1.0,1.0,0.0,0.0
cell1_ROI_dbscan_centers,cell1_ROI_dbscan_centers,,,,,,3315.0,0.0,0.0,0.0,0.0
cell1_ROI_dbscan_centers,cell1_ROI_dbscan_centers,,,,,,3316.0,1.0,0.0,0.0,0.0
cell1_ROI_dbscan_centers,cell1_ROI_dbscan_centers,,,,,,3317.0,0.0,0.0,0.0,0.0
cell1_ROI_dbscan_centers,cell1_ROI_dbscan_centers,,,,,,3318.0,0.0,0.0,0.0,0.0
cell1_ROI_dbscan_centers,cell1_ROI_dbscan_centers,,,,,,3319.0,0.0,0.0,1.0,0.0
cell1_ROI_dbscan_centers,cell1_ROI_dbscan_centers,,,,,,3320.0,0.0,1.0,0.0,0.0
cell1_ROI_dbscan_centers,cell1_ROI_dbscan_centers,,,,,,3321.0,1.0,0.0,0.0,0.0
cell1_ROI_dbscan_centers,cell1_ROI_dbscan_centers,,,,,,3322.0,0.0,0.0,0.0,0.0
cell1_ROI_dbscan_centers,cell1_ROI_dbscan_centers,,,,,,3323.0,0.0,0.0,0.0,0.0
cell1_ROI_dbscan_centers,cell1_ROI_dbscan_centers,,,,,,3324.0,0.0,0.0,1.0,0.0
cell1_ROI_dbscan_centers,cell1_ROI_dbscan_centers,,,,,,3325.0,0.0,0.0,0.0,0.0
cell1_ROI_dbscan_centers,cell1_ROI_dbscan_centers,,,,,,3326.0,0.0,0.0,0.0,0.0
cell1_ROI_dbscan_centers,cell1_ROI_dbscan_centers,,,,,,3327.0,1.0,0.0,0.0,0.0
cell1_ROI_dbscan_centers,cell1_ROI_dbscan_centers,,,,,,3328.0,1.0,0.0,0.0,0.0
cell1_ROI_dbscan_centers,cell1_ROI_dbscan_centers,,,,,,3329.0,0.0,0.0,0.0,0.0
cell1_ROI_dbscan_centers,cell1_ROI_dbscan_centers,,,,,,3330.0,0.0,1.0,0.0,0.0
cell1_ROI_dbscan_centers,cell1_ROI_dbscan_centers,,,,,,3331.0,0.0,0.0,0.0,0.0
cell1_ROI_dbscan_centers,cell1_ROI_dbscan_centers,,,,,,3332.0,0.0,0.0,0.0,0.0
cell1_ROI_dbscan_centers,cell1_ROI_dbscan_centers,,,,,,3333.0,0.0,0.0,0.0,0.0
cell1_ROI_dbscan_centers,cell1_ROI_dbscan_centers,,,,,,3334.0,0.0,0.0,0.0,0.0
cell1_ROI_dbscan_centers,cell1_ROI_dbscan_centers,,,,,,3335.0,1.0,0.0,0.0,0.0
cell1_ROI_dbscan_centers,cell1_ROI_dbscan_centers,,,,,,3336.0,1.0,0.0,0.0,1.0
cell1_ROI_dbscan_centers,cell1_ROI_dbscan_centers,,,,,,3337.0,1.0,0.0,0.0,0.0
cell1_ROI_dbscan_centers,cell1_ROI_dbscan_centers,,,,,,3338.0,0.0,0.0,0.0,0.0
cell1_ROI_dbscan_centers,cell1_ROI_dbscan_centers,,,,,,3339.0,0.0,0.0,0.0,0.0
cell1_ROI_dbscan_centers,cell1_ROI_dbscan_centers,,,,,,3340.0,0.0,0.0,0.0,0.0
cell1_ROI_dbscan_centers,cell1_ROI_dbscan_centers,,,,,,3341.0,1.0,0.0,0.0,0.0
cell1_ROI_dbscan_centers,cell1_ROI_dbscan_centers,,,,,,3342.0,0.0,0.0,0.0,0.0
cell1_ROI_dbscan_centers,cell1_ROI_dbscan_centers,,,,,,3343.0,0.0,0.0,0.0,0.0
cell1_ROI_dbscan_centers,cell1_ROI_dbscan_centers,,,,,,3344.0,1.0,1.0,0.0,0.0
cell1_ROI_dbscan_centers,cell1_ROI_dbscan_centers,,,,,,3345.0,1.0,1.0,0.0,0.0
cell1_ROI_dbscan_centers,cell1_ROI_dbscan_centers,,,,,,3346.0,1.0,2.0,0.0,0.0
cell1_ROI_dbscan_centers,cell1_ROI_dbscan_centers,,,,,,3347.0,1.0,0.0,0.0,0.0
cell1_ROI_dbscan_centers,cell1_ROI_dbscan_centers,,,,,,3348.0,0.0,0.0,0.0,0.0
cell1_ROI_dbscan_centers,cell1_ROI_dbscan_centers,,,,,,3349.0,0.0,0.0,0.0,0.0
cell1_ROI_dbscan_centers,cell1_ROI_dbscan_centers,,,,,,3350.0,0.0,0.0,0.0,1.0
cell1_ROI_dbscan_centers,cell1_ROI_dbscan_centers,,,,,,3351.0,0.0,1.0,0.0,0.0
cell1_ROI_dbscan_centers,cell1_ROI_dbscan_centers,,,,,,3352.0,1.0,0.0,0.0,0.0
cell1_ROI_dbscan_centers,cell1_ROI_dbscan_centers,,,,,,3353.0,1.0,0.0,0.0,0.0
cell1_ROI_dbscan_centers,cell1_ROI_dbscan_centers,,,,,,3354.0,0.0,0.0,0.0,1.0
cell1_ROI_dbscan_centers,cell1_ROI_dbscan_centers,,,,,,3355.0,0.0,0.0,0.0,0.0
cell1_ROI_dbscan_centers,cell1_ROI_dbscan_centers,,,,,,3356.0,0.0,1.0,1.0,0.0
cell1_ROI_dbscan_centers,cell1_ROI_dbscan_centers,,,,,,3357.0,0.0,0.0,0.0,0.0
cell1_ROI_dbscan_centers,cell1_ROI_dbscan_centers,,,,,,3358.0,0.0,0.0,0.0,0.0
cell1_ROI_dbscan_centers,cell1_ROI_dbscan_centers,,,,,,3359.0,0.0,1.0,0.0,0.0
cell1_ROI_dbscan_centers,cell1_ROI_dbscan_centers,,,,,,3360.0,0.0,0.0,0.0,0.0
cell1_ROI_dbscan_centers,cell1_ROI_dbscan_centers,,,,,,3361.0,0.0,0.0,0.0,0.0
cell1_ROI_dbscan_centers,cell1_ROI_dbscan_centers,,,,,,3362.0,1.0,0.0,0.0,0.0
cell1_ROI_dbscan_centers,cell1_ROI_dbscan_centers,,,,,,3363.0,1.0,0.0,0.0,1.0
cell1_ROI_dbscan_centers,cell1_ROI_dbscan_centers,,,,,,3364.0,0.0,1.0,0.0,0.0
cell1_ROI_dbscan_centers,cell1_ROI_dbscan_centers,,,,,,3365.0,0.0,0.0,0.0,0.0
cell1_ROI_dbscan_centers,cell1_ROI_dbscan_centers,,,,,,3366.0,0.0,1.0,0.0,0.0
cell1_ROI_dbscan_centers,cell1_ROI_dbscan_centers,,,,,,3367.0,1.0,0.0,0.0,0.0
cell1_ROI_dbscan_centers,cell1_ROI_dbscan_centers,,,,,,3368.0,0.0,0.0,0.0,0.0
cell1_ROI_dbscan_centers,cell1_ROI_dbscan_centers,,,,,,3369.0,1.0,0.0,0.0,0.0
cell1_ROI_dbscan_centers,cell1_ROI_dbscan_centers,,,,,,3370.0,0.0,0.0,0.0,0.0
cell1_ROI_dbscan_centers,cell1_ROI_dbscan_centers,,,,,,3371.0,0.0,1.0,0.0,0.0
cell1_ROI_dbscan_centers,cell1_ROI_dbscan_centers,,,,,,3372.0,1.0,0.0,0.0,0.0
cell1_ROI_dbscan_centers,cell1_ROI_dbscan_centers,,,,,,3373.0,0.0,1.0,0.0,0.0
cell1_ROI_dbscan_centers,cell1_ROI_dbscan_centers,,,,,,3374.0,0.0,0.0,0.0,0.0
cell1_ROI_dbscan_centers,cell1_ROI_dbscan_centers,,,,,,3375.0,0.0,0.0,0.0,1.0
cell1_ROI_dbscan_centers,cell1_ROI_dbscan_centers,,,,,,3376.0,1.0,0.0,0.0,0.0
cell1_ROI_dbscan_centers,cell1_ROI_dbscan_centers,,,,,,3377.0,1.0,0.0,0.0,0.0
cell1_ROI_dbscan_centers,cell1_ROI_dbscan_centers,,,,,,3378.0,1.0,0.0,0.0,0.0
cell1_ROI_dbscan_centers,cell1_ROI_dbscan_centers,,,,,,3379.0,0.0,0.0,0.0,0.0
cell1_ROI_dbscan_centers,cell1_ROI_dbscan_centers,,,,,,3380.0,0.0,0.0,0.0,1.0
cell1_ROI_dbscan_centers,cell1_ROI_dbscan_centers,,,,,,3381.0,1.0,0.0,0.0,0.0
cell1_ROI_dbscan_centers,cell1_ROI_dbscan_centers,,,,,,3382.0,1.0,1.0,0.0,0.0
cell1_ROI_dbscan_centers,cell1_ROI_dbscan_centers,,,,,,3383.0,0.0,0.0,0.0,0.0
cell1_ROI_dbscan_centers,cell1_ROI_dbscan_centers,,,,,,3384.0,0.0,0.0,0.0,0.0
cell1_ROI_dbscan_centers,cell1_ROI_dbscan_centers,,,,,,3385.0,0.0,0.0,0.0,1.0
cell1_ROI_dbscan_centers,cell1_ROI_dbscan_centers,,,,,,3386.0,0.0,0.0,1.0,0.0
cell1_ROI_dbscan_centers,cell1_ROI_dbscan_centers,,,,,,3387.0,0.0,0.0,0.0,0.0
cell1_ROI_dbscan_centers,cell1_ROI_dbscan_centers,,,,,,3388.0,1.0,0.0,0.0,0.0
cell1_ROI_dbscan_centers,cell1_ROI_dbscan_centers,,,,,,3389.0,0.0,0.0,0.0,0.0
cell1_ROI_dbscan_centers,cell1_ROI_dbscan_centers,,,,,,3390.0,0.0,2.0,0.0,0.0
cell1_ROI_dbscan_centers,cell1_ROI_dbscan_centers,,,,,,3391.0,1.0,1.0,0.0,1.0
cell1_ROI_dbscan_centers,cell1_ROI_dbscan_centers,,,,,,3392.0,0.0,0.0,0.0,0.0
cell1_ROI_dbscan_centers,cell1_ROI_dbscan_centers,,,,,,3393.0,0.0,1.0,0.0,0.0
cell1_ROI_dbscan_centers,cell1_ROI_dbscan_centers,,,,,,3394.0,0.0,0.0,0.0,0.0
cell1_ROI_dbscan_centers,cell1_ROI_dbscan_centers,,,,,,3395.0,1.0,0.0,0.0,0.0
cell1_ROI_dbscan_centers,cell1_ROI_dbscan_centers,,,,,,3396.0,0.0,1.0,0.0,0.0
cell1_ROI_dbscan_centers,cell1_ROI_dbscan_centers,,,,,,3397.0,0.0,0.0,0.0,0.0
cell1_ROI_dbscan_centers,cell1_ROI_dbscan_centers,,,,,,3398.0,0.0,0.0,0.0,0.0
cell1_ROI_dbscan_centers,cell1_ROI_dbscan_centers,,,,,,3399.0,1.0,1.0,0.0,0.0
cell1_ROI_dbscan_centers,cell1_ROI_dbscan_centers,,,,,,3400.0,0.0,0.0,0.0,0.0
cell1_ROI_dbscan_centers,cell1_ROI_dbscan_centers,,,,,,3401.0,0.0,0.0,1.0,0.0
cell1_ROI_dbscan_centers,cell1_ROI_dbscan_centers,,,,,,3402.0,0.0,0.0,0.0,1.0
cell1_ROI_dbscan_centers,cell1_ROI_dbscan_centers,,,,,,3403.0,0.0,0.0,0.0,0.0
cell1_ROI_dbscan_centers,cell1_ROI_dbscan_centers,,,,,,3404.0,0.0,2.0,0.0,0.0
cell1_ROI_dbscan_centers,cell1_ROI_dbscan_centers,,,,,,3405.0,0.0,0.0,0.0,0.0
cell1_ROI_dbscan_centers,cell1_ROI_dbscan_centers,,,,,,3406.0,0.0,0.0,0.0,0.0
cell1_ROI_dbscan_centers,cell1_ROI_dbscan_centers,,,,,,3407.0,0.0,2.0,0.0,0.0
cell1_ROI_dbscan_centers,cell1_ROI_dbscan_centers,,,,,,3408.0,0.0,1.0,0.0,1.0
cell1_ROI_dbscan_centers,cell1_ROI_dbscan_centers,,,,,,3409.0,1.0,0.0,0.0,0.0
cell1_ROI_dbscan_centers,cell1_ROI_dbscan_centers,,,,,,3410.0,0.0,2.0,0.0,0.0
cell1_ROI_dbscan_centers,cell1_ROI_dbscan_centers,,,,,,3411.0,0.0,1.0,1.0,0.0
cell1_ROI_dbscan_centers,cell1_ROI_dbscan_centers,,,,,,3412.0,0.0,0.0,0.0,0.0
cell1_ROI_dbscan_centers,cell1_ROI_dbscan_centers,,,,,,3413.0,0.0,0.0,0.0,0.0
cell1_ROI_dbscan_centers,cell1_ROI_dbscan_centers,,,,,,3414.0,0.0,0.0,0.0,0.0
cell1_ROI_dbscan_centers,cell1_ROI_dbscan_centers,,,,,,3415.0,0.0,0.0,0.0,2.0
cell1_ROI_dbscan_centers,cell1_ROI_dbscan_centers,,,,,,3416.0,0.0,0.0,0.0,0.0
cell1_ROI_dbscan_centers,cell1_ROI_dbscan_centers,,,,,,3417.0,0.0,0.0,0.0,0.0
cell1_ROI_dbscan_centers,cell1_ROI_dbscan_centers,,,,,,3418.0,0.0,0.0,0.0,0.0
cell1_ROI_dbscan_centers,cell1_ROI_dbscan_centers,,,,,,3419.0,0.0,0.0,0.0,0.0
cell1_ROI_dbscan_centers,cell1_ROI_dbscan_centers,,,,,,3420.0,0.0,0.0,0.0,1.0
cell1_ROI_dbscan_centers,cell1_ROI_dbscan_centers,,,,,,3421.0,0.0,0.0,0.0,1.0
cell1_ROI_dbscan_centers,cell1_ROI_dbscan_centers,,,,,,3422.0,2.0,2.0,0.0,1.0
cell1_ROI_dbscan_centers,cell1_ROI_dbscan_centers,,,,,,3423.0,0.0,1.0,0.0,1.0
cell1_ROI_dbscan_centers,cell1_ROI_dbscan_centers,,,,,,3424.0,0.0,0.0,0.0,0.0
cell1_ROI_dbscan_centers,cell1_ROI_dbscan_centers,,,,,,3425.0,0.0,1.0,0.0,0.0
cell1_ROI_dbscan_centers,cell1_ROI_dbscan_centers,,,,,,3426.0,0.0,0.0,0.0,0.0
cell1_ROI_dbscan_centers,cell1_ROI_dbscan_centers,,,,,,3427.0,0.0,0.0,1.0,0.0
cell1_ROI_dbscan_centers,cell1_ROI_dbscan_centers,,,,,,3428.0,0.0,1.0,0.0,0.0
cell1_ROI_dbscan_centers,cell1_ROI_dbscan_centers,,,,,,3429.0,0.0,0.0,0.0,1.0
cell1_ROI_dbscan_centers,cell1_ROI_dbscan_centers,,,,,,3430.0,0.0,0.0,0.0,1.0
cell1_ROI_dbscan_centers,cell1_ROI_dbscan_centers,,,,,,3431.0,1.0,0.0,0.0,0.0
cell1_ROI_dbscan_centers,cell1_ROI_dbscan_centers,,,,,,3432.0,1.0,1.0,0.0,0.0
cell1_ROI_dbscan_centers,cell1_ROI_dbscan_centers,,,,,,3433.0,1.0,0.0,0.0,1.0
cell1_ROI_dbscan_centers,cell1_ROI_dbscan_centers,,,,,,3434.0,1.0,0.0,0.0,0.0
cell1_ROI_dbscan_centers,cell1_ROI_dbscan_centers,,,,,,3435.0,0.0,0.0,0.0,0.0
cell1_ROI_dbscan_centers,cell1_ROI_dbscan_centers,,,,,,3436.0,1.0,0.0,0.0,0.0
cell1_ROI_dbscan_centers,cell1_ROI_dbscan_centers,,,,,,3437.0,0.0,0.0,0.0,0.0
cell1_ROI_dbscan_centers,cell1_ROI_dbscan_centers,,,,,,3438.0,0.0,0.0,0.0,0.0
cell1_ROI_dbscan_centers,cell1_ROI_dbscan_centers,,,,,,3439.0,0.0,0.0,1.0,0.0
cell1_ROI_dbscan_centers,cell1_ROI_dbscan_centers,,,,,,3440.0,0.0,0.0,0.0,1.0
cell1_ROI_dbscan_centers,cell1_ROI_dbscan_centers,,,,,,3441.0,1.0,1.0,0.0,0.0
cell1_ROI_dbscan_centers,cell1_ROI_dbscan_centers,,,,,,3442.0,0.0,0.0,0.0,0.0
cell1_ROI_dbscan_centers,cell1_ROI_dbscan_centers,,,,,,3443.0,0.0,1.0,0.0,0.0
cell1_ROI_dbscan_centers,cell1_ROI_dbscan_centers,,,,,,3444.0,1.0,0.0,0.0,0.0
cell1_ROI_dbscan_centers,cell1_ROI_dbscan_centers,,,,,,3445.0,0.0,0.0,0.0,1.0
cell1_ROI_dbscan_centers,cell1_ROI_dbscan_centers,,,,,,3446.0,0.0,1.0,0.0,1.0
cell1_ROI_dbscan_centers,cell1_ROI_dbscan_centers,,,,,,3447.0,0.0,0.0,0.0,0.0
cell1_ROI_dbscan_centers,cell1_ROI_dbscan_centers,,,,,,3448.0,0.0,0.0,0.0,0.0
cell1_ROI_dbscan_centers,cell1_ROI_dbscan_centers,,,,,,3449.0,0.0,0.0,0.0,0.0
cell1_ROI_dbscan_centers,cell1_ROI_dbscan_centers,,,,,,3450.0,0.0,0.0,0.0,0.0
cell1_ROI_dbscan_centers,cell1_ROI_dbscan_centers,,,,,,3451.0,0.0,0.0,1.0,0.0
cell1_ROI_dbscan_centers,cell1_ROI_dbscan_centers,,,,,,3452.0,0.0,0.0,0.0,0.0
cell1_ROI_dbscan_centers,cell1_ROI_dbscan_centers,,,,,,3453.0,0.0,0.0,1.0,1.0
cell1_ROI_dbscan_centers,cell1_ROI_dbscan_centers,,,,,,3454.0,0.0,0.0,0.0,0.0
cell1_ROI_dbscan_centers,cell1_ROI_dbscan_centers,,,,,,3455.0,1.0,1.0,0.0,0.0
cell1_ROI_dbscan_centers,cell1_ROI_dbscan_centers,,,,,,3456.0,0.0,0.0,0.0,0.0
cell1_ROI_dbscan_centers,cell1_ROI_dbscan_centers,,,,,,3457.0,1.0,1.0,0.0,0.0
cell1_ROI_dbscan_centers,cell1_ROI_dbscan_centers,,,,,,3458.0,0.0,0.0,0.0,0.0
cell1_ROI_dbscan_centers,cell1_ROI_dbscan_centers,,,,,,3459.0,0.0,0.0,0.0,0.0
cell1_ROI_dbscan_centers,cell1_ROI_dbscan_centers,,,,,,3460.0,0.0,0.0,0.0,0.0
cell1_ROI_dbscan_centers,cell1_ROI_dbscan_centers,,,,,,3461.0,1.0,0.0,0.0,0.0
cell1_ROI_dbscan_centers,cell1_ROI_dbscan_centers,,,,,,3462.0,0.0,0.0,0.0,0.0
cell1_ROI_dbscan_centers,cell1_ROI_dbscan_centers,,,,,,3463.0,0.0,0.0,0.0,0.0
cell1_ROI_dbscan_centers,cell1_ROI_dbscan_centers,,,,,,3464.0,0.0,0.0,0.0,1.0
cell1_ROI_dbscan_centers,cell1_ROI_dbscan_centers,,,,,,3465.0,0.0,0.0,1.0,0.0
cell1_ROI_dbscan_centers,cell1_ROI_dbscan_centers,,,,,,3466.0,1.0,0.0,0.0,1.0
cell1_ROI_dbscan_centers,cell1_ROI_dbscan_centers,,,,,,3467.0,0.0,0.0,0.0,0.0
cell1_ROI_dbscan_centers,cell1_ROI_dbscan_centers,,,,,,3468.0,0.0,0.0,0.0,1.0
cell1_ROI_dbscan_centers,cell1_ROI_dbscan_centers,,,,,,3469.0,1.0,0.0,0.0,0.0
cell1_ROI_dbscan_centers,cell1_ROI_dbscan_centers,,,,,,3470.0,0.0,0.0,0.0,0.0
cell1_ROI_dbscan_centers,cell1_ROI_dbscan_centers,,,,,,3471.0,0.0,0.0,0.0,0.0
cell1_ROI_dbscan_centers,cell1_ROI_dbscan_centers,,,,,,3472.0,0.0,0.0,0.0,1.0
cell1_ROI_dbscan_centers,cell1_ROI_dbscan_centers,,,,,,3473.0,0.0,0.0,0.0,0.0
cell1_ROI_dbscan_centers,cell1_ROI_dbscan_centers,,,,,,3474.0,1.0,0.0,0.0,1.0
cell1_ROI_dbscan_centers,cell1_ROI_dbscan_centers,,,,,,3475.0,1.0,0.0,0.0,0.0
cell1_ROI_dbscan_centers,cell1_ROI_dbscan_centers,,,,,,3476.0,1.0,0.0,0.0,0.0
cell1_ROI_dbscan_centers,cell1_ROI_dbscan_centers,,,,,,3477.0,0.0,0.0,0.0,0.0
cell1_ROI_dbscan_centers,cell1_ROI_dbscan_centers,,,,,,3478.0,0.0,0.0,0.0,0.0
cell1_ROI_dbscan_centers,cell1_ROI_dbscan_centers,,,,,,3479.0,0.0,1.0,0.0,0.0
cell1_ROI_dbscan_centers,cell1_ROI_dbscan_centers,,,,,,3480.0,0.0,0.0,0.0,0.0
cell1_ROI_dbscan_centers,cell1_ROI_dbscan_centers,,,,,,3481.0,0.0,1.0,0.0,1.0
cell1_ROI_dbscan_centers,cell1_ROI_dbscan_centers,,,,,,3482.0,1.0,0.0,0.0,0.0
cell1_ROI_dbscan_centers,cell1_ROI_dbscan_centers,,,,,,3483.0,0.0,1.0,0.0,0.0
cell1_ROI_dbscan_centers,cell1_ROI_dbscan_centers,,,,,,3484.0,0.0,0.0,0.0,0.0
cell1_ROI_dbscan_centers,cell1_ROI_dbscan_centers,,,,,,3485.0,0.0,1.0,0.0,1.0
cell1_ROI_dbscan_centers,cell1_ROI_dbscan_centers,,,,,,3486.0,0.0,0.0,0.0,0.0
cell1_ROI_dbscan_centers,cell1_ROI_dbscan_centers,,,,,,3487.0,0.0,0.0,0.0,0.0
cell1_ROI_dbscan_centers,cell1_ROI_dbscan_centers,,,,,,3488.0,0.0,0.0,0.0,0.0
cell1_ROI_dbscan_centers,cell1_ROI_dbscan_centers,,,,,,3489.0,0.0,0.0,0.0,0.0
cell1_ROI_dbscan_centers,cell1_ROI_dbscan_centers,,,,,,3490.0,0.0,0.0,0.0,0.0
cell1_ROI_dbscan_centers,cell1_ROI_dbscan_centers,,,,,,3491.0,1.0,1.0,0.0,0.0
cell1_ROI_dbscan_centers,cell1_ROI_dbscan_centers,,,,,,3492.0,0.0,0.0,0.0,0.0
cell1_ROI_dbscan_centers,cell1_ROI_dbscan_centers,,,,,,3493.0,1.0,0.0,0.0,0.0
cell1_ROI_dbscan_centers,cell1_ROI_dbscan_centers,,,,,,3494.0,0.0,0.0,0.0,1.0
cell1_ROI_dbscan_centers,cell1_ROI_dbscan_centers,,,,,,3495.0,0.0,0.0,0.0,0.0
cell1_ROI_dbscan_centers,cell1_ROI_dbscan_centers,,,,,,3496.0,0.0,0.0,0.0,0.0
cell1_ROI_dbscan_centers,cell1_ROI_dbscan_centers,,,,,,3497.0,1.0,1.0,0.0,0.0
cell1_ROI_dbscan_centers,cell1_ROI_dbscan_centers,,,,,,3498.0,0.0,0.0,0.0,0.0
cell1_ROI_dbscan_centers,cell1_ROI_dbscan_centers,,,,,,3499.0,0.0,0.0,0.0,0.0
cell1_ROI_dbscan_centers,cell1_ROI_dbscan_centers,,,,,,3500.0,0.0,0.0,0.0,0.0
cell1_ROI_dbscan_centers,cell1_ROI_dbscan_centers,,,,,,3501.0,0.0,0.0,0.0,0.0
cell1_ROI_dbscan_centers,cell1_ROI_dbscan_centers,,,,,,3502.0,1.0,0.0,0.0,0.0
cell1_ROI_dbscan_centers,cell1_ROI_dbscan_centers,,,,,,3503.0,0.0,0.0,0.0,0.0
cell1_ROI_dbscan_centers,cell1_ROI_dbscan_centers,,,,,,3504.0,0.0,1.0,1.0,0.0
cell1_ROI_dbscan_centers,cell1_ROI_dbscan_centers,,,,,,3505.0,0.0,0.0,0.0,0.0
cell1_ROI_dbscan_centers,cell1_ROI_dbscan_centers,,,,,,3506.0,0.0,0.0,0.0,1.0
cell1_ROI_dbscan_centers,cell1_ROI_dbscan_centers,,,,,,3507.0,0.0,0.0,0.0,0.0
cell1_ROI_dbscan_centers,cell1_ROI_dbscan_centers,,,,,,3508.0,0.0,0.0,0.0,0.0
cell1_ROI_dbscan_centers,cell1_ROI_dbscan_centers,,,,,,3509.0,0.0,1.0,0.0,0.0
cell1_ROI_dbscan_centers,cell1_ROI_dbscan_centers,,,,,,3510.0,1.0,1.0,0.0,0.0
cell1_ROI_dbscan_centers,cell1_ROI_dbscan_centers,,,,,,3511.0,0.0,0.0,0.0,0.0
cell1_ROI_dbscan_centers,cell1_ROI_dbscan_centers,,,,,,3512.0,0.0,0.0,0.0,0.0
cell1_ROI_dbscan_centers,cell1_ROI_dbscan_centers,,,,,,3513.0,0.0,1.0,0.0,0.0
cell1_ROI_dbscan_centers,cell1_ROI_dbscan_centers,,,,,,3514.0,0.0,0.0,0.0,0.0
cell1_ROI_dbscan_centers,cell1_ROI_dbscan_centers,,,,,,3515.0,1.0,1.0,0.0,0.0
cell1_ROI_dbscan_centers,cell1_ROI_dbscan_centers,,,,,,3516.0,0.0,0.0,0.0,0.0
cell1_ROI_dbscan_centers,cell1_ROI_dbscan_centers,,,,,,3517.0,0.0,0.0,0.0,0.0
cell1_ROI_dbscan_centers,cell1_ROI_dbscan_centers,,,,,,3518.0,0.0,0.0,0.0,0.0
cell1_ROI_dbscan_centers,cell1_ROI_dbscan_centers,,,,,,3519.0,0.0,0.0,0.0,0.0
cell1_ROI_dbscan_centers,cell1_ROI_dbscan_centers,,,,,,3520.0,0.0,0.0,0.0,0.0
cell1_ROI_dbscan_centers,cell1_ROI_dbscan_centers,,,,,,3521.0,0.0,1.0,1.0,0.0
cell1_ROI_dbscan_centers,cell1_ROI_dbscan_centers,,,,,,3522.0,0.0,0.0,1.0,0.0
cell1_ROI_dbscan_centers,cell1_ROI_dbscan_centers,,,,,,3523.0,0.0,0.0,0.0,0.0
cell1_ROI_dbscan_centers,cell1_ROI_dbscan_centers,,,,,,3524.0,1.0,0.0,0.0,0.0
cell1_ROI_dbscan_centers,cell1_ROI_dbscan_centers,,,,,,3525.0,1.0,0.0,1.0,0.0
cell1_ROI_dbscan_centers,cell1_ROI_dbscan_centers,,,,,,3526.0,1.0,0.0,0.0,0.0
cell1_ROI_dbscan_centers,cell1_ROI_dbscan_centers,,,,,,3527.0,0.0,0.0,0.0,0.0
cell1_ROI_dbscan_centers,cell1_ROI_dbscan_centers,,,,,,3528.0,0.0,0.0,0.0,0.0
cell1_ROI_dbscan_centers,cell1_ROI_dbscan_centers,,,,,,3529.0,0.0,0.0,0.0,1.0
cell1_ROI_dbscan_centers,cell1_ROI_dbscan_centers,,,,,,3530.0,0.0,0.0,0.0,1.0
cell1_ROI_dbscan_centers,cell1_ROI_dbscan_centers,,,,,,3531.0,0.0,0.0,0.0,0.0
cell1_ROI_dbscan_centers,cell1_ROI_dbscan_centers,,,,,,3532.0,1.0,0.0,1.0,0.0
cell1_ROI_dbscan_centers,cell1_ROI_dbscan_centers,,,,,,3533.0,0.0,0.0,0.0,0.0
cell1_ROI_dbscan_centers,cell1_ROI_dbscan_centers,,,,,,3534.0,0.0,0.0,0.0,1.0
cell1_ROI_dbscan_centers,cell1_ROI_dbscan_centers,,,,,,3535.0,0.0,0.0,0.0,0.0
cell1_ROI_dbscan_centers,cell1_ROI_dbscan_centers,,,,,,3536.0,1.0,0.0,0.0,0.0
cell1_ROI_dbscan_centers,cell1_ROI_dbscan_centers,,,,,,3537.0,0.0,0.0,0.0,0.0
cell1_ROI_dbscan_centers,cell1_ROI_dbscan_centers,,,,,,3538.0,0.0,1.0,0.0,0.0
cell1_ROI_dbscan_centers,cell1_ROI_dbscan_centers,,,,,,3539.0,0.0,0.0,0.0,0.0
cell1_ROI_dbscan_centers,cell1_ROI_dbscan_centers,,,,,,3540.0,0.0,0.0,0.0,0.0
cell1_ROI_dbscan_centers,cell1_ROI_dbscan_centers,,,,,,3541.0,0.0,0.0,0.0,0.0
cell1_ROI_dbscan_centers,cell1_ROI_dbscan_centers,,,,,,3542.0,0.0,0.0,0.0,0.0
cell1_ROI_dbscan_centers,cell1_ROI_dbscan_centers,,,,,,3543.0,0.0,0.0,0.0,1.0
cell1_ROI_dbscan_centers,cell1_ROI_dbscan_centers,,,,,,3544.0,0.0,0.0,0.0,0.0
cell1_ROI_dbscan_centers,cell1_ROI_dbscan_centers,,,,,,3545.0,0.0,0.0,0.0,1.0
cell1_ROI_dbscan_centers,cell1_ROI_dbscan_centers,,,,,,3546.0,0.0,0.0,0.0,1.0
cell1_ROI_dbscan_centers,cell1_ROI_dbscan_centers,,,,,,3547.0,0.0,0.0,0.0,0.0
cell1_ROI_dbscan_centers,cell1_ROI_dbscan_centers,,,,,,3548.0,0.0,0.0,0.0,0.0
cell1_ROI_dbscan_centers,cell1_ROI_dbscan_centers,,,,,,3549.0,0.0,1.0,0.0,0.0
cell1_ROI_dbscan_centers,cell1_ROI_dbscan_centers,,,,,,3550.0,1.0,0.0,0.0,0.0
cell1_ROI_dbscan_centers,cell1_ROI_dbscan_centers,,,,,,3551.0,0.0,0.0,0.0,0.0
cell1_ROI_dbscan_centers,cell1_ROI_dbscan_centers,,,,,,3552.0,0.0,0.0,0.0,1.0
cell1_ROI_dbscan_centers,cell1_ROI_dbscan_centers,,,,,,3553.0,0.0,0.0,0.0,0.0
cell1_ROI_dbscan_centers,cell1_ROI_dbscan_centers,,,,,,3554.0,0.0,0.0,0.0,0.0
cell1_ROI_dbscan_centers,cell1_ROI_dbscan_centers,,,,,,3555.0,0.0,1.0,0.0,0.0
cell1_ROI_dbscan_centers,cell1_ROI_dbscan_centers,,,,,,3556.0,1.0,0.0,0.0,1.0
cell1_ROI_dbscan_centers,cell1_ROI_dbscan_centers,,,,,,3557.0,0.0,0.0,0.0,0.0
cell1_ROI_dbscan_centers,cell1_ROI_dbscan_centers,,,,,,3558.0,0.0,1.0,0.0,0.0
cell1_ROI_dbscan_centers,cell1_ROI_dbscan_centers,,,,,,3559.0,2.0,1.0,0.0,0.0
cell1_ROI_dbscan_centers,cell1_ROI_dbscan_centers,,,,,,3560.0,0.0,0.0,0.0,0.0
cell1_ROI_dbscan_centers,cell1_ROI_dbscan_centers,,,,,,3561.0,0.0,0.0,0.0,0.0
cell1_ROI_dbscan_centers,cell1_ROI_dbscan_centers,,,,,,3562.0,0.0,0.0,0.0,0.0
cell1_ROI_dbscan_centers,cell1_ROI_dbscan_centers,,,,,,3563.0,0.0,0.0,0.0,0.0
cell1_ROI_dbscan_centers,cell1_ROI_dbscan_centers,,,,,,3564.0,0.0,1.0,0.0,0.0
cell1_ROI_dbscan_centers,cell1_ROI_dbscan_centers,,,,,,3565.0,0.0,0.0,0.0,0.0
cell1_ROI_dbscan_centers,cell1_ROI_dbscan_centers,,,,,,3566.0,0.0,0.0,0.0,0.0
cell1_ROI_dbscan_centers,cell1_ROI_dbscan_centers,,,,,,3567.0,0.0,0.0,0.0,0.0
cell1_ROI_dbscan_centers,cell1_ROI_dbscan_centers,,,,,,3568.0,0.0,0.0,0.0,0.0
cell1_ROI_dbscan_centers,cell1_ROI_dbscan_centers,,,,,,3569.0,0.0,1.0,0.0,0.0
cell1_ROI_dbscan_centers,cell1_ROI_dbscan_centers,,,,,,3570.0,0.0,0.0,0.0,0.0
cell1_ROI_dbscan_centers,cell1_ROI_dbscan_centers,,,,,,3571.0,1.0,0.0,0.0,0.0
cell1_ROI_dbscan_centers,cell1_ROI_dbscan_centers,,,,,,3572.0,0.0,1.0,0.0,0.0
cell1_ROI_dbscan_centers,cell1_ROI_dbscan_centers,,,,,,3573.0,0.0,0.0,0.0,1.0
cell1_ROI_dbscan_centers,cell1_ROI_dbscan_centers,,,,,,3574.0,0.0,0.0,0.0,0.0
cell1_ROI_dbscan_centers,cell1_ROI_dbscan_centers,,,,,,3575.0,0.0,1.0,1.0,0.0
cell1_ROI_dbscan_centers,cell1_ROI_dbscan_centers,,,,,,3576.0,0.0,0.0,0.0,0.0
cell1_ROI_dbscan_centers,cell1_ROI_dbscan_centers,,,,,,3577.0,0.0,0.0,0.0,1.0
cell1_ROI_dbscan_centers,cell1_ROI_dbscan_centers,,,,,,3578.0,0.0,0.0,0.0,0.0
cell1_ROI_dbscan_centers,cell1_ROI_dbscan_centers,,,,,,3579.0,0.0,1.0,0.0,0.0
cell1_ROI_dbscan_centers,cell1_ROI_dbscan_centers,,,,,,3580.0,0.0,0.0,1.0,0.0
cell1_ROI_dbscan_centers,cell1_ROI_dbscan_centers,,,,,,3581.0,0.0,0.0,0.0,0.0
cell1_ROI_dbscan_centers,cell1_ROI_dbscan_centers,,,,,,3582.0,1.0,0.0,0.0,0.0
cell1_ROI_dbscan_centers,cell1_ROI_dbscan_centers,,,,,,3583.0,0.0,0.0,0.0,0.0
cell1_ROI_dbscan_centers,cell1_ROI_dbscan_centers,,,,,,3584.0,1.0,1.0,0.0,2.0
cell1_ROI_dbscan_centers,cell1_ROI_dbscan_centers,,,,,,3585.0,0.0,0.0,0.0,0.0
cell1_ROI_dbscan_centers,cell1_ROI_dbscan_centers,,,,,,3586.0,0.0,0.0,1.0,0.0
cell1_ROI_dbscan_centers,cell1_ROI_dbscan_centers,,,,,,3587.0,1.0,0.0,0.0,0.0
cell1_ROI_dbscan_centers,cell1_ROI_dbscan_centers,,,,,,3588.0,0.0,0.0,0.0,0.0
cell1_ROI_dbscan_centers,cell1_ROI_dbscan_centers,,,,,,3589.0,0.0,0.0,0.0,2.0
cell1_ROI_dbscan_centers,cell1_ROI_dbscan_centers,,,,,,3590.0,0.0,0.0,1.0,0.0
cell1_ROI_dbscan_centers,cell1_ROI_dbscan_centers,,,,,,3591.0,1.0,0.0,0.0,0.0
cell1_ROI_dbscan_centers,cell1_ROI_dbscan_centers,,,,,,3592.0,0.0,0.0,0.0,0.0
cell1_ROI_dbscan_centers,cell1_ROI_dbscan_centers,,,,,,3593.0,1.0,0.0,0.0,0.0
cell1_ROI_dbscan_centers,cell1_ROI_dbscan_centers,,,,,,3594.0,0.0,0.0,0.0,2.0
cell1_ROI_dbscan_centers,cell1_ROI_dbscan_centers,,,,,,3595.0,0.0,0.0,0.0,0.0
cell1_ROI_dbscan_centers,cell1_ROI_dbscan_centers,,,,,,3596.0,0.0,0.0,0.0,0.0
cell1_ROI_dbscan_centers,cell1_ROI_dbscan_centers,,,,,,3597.0,0.0,2.0,1.0,0.0
cell1_ROI_dbscan_centers,cell1_ROI_dbscan_centers,,,,,,3598.0,0.0,1.0,0.0,1.0
cell1_ROI_dbscan_centers,cell1_ROI_dbscan_centers,,,,,,3599.0,0.0,0.0,0.0,0.0
cell1_ROI_dbscan_centers,cell1_ROI_dbscan_centers,,,,,,3600.0,0.0,0.0,0.0,0.0
cell1_ROI_dbscan_centers,cell1_ROI_dbscan_centers,,,,,,3601.0,0.0,0.0,0.0,1.0
cell1_ROI_dbscan_centers,cell1_ROI_dbscan_centers,,,,,,3602.0,0.0,0.0,0.0,0.0
cell1_ROI_dbscan_centers,cell1_ROI_dbscan_centers,,,,,,3603.0,0.0,0.0,0.0,0.0
cell1_ROI_dbscan_centers,cell1_ROI_dbscan_centers,,,,,,3604.0,0.0,0.0,0.0,0.0
cell1_ROI_dbscan_centers,cell1_ROI_dbscan_centers,,,,,,3605.0,1.0,1.0,0.0,1.0
cell1_ROI_dbscan_centers,cell1_ROI_dbscan_centers,,,,,,3606.0,1.0,0.0,1.0,0.0
cell1_ROI_dbscan_centers,cell1_ROI_dbscan_centers,,,,,,3607.0,0.0,0.0,0.0,0.0
cell1_ROI_dbscan_centers,cell1_ROI_dbscan_centers,,,,,,3608.0,0.0,0.0,0.0,0.0
cell1_ROI_dbscan_centers,cell1_ROI_dbscan_centers,,,,,,3609.0,1.0,0.0,0.0,1.0
cell1_ROI_dbscan_centers,cell1_ROI_dbscan_centers,,,,,,3610.0,0.0,1.0,0.0,1.0
cell1_ROI_dbscan_centers,cell1_ROI_dbscan_centers,,,,,,3611.0,0.0,0.0,0.0,0.0
cell1_ROI_dbscan_centers,cell1_ROI_dbscan_centers,,,,,,3612.0,0.0,0.0,0.0,0.0
cell1_ROI_dbscan_centers,cell1_ROI_dbscan_centers,,,,,,3613.0,0.0,0.0,0.0,0.0
cell1_ROI_dbscan_centers,cell1_ROI_dbscan_centers,,,,,,3614.0,0.0,1.0,0.0,0.0
cell1_ROI_dbscan_centers,cell1_ROI_dbscan_centers,,,,,,3615.0,0.0,1.0,0.0,0.0
cell1_ROI_dbscan_centers,cell1_ROI_dbscan_centers,,,,,,3616.0,0.0,0.0,0.0,1.0
cell1_ROI_dbscan_centers,cell1_ROI_dbscan_centers,,,,,,3617.0,0.0,1.0,0.0,0.0
cell1_ROI_dbscan_centers,cell1_ROI_dbscan_centers,,,,,,3618.0,0.0,0.0,1.0,0.0
cell1_ROI_dbscan_centers,cell1_ROI_dbscan_centers,,,,,,3619.0,0.0,1.0,0.0,0.0
cell1_ROI_dbscan_centers,cell1_ROI_dbscan_centers,,,,,,3620.0,1.0,0.0,0.0,0.0
cell1_ROI_dbscan_centers,cell1_ROI_dbscan_centers,,,,,,3621.0,0.0,1.0,1.0,0.0
cell1_ROI_dbscan_centers,cell1_ROI_dbscan_centers,,,,,,3622.0,1.0,1.0,0.0,0.0
cell1_ROI_dbscan_centers,cell1_ROI_dbscan_centers,,,,,,3623.0,0.0,0.0,0.0,0.0
cell1_ROI_dbscan_centers,cell1_ROI_dbscan_centers,,,,,,3624.0,0.0,0.0,0.0,0.0
cell1_ROI_dbscan_centers,cell1_ROI_dbscan_centers,,,,,,3625.0,1.0,2.0,0.0,0.0
cell1_ROI_dbscan_centers,cell1_ROI_dbscan_centers,,,,,,3626.0,0.0,2.0,0.0,0.0
cell1_ROI_dbscan_centers,cell1_ROI_dbscan_centers,,,,,,3627.0,0.0,0.0,0.0,1.0
cell1_ROI_dbscan_centers,cell1_ROI_dbscan_centers,,,,,,3628.0,0.0,0.0,0.0,0.0
cell1_ROI_dbscan_centers,cell1_ROI_dbscan_centers,,,,,,3629.0,0.0,0.0,0.0,0.0
cell1_ROI_dbscan_centers,cell1_ROI_dbscan_centers,,,,,,3630.0,1.0,1.0,0.0,0.0
cell1_ROI_dbscan_centers,cell1_ROI_dbscan_centers,,,,,,3631.0,0.0,1.0,0.0,1.0
cell1_ROI_dbscan_centers,cell1_ROI_dbscan_centers,,,,,,3632.0,0.0,1.0,0.0,0.0
cell1_ROI_dbscan_centers,cell1_ROI_dbscan_centers,,,,,,3633.0,0.0,0.0,0.0,0.0
cell1_ROI_dbscan_centers,cell1_ROI_dbscan_centers,,,,,,3634.0,0.0,0.0,0.0,1.0
cell1_ROI_dbscan_centers,cell1_ROI_dbscan_centers,,,,,,3635.0,0.0,0.0,0.0,0.0
cell1_ROI_dbscan_centers,cell1_ROI_dbscan_centers,,,,,,3636.0,1.0,1.0,0.0,0.0
cell1_ROI_dbscan_centers,cell1_ROI_dbscan_centers,,,,,,3637.0,0.0,0.0,0.0,0.0
cell1_ROI_dbscan_centers,cell1_ROI_dbscan_centers,,,,,,3638.0,0.0,2.0,0.0,0.0
cell1_ROI_dbscan_centers,cell1_ROI_dbscan_centers,,,,,,3639.0,0.0,0.0,0.0,0.0
cell1_ROI_dbscan_centers,cell1_ROI_dbscan_centers,,,,,,3640.0,0.0,2.0,0.0,0.0
cell1_ROI_dbscan_centers,cell1_ROI_dbscan_centers,,,,,,3641.0,0.0,1.0,0.0,0.0
cell1_ROI_dbscan_centers,cell1_ROI_dbscan_centers,,,,,,3642.0,0.0,0.0,0.0,1.0
cell1_ROI_dbscan_centers,cell1_ROI_dbscan_centers,,,,,,3643.0,0.0,0.0,0.0,0.0
cell1_ROI_dbscan_centers,cell1_ROI_dbscan_centers,,,,,,3644.0,1.0,2.0,0.0,1.0
cell1_ROI_dbscan_centers,cell1_ROI_dbscan_centers,,,,,,3645.0,0.0,0.0,0.0,1.0
cell1_ROI_dbscan_centers,cell1_ROI_dbscan_centers,,,,,,3646.0,1.0,0.0,0.0,0.0
cell1_ROI_dbscan_centers,cell1_ROI_dbscan_centers,,,,,,3647.0,1.0,0.0,0.0,0.0
cell1_ROI_dbscan_centers,cell1_ROI_dbscan_centers,,,,,,3648.0,0.0,0.0,0.0,0.0
cell1_ROI_dbscan_centers,cell1_ROI_dbscan_centers,,,,,,3649.0,0.0,0.0,0.0,0.0
cell1_ROI_dbscan_centers,cell1_ROI_dbscan_centers,,,,,,3650.0,0.0,0.0,0.0,0.0
cell1_ROI_dbscan_centers,cell1_ROI_dbscan_centers,,,,,,3651.0,0.0,0.0,0.0,0.0
cell1_ROI_dbscan_centers,cell1_ROI_dbscan_centers,,,,,,3652.0,0.0,0.0,1.0,0.0
cell1_ROI_dbscan_centers,cell1_ROI_dbscan_centers,,,,,,3653.0,0.0,0.0,0.0,0.0
cell1_ROI_dbscan_centers,cell1_ROI_dbscan_centers,,,,,,3654.0,0.0,0.0,0.0,0.0
cell1_ROI_dbscan_centers,cell1_ROI_dbscan_centers,,,,,,3655.0,0.0,0.0,0.0,1.0
cell1_ROI_dbscan_centers,cell1_ROI_dbscan_centers,,,,,,3656.0,1.0,0.0,0.0,1.0
cell1_ROI_dbscan_centers,cell1_ROI_dbscan_centers,,,,,,3657.0,0.0,0.0,0.0,0.0
cell1_ROI_dbscan_centers,cell1_ROI_dbscan_centers,,,,,,3658.0,0.0,0.0,0.0,0.0
cell1_ROI_dbscan_centers,cell1_ROI_dbscan_centers,,,,,,3659.0,0.0,0.0,0.0,0.0
cell1_ROI_dbscan_centers,cell1_ROI_dbscan_centers,,,,,,3660.0,0.0,0.0,0.0,0.0
cell1_ROI_dbscan_centers,cell1_ROI_dbscan_centers,,,,,,3661.0,0.0,0.0,0.0,0.0
cell1_ROI_dbscan_centers,cell1_ROI_dbscan_centers,,,,,,3662.0,0.0,0.0,0.0,0.0
cell1_ROI_dbscan_centers,cell1_ROI_dbscan_centers,,,,,,3663.0,0.0,0.0,0.0,0.0
cell1_ROI_dbscan_centers,cell1_ROI_dbscan_centers,,,,,,3664.0,0.0,0.0,0.0,0.0
cell1_ROI_dbscan_centers,cell1_ROI_dbscan_centers,,,,,,3665.0,0.0,0.0,1.0,0.0
cell1_ROI_dbscan_centers,cell1_ROI_dbscan_centers,,,,,,3666.0,0.0,0.0,0.0,0.0
cell1_ROI_dbscan_centers,cell1_ROI_dbscan_centers,,,,,,3667.0,0.0,0.0,0.0,1.0
cell1_ROI_dbscan_centers,cell1_ROI_dbscan_centers,,,,,,3668.0,0.0,0.0,0.0,0.0
cell1_ROI_dbscan_centers,cell1_ROI_dbscan_centers,,,,,,3669.0,0.0,0.0,0.0,0.0
cell1_ROI_dbscan_centers,cell1_ROI_dbscan_centers,,,,,,3670.0,1.0,0.0,0.0,0.0
cell1_ROI_dbscan_centers,cell1_ROI_dbscan_centers,,,,,,3671.0,0.0,0.0,0.0,0.0
cell1_ROI_dbscan_centers,cell1_ROI_dbscan_centers,,,,,,3672.0,0.0,0.0,0.0,1.0
cell1_ROI_dbscan_centers,cell1_ROI_dbscan_centers,,,,,,3673.0,0.0,0.0,0.0,0.0
cell1_ROI_dbscan_centers,cell1_ROI_dbscan_centers,,,,,,3674.0,0.0,0.0,1.0,0.0
cell1_ROI_dbscan_centers,cell1_ROI_dbscan_centers,,,,,,3675.0,0.0,0.0,0.0,0.0
cell1_ROI_dbscan_centers,cell1_ROI_dbscan_centers,,,,,,3676.0,0.0,1.0,0.0,0.0
cell1_ROI_dbscan_centers,cell1_ROI_dbscan_centers,,,,,,3677.0,0.0,0.0,0.0,0.0
cell1_ROI_dbscan_centers,cell1_ROI_dbscan_centers,,,,,,3678.0,0.0,0.0,0.0,0.0
cell1_ROI_dbscan_centers,cell1_ROI_dbscan_centers,,,,,,3679.0,0.0,1.0,0.0,0.0
cell1_ROI_dbscan_centers,cell1_ROI_dbscan_centers,,,,,,3680.0,0.0,1.0,0.0,0.0
cell1_ROI_dbscan_centers,cell1_ROI_dbscan_centers,,,,,,3681.0,0.0,0.0,0.0,0.0
cell1_ROI_dbscan_centers,cell1_ROI_dbscan_centers,,,,,,3682.0,0.0,0.0,0.0,0.0
cell1_ROI_dbscan_centers,cell1_ROI_dbscan_centers,,,,,,3683.0,0.0,1.0,0.0,0.0
cell1_ROI_dbscan_centers,cell1_ROI_dbscan_centers,,,,,,3684.0,0.0,0.0,0.0,0.0
cell1_ROI_dbscan_centers,cell1_ROI_dbscan_centers,,,,,,3685.0,0.0,0.0,0.0,0.0
cell1_ROI_dbscan_centers,cell1_ROI_dbscan_centers,,,,,,3686.0,0.0,0.0,0.0,0.0
cell1_ROI_dbscan_centers,cell1_ROI_dbscan_centers,,,,,,3687.0,1.0,0.0,0.0,0.0
cell1_ROI_dbscan_centers,cell1_ROI_dbscan_centers,,,,,,3688.0,0.0,0.0,1.0,0.0
cell1_ROI_dbscan_centers,cell1_ROI_dbscan_centers,,,,,,3689.0,1.0,0.0,0.0,0.0
cell1_ROI_dbscan_centers,cell1_ROI_dbscan_centers,,,,,,3690.0,0.0,0.0,0.0,0.0
cell1_ROI_dbscan_centers,cell1_ROI_dbscan_centers,,,,,,3691.0,0.0,0.0,0.0,0.0
cell1_ROI_dbscan_centers,cell1_ROI_dbscan_centers,,,,,,3692.0,0.0,0.0,0.0,0.0
cell1_ROI_dbscan_centers,cell1_ROI_dbscan_centers,,,,,,3693.0,1.0,0.0,0.0,0.0
cell1_ROI_dbscan_centers,cell1_ROI_dbscan_centers,,,,,,3694.0,0.0,0.0,0.0,0.0
cell1_ROI_dbscan_centers,cell1_ROI_dbscan_centers,,,,,,3695.0,0.0,0.0,0.0,0.0
cell1_ROI_dbscan_centers,cell1_ROI_dbscan_centers,,,,,,3696.0,1.0,0.0,0.0,0.0
cell1_ROI_dbscan_centers,cell1_ROI_dbscan_centers,,,,,,3697.0,2.0,0.0,0.0,1.0
cell1_ROI_dbscan_centers,cell1_ROI_dbscan_centers,,,,,,3698.0,0.0,2.0,0.0,1.0
cell1_ROI_dbscan_centers,cell1_ROI_dbscan_centers,,,,,,3699.0,0.0,0.0,0.0,0.0
cell1_ROI_dbscan_centers,cell1_ROI_dbscan_centers,,,,,,3700.0,0.0,1.0,0.0,0.0
cell1_ROI_dbscan_centers,cell1_ROI_dbscan_centers,,,,,,3701.0,1.0,0.0,0.0,0.0
cell1_ROI_dbscan_centers,cell1_ROI_dbscan_centers,,,,,,3702.0,1.0,0.0,0.0,0.0
cell1_ROI_dbscan_centers,cell1_ROI_dbscan_centers,,,,,,3703.0,0.0,0.0,0.0,0.0
cell1_ROI_dbscan_centers,cell1_ROI_dbscan_centers,,,,,,3704.0,0.0,0.0,0.0,1.0
cell1_ROI_dbscan_centers,cell1_ROI_dbscan_centers,,,,,,3705.0,0.0,0.0,0.0,1.0
cell1_ROI_dbscan_centers,cell1_ROI_dbscan_centers,,,,,,3706.0,0.0,0.0,0.0,0.0
cell1_ROI_dbscan_centers,cell1_ROI_dbscan_centers,,,,,,3707.0,1.0,0.0,0.0,0.0
cell1_ROI_dbscan_centers,cell1_ROI_dbscan_centers,,,,,,3708.0,1.0,0.0,0.0,1.0
cell1_ROI_dbscan_centers,cell1_ROI_dbscan_centers,,,,,,3709.0,0.0,0.0,0.0,0.0
cell1_ROI_dbscan_centers,cell1_ROI_dbscan_centers,,,,,,3710.0,0.0,0.0,0.0,0.0
cell1_ROI_dbscan_centers,cell1_ROI_dbscan_centers,,,,,,3711.0,0.0,0.0,0.0,0.0
cell1_ROI_dbscan_centers,cell1_ROI_dbscan_centers,,,,,,3712.0,0.0,0.0,0.0,0.0
cell1_ROI_dbscan_centers,cell1_ROI_dbscan_centers,,,,,,3713.0,0.0,0.0,0.0,0.0
cell1_ROI_dbscan_centers,cell1_ROI_dbscan_centers,,,,,,3714.0,0.0,1.0,0.0,0.0
cell1_ROI_dbscan_centers,cell1_ROI_dbscan_centers,,,,,,3715.0,0.0,0.0,0.0,0.0
cell1_ROI_dbscan_centers,cell1_ROI_dbscan_centers,,,,,,3716.0,0.0,0.0,0.0,0.0
cell1_ROI_dbscan_centers,cell1_ROI_dbscan_centers,,,,,,3717.0,1.0,0.0,0.0,0.0
cell1_ROI_dbscan_centers,cell1_ROI_dbscan_centers,,,,,,3718.0,1.0,0.0,0.0,0.0
cell1_ROI_dbscan_centers,cell1_ROI_dbscan_centers,,,,,,3719.0,0.0,1.0,0.0,0.0
cell1_ROI_dbscan_centers,cell1_ROI_dbscan_centers,,,,,,3720.0,0.0,0.0,0.0,0.0
cell1_ROI_dbscan_centers,cell1_ROI_dbscan_centers,,,,,,3721.0,1.0,0.0,0.0,0.0
cell1_ROI_dbscan_centers,cell1_ROI_dbscan_centers,,,,,,3722.0,0.0,0.0,0.0,1.0
cell1_ROI_dbscan_centers,cell1_ROI_dbscan_centers,,,,,,3723.0,0.0,1.0,0.0,0.0
cell1_ROI_dbscan_centers,cell1_ROI_dbscan_centers,,,,,,3724.0,0.0,0.0,1.0,0.0
cell1_ROI_dbscan_centers,cell1_ROI_dbscan_centers,,,,,,3725.0,0.0,0.0,1.0,0.0
cell1_ROI_dbscan_centers,cell1_ROI_dbscan_centers,,,,,,3726.0,0.0,0.0,0.0,0.0
cell1_ROI_dbscan_centers,cell1_ROI_dbscan_centers,,,,,,3727.0,1.0,0.0,1.0,0.0
cell1_ROI_dbscan_centers,cell1_ROI_dbscan_centers,,,,,,3728.0,0.0,1.0,0.0,0.0
cell1_ROI_dbscan_centers,cell1_ROI_dbscan_centers,,,,,,3729.0,0.0,0.0,0.0,0.0
cell1_ROI_dbscan_centers,cell1_ROI_dbscan_centers,,,,,,3730.0,1.0,0.0,0.0,0.0
cell1_ROI_dbscan_centers,cell1_ROI_dbscan_centers,,,,,,3731.0,0.0,0.0,0.0,0.0
cell1_ROI_dbscan_centers,cell1_ROI_dbscan_centers,,,,,,3732.0,0.0,0.0,0.0,0.0
cell1_ROI_dbscan_centers,cell1_ROI_dbscan_centers,,,,,,3733.0,0.0,0.0,0.0,0.0
cell1_ROI_dbscan_centers,cell1_ROI_dbscan_centers,,,,,,3734.0,0.0,0.0,0.0,0.0
cell1_ROI_dbscan_centers,cell1_ROI_dbscan_centers,,,,,,3735.0,0.0,0.0,0.0,0.0
cell1_ROI_dbscan_centers,cell1_ROI_dbscan_centers,,,,,,3736.0,0.0,0.0,1.0,0.0
cell1_ROI_dbscan_centers,cell1_ROI_dbscan_centers,,,,,,3737.0,0.0,0.0,0.0,0.0
cell1_ROI_dbscan_centers,cell1_ROI_dbscan_centers,,,,,,3738.0,0.0,0.0,0.0,0.0
cell1_ROI_dbscan_centers,cell1_ROI_dbscan_centers,,,,,,3739.0,0.0,0.0,0.0,0.0
cell1_ROI_dbscan_centers,cell1_ROI_dbscan_centers,,,,,,3740.0,0.0,0.0,0.0,0.0
cell1_ROI_dbscan_centers,cell1_ROI_dbscan_centers,,,,,,3741.0,0.0,0.0,0.0,0.0
cell1_ROI_dbscan_centers,cell1_ROI_dbscan_centers,,,,,,3742.0,0.0,0.0,0.0,0.0
cell1_ROI_dbscan_centers,cell1_ROI_dbscan_centers,,,,,,3743.0,0.0,0.0,0.0,0.0
cell1_ROI_dbscan_centers,cell1_ROI_dbscan_centers,,,,,,3744.0,0.0,0.0,0.0,0.0
cell1_ROI_dbscan_centers,cell1_ROI_dbscan_centers,,,,,,3745.0,0.0,0.0,0.0,0.0
cell1_ROI_dbscan_centers,cell1_ROI_dbscan_centers,,,,,,3746.0,0.0,0.0,0.0,0.0
cell1_ROI_dbscan_centers,cell1_ROI_dbscan_centers,,,,,,3747.0,0.0,0.0,0.0,0.0
cell1_ROI_dbscan_centers,cell1_ROI_dbscan_centers,,,,,,3748.0,0.0,0.0,0.0,0.0
cell1_ROI_dbscan_centers,cell1_ROI_dbscan_centers,,,,,,3749.0,0.0,0.0,0.0,0.0
cell1_ROI_dbscan_centers,cell1_ROI_dbscan_centers,,,,,,3750.0,0.0,0.0,0.0,0.0
cell1_ROI_dbscan_centers,cell1_ROI_dbscan_centers,,,,,,3751.0,0.0,0.0,0.0,0.0
cell1_ROI_dbscan_centers,cell1_ROI_dbscan_centers,,,,,,3752.0,0.0,0.0,0.0,0.0
cell1_ROI_dbscan_centers,cell1_ROI_dbscan_centers,,,,,,3753.0,0.0,0.0,0.0,0.0
cell1_ROI_dbscan_centers,cell1_ROI_dbscan_centers,,,,,,3754.0,0.0,0.0,0.0,0.0
cell1_ROI_dbscan_centers,cell1_ROI_dbscan_centers,,,,,,3755.0,0.0,0.0,0.0,0.0
cell1_ROI_dbscan_centers,cell1_ROI_dbscan_centers,,,,,,3756.0,0.0,0.0,0.0,0.0
cell1_ROI_dbscan_centers,cell1_ROI_dbscan_centers,,,,,,3757.0,0.0,0.0,0.0,0.0
cell1_ROI_dbscan_centers,cell1_ROI_dbscan_centers,,,,,,3758.0,0.0,0.0,0.0,0.0
cell1_ROI_dbscan_centers,cell1_ROI_dbscan_centers,,,,,,3759.0,1.0,1.0,0.0,0.0
cell1_ROI_dbscan_centers,cell1_ROI_dbscan_centers,,,,,,3760.0,0.0,0.0,0.0,0.0
cell1_ROI_dbscan_centers,cell1_ROI_dbscan_centers,,,,,,3761.0,0.0,1.0,0.0,0.0
cell1_ROI_dbscan_centers,cell1_ROI_dbscan_centers,,,,,,3762.0,0.0,0.0,0.0,0.0
cell1_ROI_dbscan_centers,cell1_ROI_dbscan_centers,,,,,,3763.0,0.0,0.0,0.0,0.0
cell1_ROI_dbscan_centers,cell1_ROI_dbscan_centers,,,,,,3764.0,0.0,0.0,0.0,0.0
cell1_ROI_dbscan_centers,cell1_ROI_dbscan_centers,,,,,,3765.0,0.0,0.0,0.0,1.0
cell1_ROI_dbscan_centers,cell1_ROI_dbscan_centers,,,,,,3766.0,0.0,1.0,0.0,0.0
cell1_ROI_dbscan_centers,cell1_ROI_dbscan_centers,,,,,,3767.0,0.0,0.0,0.0,0.0
cell1_ROI_dbscan_centers,cell1_ROI_dbscan_centers,,,,,,3768.0,1.0,0.0,0.0,1.0
cell1_ROI_dbscan_centers,cell1_ROI_dbscan_centers,,,,,,3769.0,0.0,0.0,0.0,0.0
cell1_ROI_dbscan_centers,cell1_ROI_dbscan_centers,,,,,,3770.0,1.0,0.0,0.0,0.0
cell1_ROI_dbscan_centers,cell1_ROI_dbscan_centers,,,,,,3771.0,0.0,0.0,0.0,2.0
cell1_ROI_dbscan_centers,cell1_ROI_dbscan_centers,,,,,,3772.0,0.0,1.0,0.0,0.0
cell1_ROI_dbscan_centers,cell1_ROI_dbscan_centers,,,,,,3773.0,0.0,0.0,0.0,0.0
cell1_ROI_dbscan_centers,cell1_ROI_dbscan_centers,,,,,,3774.0,0.0,0.0,0.0,0.0
cell1_ROI_dbscan_centers,cell1_ROI_dbscan_centers,,,,,,3775.0,0.0,0.0,0.0,0.0
cell1_ROI_dbscan_centers,cell1_ROI_dbscan_centers,,,,,,3776.0,0.0,0.0,0.0,0.0
cell1_ROI_dbscan_centers,cell1_ROI_dbscan_centers,,,,,,3777.0,0.0,0.0,0.0,0.0
cell1_ROI_dbscan_centers,cell1_ROI_dbscan_centers,,,,,,3778.0,0.0,0.0,0.0,0.0
cell1_ROI_dbscan_centers,cell1_ROI_dbscan_centers,,,,,,3779.0,0.0,0.0,0.0,0.0
cell1_ROI_dbscan_centers,cell1_ROI_dbscan_centers,,,,,,3780.0,0.0,1.0,0.0,0.0
cell1_ROI_dbscan_centers,cell1_ROI_dbscan_centers,,,,,,3781.0,0.0,0.0,0.0,0.0
cell1_ROI_dbscan_centers,cell1_ROI_dbscan_centers,,,,,,3782.0,0.0,0.0,0.0,0.0
cell1_ROI_dbscan_centers,cell1_ROI_dbscan_centers,,,,,,3783.0,0.0,0.0,0.0,0.0
cell1_ROI_dbscan_centers,cell1_ROI_dbscan_centers,,,,,,3784.0,0.0,0.0,0.0,0.0
cell1_ROI_dbscan_centers,cell1_ROI_dbscan_centers,,,,,,3785.0,0.0,0.0,0.0,0.0
cell1_ROI_dbscan_centers,cell1_ROI_dbscan_centers,,,,,,3786.0,0.0,0.0,0.0,0.0
cell1_ROI_dbscan_centers,cell1_ROI_dbscan_centers,,,,,,3787.0,0.0,0.0,0.0,0.0
cell1_ROI_dbscan_centers,cell1_ROI_dbscan_centers,,,,,,3788.0,0.0,0.0,0.0,0.0
cell1_ROI_dbscan_centers,cell1_ROI_dbscan_centers,,,,,,3789.0,0.0,0.0,1.0,0.0
cell1_ROI_dbscan_centers,cell1_ROI_dbscan_centers,,,,,,3790.0,0.0,0.0,0.0,0.0
cell1_ROI_dbscan_centers,cell1_ROI_dbscan_centers,,,,,,3791.0,0.0,1.0,0.0,0.0
cell1_ROI_dbscan_centers,cell1_ROI_dbscan_centers,,,,,,3792.0,0.0,0.0,0.0,0.0
cell1_ROI_dbscan_centers,cell1_ROI_dbscan_centers,,,,,,3793.0,1.0,1.0,0.0,0.0
cell1_ROI_dbscan_centers,cell1_ROI_dbscan_centers,,,,,,3794.0,0.0,0.0,0.0,0.0
cell1_ROI_dbscan_centers,cell1_ROI_dbscan_centers,,,,,,3795.0,0.0,0.0,0.0,0.0
cell1_ROI_dbscan_centers,cell1_ROI_dbscan_centers,,,,,,3796.0,0.0,1.0,0.0,0.0
cell1_ROI_dbscan_centers,cell1_ROI_dbscan_centers,,,,,,3797.0,0.0,0.0,0.0,1.0
cell1_ROI_dbscan_centers,cell1_ROI_dbscan_centers,,,,,,3798.0,0.0,0.0,0.0,0.0
cell1_ROI_dbscan_centers,cell1_ROI_dbscan_centers,,,,,,3799.0,0.0,0.0,0.0,0.0
cell1_ROI_dbscan_centers,cell1_ROI_dbscan_centers,,,,,,3800.0,0.0,0.0,0.0,0.0
cell1_ROI_dbscan_centers,cell1_ROI_dbscan_centers,,,,,,3801.0,0.0,0.0,0.0,0.0
cell1_ROI_dbscan_centers,cell1_ROI_dbscan_centers,,,,,,3802.0,0.0,0.0,0.0,0.0
cell1_ROI_dbscan_centers,cell1_ROI_dbscan_centers,,,,,,3803.0,0.0,0.0,0.0,0.0
cell1_ROI_dbscan_centers,cell1_ROI_dbscan_centers,,,,,,3804.0,0.0,0.0,1.0,0.0
cell1_ROI_dbscan_centers,cell1_ROI_dbscan_centers,,,,,,3805.0,0.0,0.0,0.0,0.0
cell1_ROI_dbscan_centers,cell1_ROI_dbscan_centers,,,,,,3806.0,1.0,0.0,0.0,0.0
cell1_ROI_dbscan_centers,cell1_ROI_dbscan_centers,,,,,,3807.0,0.0,1.0,0.0,1.0
cell1_ROI_dbscan_centers,cell1_ROI_dbscan_centers,,,,,,3808.0,0.0,0.0,0.0,0.0
cell1_ROI_dbscan_centers,cell1_ROI_dbscan_centers,,,,,,3809.0,0.0,1.0,0.0,0.0
cell1_ROI_dbscan_centers,cell1_ROI_dbscan_centers,,,,,,3810.0,0.0,0.0,0.0,1.0
cell1_ROI_dbscan_centers,cell1_ROI_dbscan_centers,,,,,,3811.0,1.0,0.0,0.0,0.0
cell1_ROI_dbscan_centers,cell1_ROI_dbscan_centers,,,,,,3812.0,0.0,0.0,0.0,0.0
cell1_ROI_dbscan_centers,cell1_ROI_dbscan_centers,,,,,,3813.0,0.0,0.0,0.0,0.0
cell1_ROI_dbscan_centers,cell1_ROI_dbscan_centers,,,,,,3814.0,0.0,1.0,0.0,0.0
cell1_ROI_dbscan_centers,cell1_ROI_dbscan_centers,,,,,,3815.0,0.0,0.0,0.0,0.0
cell1_ROI_dbscan_centers,cell1_ROI_dbscan_centers,,,,,,3816.0,0.0,1.0,0.0,0.0
cell1_ROI_dbscan_centers,cell1_ROI_dbscan_centers,,,,,,3817.0,0.0,1.0,0.0,0.0
cell1_ROI_dbscan_centers,cell1_ROI_dbscan_centers,,,,,,3818.0,0.0,1.0,0.0,0.0
cell1_ROI_dbscan_centers,cell1_ROI_dbscan_centers,,,,,,3819.0,1.0,0.0,0.0,0.0
cell1_ROI_dbscan_centers,cell1_ROI_dbscan_centers,,,,,,3820.0,0.0,0.0,0.0,1.0
cell1_ROI_dbscan_centers,cell1_ROI_dbscan_centers,,,,,,3821.0,0.0,0.0,0.0,0.0
cell1_ROI_dbscan_centers,cell1_ROI_dbscan_centers,,,,,,3822.0,1.0,1.0,0.0,0.0
cell1_ROI_dbscan_centers,cell1_ROI_dbscan_centers,,,,,,3823.0,0.0,0.0,0.0,0.0
cell1_ROI_dbscan_centers,cell1_ROI_dbscan_centers,,,,,,3824.0,0.0,0.0,0.0,0.0
cell1_ROI_dbscan_centers,cell1_ROI_dbscan_centers,,,,,,3825.0,1.0,0.0,0.0,0.0
cell1_ROI_dbscan_centers,cell1_ROI_dbscan_centers,,,,,,3826.0,0.0,0.0,0.0,0.0
cell1_ROI_dbscan_centers,cell1_ROI_dbscan_centers,,,,,,3827.0,0.0,1.0,0.0,0.0
cell1_ROI_dbscan_centers,cell1_ROI_dbscan_centers,,,,,,3828.0,1.0,0.0,0.0,0.0
cell1_ROI_dbscan_centers,cell1_ROI_dbscan_centers,,,,,,3829.0,0.0,0.0,0.0,0.0
cell1_ROI_dbscan_centers,cell1_ROI_dbscan_centers,,,,,,3830.0,0.0,0.0,0.0,0.0
cell1_ROI_dbscan_centers,cell1_ROI_dbscan_centers,,,,,,3831.0,0.0,0.0,0.0,0.0
cell1_ROI_dbscan_centers,cell1_ROI_dbscan_centers,,,,,,3832.0,0.0,1.0,0.0,1.0
cell1_ROI_dbscan_centers,cell1_ROI_dbscan_centers,,,,,,3833.0,1.0,0.0,0.0,1.0
cell1_ROI_dbscan_centers,cell1_ROI_dbscan_centers,,,,,,3834.0,0.0,0.0,0.0,1.0
cell1_ROI_dbscan_centers,cell1_ROI_dbscan_centers,,,,,,3835.0,1.0,1.0,0.0,0.0
cell1_ROI_dbscan_centers,cell1_ROI_dbscan_centers,,,,,,3836.0,0.0,0.0,0.0,0.0
cell1_ROI_dbscan_centers,cell1_ROI_dbscan_centers,,,,,,3837.0,0.0,0.0,0.0,0.0
cell1_ROI_dbscan_centers,cell1_ROI_dbscan_centers,,,,,,3838.0,0.0,0.0,0.0,1.0
cell1_ROI_dbscan_centers,cell1_ROI_dbscan_centers,,,,,,3839.0,0.0,0.0,0.0,0.0
cell1_ROI_dbscan_centers,cell1_ROI_dbscan_centers,,,,,,3840.0,0.0,0.0,0.0,0.0
cell1_ROI_dbscan_centers,cell1_ROI_dbscan_centers,,,,,,3841.0,0.0,1.0,1.0,0.0
cell1_ROI_dbscan_centers,cell1_ROI_dbscan_centers,,,,,,3842.0,1.0,0.0,0.0,0.0
cell1_ROI_dbscan_centers,cell1_ROI_dbscan_centers,,,,,,3843.0,0.0,0.0,0.0,0.0
cell1_ROI_dbscan_centers,cell1_ROI_dbscan_centers,,,,,,3844.0,0.0,1.0,0.0,0.0
cell1_ROI_dbscan_centers,cell1_ROI_dbscan_centers,,,,,,3845.0,0.0,1.0,0.0,0.0
cell1_ROI_dbscan_centers,cell1_ROI_dbscan_centers,,,,,,3846.0,0.0,0.0,0.0,0.0
cell1_ROI_dbscan_centers,cell1_ROI_dbscan_centers,,,,,,3847.0,1.0,0.0,0.0,0.0
cell1_ROI_dbscan_centers,cell1_ROI_dbscan_centers,,,,,,3848.0,0.0,0.0,0.0,1.0
cell1_ROI_dbscan_centers,cell1_ROI_dbscan_centers,,,,,,3849.0,1.0,0.0,0.0,0.0
cell1_ROI_dbscan_centers,cell1_ROI_dbscan_centers,,,,,,3850.0,0.0,0.0,0.0,0.0
cell1_ROI_dbscan_centers,cell1_ROI_dbscan_centers,,,,,,3851.0,0.0,0.0,0.0,1.0
cell1_ROI_dbscan_centers,cell1_ROI_dbscan_centers,,,,,,3852.0,0.0,0.0,0.0,0.0
cell1_ROI_dbscan_centers,cell1_ROI_dbscan_centers,,,,,,3853.0,0.0,2.0,0.0,0.0
cell1_ROI_dbscan_centers,cell1_ROI_dbscan_centers,,,,,,3854.0,0.0,0.0,0.0,0.0
cell1_ROI_dbscan_centers,cell1_ROI_dbscan_centers,,,,,,3855.0,0.0,1.0,1.0,0.0
cell1_ROI_dbscan_centers,cell1_ROI_dbscan_centers,,,,,,3856.0,1.0,0.0,0.0,0.0
cell1_ROI_dbscan_centers,cell1_ROI_dbscan_centers,,,,,,3857.0,1.0,0.0,0.0,1.0
cell1_ROI_dbscan_centers,cell1_ROI_dbscan_centers,,,,,,3858.0,0.0,0.0,0.0,0.0
cell1_ROI_dbscan_centers,cell1_ROI_dbscan_centers,,,,,,3859.0,0.0,0.0,0.0,0.0
cell1_ROI_dbscan_centers,cell1_ROI_dbscan_centers,,,,,,3860.0,0.0,0.0,0.0,1.0
cell1_ROI_dbscan_centers,cell1_ROI_dbscan_centers,,,,,,3861.0,1.0,0.0,0.0,0.0
cell1_ROI_dbscan_centers,cell1_ROI_dbscan_centers,,,,,,3862.0,1.0,1.0,0.0,0.0
cell1_ROI_dbscan_centers,cell1_ROI_dbscan_centers,,,,,,3863.0,1.0,0.0,0.0,0.0
cell1_ROI_dbscan_centers,cell1_ROI_dbscan_centers,,,,,,3864.0,0.0,0.0,0.0,0.0
cell1_ROI_dbscan_centers,cell1_ROI_dbscan_centers,,,,,,3865.0,0.0,1.0,0.0,1.0
cell1_ROI_dbscan_centers,cell1_ROI_dbscan_centers,,,,,,3866.0,0.0,0.0,0.0,0.0
cell1_ROI_dbscan_centers,cell1_ROI_dbscan_centers,,,,,,3867.0,0.0,0.0,1.0,0.0
cell1_ROI_dbscan_centers,cell1_ROI_dbscan_centers,,,,,,3868.0,1.0,0.0,0.0,0.0
cell1_ROI_dbscan_centers,cell1_ROI_dbscan_centers,,,,,,3869.0,0.0,1.0,1.0,1.0
cell1_ROI_dbscan_centers,cell1_ROI_dbscan_centers,,,,,,3870.0,0.0,0.0,0.0,0.0
cell1_ROI_dbscan_centers,cell1_ROI_dbscan_centers,,,,,,3871.0,0.0,0.0,0.0,0.0
cell1_ROI_dbscan_centers,cell1_ROI_dbscan_centers,,,,,,3872.0,0.0,0.0,0.0,0.0
cell1_ROI_dbscan_centers,cell1_ROI_dbscan_centers,,,,,,3873.0,1.0,1.0,0.0,0.0
cell1_ROI_dbscan_centers,cell1_ROI_dbscan_centers,,,,,,3874.0,0.0,1.0,0.0,1.0
cell1_ROI_dbscan_centers,cell1_ROI_dbscan_centers,,,,,,3875.0,0.0,0.0,0.0,0.0
cell1_ROI_dbscan_centers,cell1_ROI_dbscan_centers,,,,,,3876.0,0.0,0.0,0.0,0.0
cell1_ROI_dbscan_centers,cell1_ROI_dbscan_centers,,,,,,3877.0,0.0,0.0,1.0,0.0
cell1_ROI_dbscan_centers,cell1_ROI_dbscan_centers,,,,,,3878.0,1.0,0.0,0.0,0.0
cell1_ROI_dbscan_centers,cell1_ROI_dbscan_centers,,,,,,3879.0,0.0,0.0,0.0,0.0
cell1_ROI_dbscan_centers,cell1_ROI_dbscan_centers,,,,,,3880.0,0.0,0.0,0.0,0.0
cell1_ROI_dbscan_centers,cell1_ROI_dbscan_centers,,,,,,3881.0,0.0,1.0,0.0,0.0
cell1_ROI_dbscan_centers,cell1_ROI_dbscan_centers,,,,,,3882.0,0.0,0.0,0.0,0.0
cell1_ROI_dbscan_centers,cell1_ROI_dbscan_centers,,,,,,3883.0,1.0,0.0,0.0,0.0
cell1_ROI_dbscan_centers,cell1_ROI_dbscan_centers,,,,,,3884.0,1.0,0.0,0.0,0.0
cell1_ROI_dbscan_centers,cell1_ROI_dbscan_centers,,,,,,3885.0,0.0,0.0,0.0,1.0
cell1_ROI_dbscan_centers,cell1_ROI_dbscan_centers,,,,,,3886.0,0.0,0.0,0.0,1.0
cell1_ROI_dbscan_centers,cell1_ROI_dbscan_centers,,,,,,3887.0,1.0,0.0,0.0,0.0
cell1_ROI_dbscan_centers,cell1_ROI_dbscan_centers,,,,,,3888.0,0.0,1.0,0.0,1.0
cell1_ROI_dbscan_centers,cell1_ROI_dbscan_centers,,,,,,3889.0,0.0,0.0,0.0,0.0
cell1_ROI_dbscan_centers,cell1_ROI_dbscan_centers,,,,,,3890.0,0.0,2.0,0.0,0.0
cell1_ROI_dbscan_centers,cell1_ROI_dbscan_centers,,,,,,3891.0,0.0,0.0,0.0,0.0
cell1_ROI_dbscan_centers,cell1_ROI_dbscan_centers,,,,,,3892.0,0.0,0.0,0.0,0.0
cell1_ROI_dbscan_centers,cell1_ROI_dbscan_centers,,,,,,3893.0,1.0,0.0,0.0,0.0
cell1_ROI_dbscan_centers,cell1_ROI_dbscan_centers,,,,,,3894.0,0.0,0.0,0.0,0.0
cell1_ROI_dbscan_centers,cell1_ROI_dbscan_centers,,,,,,3895.0,1.0,1.0,0.0,0.0
cell1_ROI_dbscan_centers,cell1_ROI_dbscan_centers,,,,,,3896.0,0.0,0.0,0.0,0.0
cell1_ROI_dbscan_centers,cell1_ROI_dbscan_centers,,,,,,3897.0,1.0,0.0,0.0,0.0
cell1_ROI_dbscan_centers,cell1_ROI_dbscan_centers,,,,,,3898.0,0.0,0.0,1.0,0.0
cell1_ROI_dbscan_centers,cell1_ROI_dbscan_centers,,,,,,3899.0,0.0,0.0,0.0,0.0
cell1_ROI_dbscan_centers,cell1_ROI_dbscan_centers,,,,,,3900.0,0.0,0.0,0.0,1.0
cell1_ROI_dbscan_centers,cell1_ROI_dbscan_centers,,,,,,3901.0,0.0,0.0,1.0,0.0
cell1_ROI_dbscan_centers,cell1_ROI_dbscan_centers,,,,,,3902.0,1.0,0.0,0.0,0.0
cell1_ROI_dbscan_centers,cell1_ROI_dbscan_centers,,,,,,3903.0,0.0,0.0,0.0,0.0
cell1_ROI_dbscan_centers,cell1_ROI_dbscan_centers,,,,,,3904.0,0.0,1.0,0.0,0.0
cell1_ROI_dbscan_centers,cell1_ROI_dbscan_centers,,,,,,3905.0,1.0,0.0,0.0,0.0
cell1_ROI_dbscan_centers,cell1_ROI_dbscan_centers,,,,,,3906.0,0.0,1.0,0.0,1.0
cell1_ROI_dbscan_centers,cell1_ROI_dbscan_centers,,,,,,3907.0,0.0,1.0,0.0,0.0
cell1_ROI_dbscan_centers,cell1_ROI_dbscan_centers,,,,,,3908.0,1.0,0.0,0.0,0.0
cell1_ROI_dbscan_centers,cell1_ROI_dbscan_centers,,,,,,3909.0,0.0,0.0,0.0,0.0
cell1_ROI_dbscan_centers,cell1_ROI_dbscan_centers,,,,,,3910.0,0.0,0.0,0.0,0.0
cell1_ROI_dbscan_centers,cell1_ROI_dbscan_centers,,,,,,3911.0,0.0,0.0,1.0,0.0
cell1_ROI_dbscan_centers,cell1_ROI_dbscan_centers,,,,,,3912.0,1.0,0.0,0.0,0.0
cell1_ROI_dbscan_centers,cell1_ROI_dbscan_centers,,,,,,3913.0,0.0,0.0,0.0,0.0
cell1_ROI_dbscan_centers,cell1_ROI_dbscan_centers,,,,,,3914.0,0.0,0.0,1.0,1.0
cell1_ROI_dbscan_centers,cell1_ROI_dbscan_centers,,,,,,3915.0,0.0,1.0,1.0,0.0
cell1_ROI_dbscan_centers,cell1_ROI_dbscan_centers,,,,,,3916.0,1.0,1.0,0.0,0.0
cell1_ROI_dbscan_centers,cell1_ROI_dbscan_centers,,,,,,3917.0,0.0,0.0,0.0,0.0
cell1_ROI_dbscan_centers,cell1_ROI_dbscan_centers,,,,,,3918.0,0.0,0.0,0.0,0.0
cell1_ROI_dbscan_centers,cell1_ROI_dbscan_centers,,,,,,3919.0,0.0,0.0,0.0,1.0
cell1_ROI_dbscan_centers,cell1_ROI_dbscan_centers,,,,,,3920.0,0.0,0.0,0.0,0.0
cell1_ROI_dbscan_centers,cell1_ROI_dbscan_centers,,,,,,3921.0,0.0,0.0,0.0,0.0
cell1_ROI_dbscan_centers,cell1_ROI_dbscan_centers,,,,,,3922.0,0.0,0.0,0.0,0.0
cell1_ROI_dbscan_centers,cell1_ROI_dbscan_centers,,,,,,3923.0,0.0,0.0,0.0,1.0
cell1_ROI_dbscan_centers,cell1_ROI_dbscan_centers,,,,,,3924.0,0.0,0.0,0.0,0.0
cell1_ROI_dbscan_centers,cell1_ROI_dbscan_centers,,,,,,3925.0,1.0,2.0,0.0,0.0
cell1_ROI_dbscan_centers,cell1_ROI_dbscan_centers,,,,,,3926.0,0.0,0.0,0.0,0.0
cell1_ROI_dbscan_centers,cell1_ROI_dbscan_centers,,,,,,3927.0,0.0,0.0,0.0,0.0
cell1_ROI_dbscan_centers,cell1_ROI_dbscan_centers,,,,,,3928.0,0.0,0.0,0.0,0.0
cell1_ROI_dbscan_centers,cell1_ROI_dbscan_centers,,,,,,3929.0,0.0,0.0,0.0,0.0
cell1_ROI_dbscan_centers,cell1_ROI_dbscan_centers,,,,,,3930.0,0.0,2.0,0.0,1.0
cell1_ROI_dbscan_centers,cell1_ROI_dbscan_centers,,,,,,3931.0,0.0,0.0,0.0,0.0
cell1_ROI_dbscan_centers,cell1_ROI_dbscan_centers,,,,,,3932.0,0.0,0.0,0.0,0.0
cell1_ROI_dbscan_centers,cell1_ROI_dbscan_centers,,,,,,3933.0,0.0,0.0,0.0,0.0
cell1_ROI_dbscan_centers,cell1_ROI_dbscan_centers,,,,,,3934.0,0.0,1.0,0.0,0.0
cell1_ROI_dbscan_centers,cell1_ROI_dbscan_centers,,,,,,3935.0,0.0,0.0,0.0,0.0
cell1_ROI_dbscan_centers,cell1_ROI_dbscan_centers,,,,,,3936.0,0.0,0.0,0.0,1.0
cell1_ROI_dbscan_centers,cell1_ROI_dbscan_centers,,,,,,3937.0,0.0,0.0,0.0,1.0
cell1_ROI_dbscan_centers,cell1_ROI_dbscan_centers,,,,,,3938.0,0.0,0.0,0.0,1.0
cell1_ROI_dbscan_centers,cell1_ROI_dbscan_centers,,,,,,3939.0,0.0,0.0,0.0,0.0
cell1_ROI_dbscan_centers,cell1_ROI_dbscan_centers,,,,,,3940.0,0.0,0.0,0.0,0.0
cell1_ROI_dbscan_centers,cell1_ROI_dbscan_centers,,,,,,3941.0,0.0,0.0,0.0,0.0
cell1_ROI_dbscan_centers,cell1_ROI_dbscan_centers,,,,,,3942.0,0.0,0.0,0.0,0.0
cell1_ROI_dbscan_centers,cell1_ROI_dbscan_centers,,,,,,3943.0,1.0,1.0,0.0,0.0
cell1_ROI_dbscan_centers,cell1_ROI_dbscan_centers,,,,,,3944.0,0.0,0.0,0.0,0.0
cell1_ROI_dbscan_centers,cell1_ROI_dbscan_centers,,,,,,3945.0,0.0,0.0,0.0,0.0
cell1_ROI_dbscan_centers,cell1_ROI_dbscan_centers,,,,,,3946.0,1.0,1.0,0.0,0.0
cell1_ROI_dbscan_centers,cell1_ROI_dbscan_centers,,,,,,3947.0,0.0,1.0,0.0,0.0
cell1_ROI_dbscan_centers,cell1_ROI_dbscan_centers,,,,,,3948.0,0.0,0.0,0.0,0.0
cell1_ROI_dbscan_centers,cell1_ROI_dbscan_centers,,,,,,3949.0,1.0,1.0,0.0,0.0
cell1_ROI_dbscan_centers,cell1_ROI_dbscan_centers,,,,,,3950.0,1.0,1.0,0.0,0.0
cell1_ROI_dbscan_centers,cell1_ROI_dbscan_centers,,,,,,3951.0,0.0,0.0,0.0,0.0
cell1_ROI_dbscan_centers,cell1_ROI_dbscan_centers,,,,,,3952.0,0.0,0.0,0.0,0.0
cell1_ROI_dbscan_centers,cell1_ROI_dbscan_centers,,,,,,3953.0,0.0,0.0,0.0,0.0
cell1_ROI_dbscan_centers,cell1_ROI_dbscan_centers,,,,,,3954.0,0.0,1.0,0.0,0.0
cell1_ROI_dbscan_centers,cell1_ROI_dbscan_centers,,,,,,3955.0,0.0,0.0,0.0,0.0
cell1_ROI_dbscan_centers,cell1_ROI_dbscan_centers,,,,,,3956.0,0.0,0.0,0.0,0.0
cell1_ROI_dbscan_centers,cell1_ROI_dbscan_centers,,,,,,3957.0,0.0,0.0,0.0,0.0
cell1_ROI_dbscan_centers,cell1_ROI_dbscan_centers,,,,,,3958.0,0.0,0.0,0.0,0.0
cell1_ROI_dbscan_centers,cell1_ROI_dbscan_centers,,,,,,3959.0,1.0,0.0,0.0,0.0
cell1_ROI_dbscan_centers,cell1_ROI_dbscan_centers,,,,,,3960.0,0.0,0.0,1.0,0.0
cell1_ROI_dbscan_centers,cell1_ROI_dbscan_centers,,,,,,3961.0,0.0,0.0,0.0,0.0
cell1_ROI_dbscan_centers,cell1_ROI_dbscan_centers,,,,,,3962.0,0.0,1.0,1.0,0.0
cell1_ROI_dbscan_centers,cell1_ROI_dbscan_centers,,,,,,3963.0,0.0,0.0,0.0,0.0
cell1_ROI_dbscan_centers,cell1_ROI_dbscan_centers,,,,,,3964.0,0.0,0.0,0.0,0.0
cell1_ROI_dbscan_centers,cell1_ROI_dbscan_centers,,,,,,3965.0,0.0,0.0,0.0,1.0
cell1_ROI_dbscan_centers,cell1_ROI_dbscan_centers,,,,,,3966.0,0.0,3.0,0.0,0.0
cell1_ROI_dbscan_centers,cell1_ROI_dbscan_centers,,,,,,3967.0,1.0,0.0,0.0,0.0
cell1_ROI_dbscan_centers,cell1_ROI_dbscan_centers,,,,,,3968.0,0.0,0.0,0.0,0.0
cell1_ROI_dbscan_centers,cell1_ROI_dbscan_centers,,,,,,3969.0,0.0,0.0,0.0,0.0
cell1_ROI_dbscan_centers,cell1_ROI_dbscan_centers,,,,,,3970.0,0.0,0.0,0.0,0.0
cell1_ROI_dbscan_centers,cell1_ROI_dbscan_centers,,,,,,3971.0,0.0,0.0,0.0,0.0
cell1_ROI_dbscan_centers,cell1_ROI_dbscan_centers,,,,,,3972.0,0.0,0.0,0.0,0.0
cell1_ROI_dbscan_centers,cell1_ROI_dbscan_centers,,,,,,3973.0,0.0,0.0,0.0,0.0
cell1_ROI_dbscan_centers,cell1_ROI_dbscan_centers,,,,,,3974.0,0.0,0.0,0.0,0.0
cell1_ROI_dbscan_centers,cell1_ROI_dbscan_centers,,,,,,3975.0,0.0,0.0,1.0,0.0
cell1_ROI_dbscan_centers,cell1_ROI_dbscan_centers,,,,,,3976.0,0.0,3.0,0.0,0.0
cell1_ROI_dbscan_centers,cell1_ROI_dbscan_centers,,,,,,3977.0,0.0,0.0,0.0,0.0
cell1_ROI_dbscan_centers,cell1_ROI_dbscan_centers,,,,,,3978.0,0.0,1.0,0.0,0.0
cell1_ROI_dbscan_centers,cell1_ROI_dbscan_centers,,,,,,3979.0,0.0,1.0,0.0,0.0
cell1_ROI_dbscan_centers,cell1_ROI_dbscan_centers,,,,,,3980.0,0.0,0.0,1.0,0.0
cell1_ROI_dbscan_centers,cell1_ROI_dbscan_centers,,,,,,3981.0,0.0,1.0,1.0,0.0
cell1_ROI_dbscan_centers,cell1_ROI_dbscan_centers,,,,,,3982.0,1.0,0.0,0.0,0.0
cell1_ROI_dbscan_centers,cell1_ROI_dbscan_centers,,,,,,3983.0,0.0,0.0,0.0,0.0
cell1_ROI_dbscan_centers,cell1_ROI_dbscan_centers,,,,,,3984.0,0.0,3.0,0.0,0.0
cell1_ROI_dbscan_centers,cell1_ROI_dbscan_centers,,,,,,3985.0,0.0,1.0,0.0,1.0
cell1_ROI_dbscan_centers,cell1_ROI_dbscan_centers,,,,,,3986.0,0.0,0.0,0.0,1.0
cell1_ROI_dbscan_centers,cell1_ROI_dbscan_centers,,,,,,3987.0,0.0,2.0,1.0,0.0
cell1_ROI_dbscan_centers,cell1_ROI_dbscan_centers,,,,,,3988.0,1.0,0.0,1.0,1.0
cell1_ROI_dbscan_centers,cell1_ROI_dbscan_centers,,,,,,3989.0,0.0,1.0,0.0,1.0
cell1_ROI_dbscan_centers,cell1_ROI_dbscan_centers,,,,,,3990.0,0.0,0.0,0.0,0.0
cell1_ROI_dbscan_centers,cell1_ROI_dbscan_centers,,,,,,3991.0,0.0,1.0,0.0,0.0
cell1_ROI_dbscan_centers,cell1_ROI_dbscan_centers,,,,,,3992.0,0.0,1.0,0.0,0.0
cell1_ROI_dbscan_centers,cell1_ROI_dbscan_centers,,,,,,3993.0,0.0,0.0,0.0,0.0
cell1_ROI_dbscan_centers,cell1_ROI_dbscan_centers,,,,,,3994.0,0.0,0.0,0.0,0.0
cell1_ROI_dbscan_centers,cell1_ROI_dbscan_centers,,,,,,3995.0,1.0,0.0,0.0,1.0
cell1_ROI_dbscan_centers,cell1_ROI_dbscan_centers,,,,,,3996.0,0.0,1.0,0.0,0.0
cell1_ROI_dbscan_centers,cell1_ROI_dbscan_centers,,,,,,3997.0,0.0,0.0,0.0,0.0
cell1_ROI_dbscan_centers,cell1_ROI_dbscan_centers,,,,,,3998.0,0.0,1.0,0.0,0.0
cell1_ROI_dbscan_centers,cell1_ROI_dbscan_centers,,,,,,3999.0,1.0,0.0,0.0,0.0
cell1_ROI_dbscan_centers,cell1_ROI_dbscan_centers,,,,,,4000.0,0.0,0.0,0.0,0.0
cell1_ROI_dbscan_centers,cell1_ROI_dbscan_centers,,,,,,4001.0,0.0,0.0,0.0,0.0
cell1_ROI_dbscan_centers,cell1_ROI_dbscan_centers,,,,,,4002.0,0.0,0.0,0.0,1.0
cell1_ROI_dbscan_centers,cell1_ROI_dbscan_centers,,,,,,4003.0,0.0,1.0,0.0,0.0
cell1_ROI_dbscan_centers,cell1_ROI_dbscan_centers,,,,,,4004.0,0.0,1.0,0.0,0.0
cell1_ROI_dbscan_centers,cell1_ROI_dbscan_centers,,,,,,4005.0,0.0,0.0,0.0,0.0
cell1_ROI_dbscan_centers,cell1_ROI_dbscan_centers,,,,,,4006.0,0.0,0.0,0.0,0.0
cell1_ROI_dbscan_centers,cell1_ROI_dbscan_centers,,,,,,4007.0,0.0,0.0,1.0,0.0
cell1_ROI_dbscan_centers,cell1_ROI_dbscan_centers,,,,,,4008.0,0.0,0.0,0.0,1.0
cell1_ROI_dbscan_centers,cell1_ROI_dbscan_centers,,,,,,4009.0,0.0,1.0,0.0,1.0
cell1_ROI_dbscan_centers,cell1_ROI_dbscan_centers,,,,,,4010.0,1.0,0.0,0.0,0.0
cell1_ROI_dbscan_centers,cell1_ROI_dbscan_centers,,,,,,4011.0,0.0,0.0,0.0,0.0
cell1_ROI_dbscan_centers,cell1_ROI_dbscan_centers,,,,,,4012.0,0.0,0.0,0.0,0.0
cell1_ROI_dbscan_centers,cell1_ROI_dbscan_centers,,,,,,4013.0,0.0,0.0,0.0,1.0
cell1_ROI_dbscan_centers,cell1_ROI_dbscan_centers,,,,,,4014.0,0.0,0.0,0.0,0.0
cell1_ROI_dbscan_centers,cell1_ROI_dbscan_centers,,,,,,4015.0,0.0,0.0,0.0,0.0
cell1_ROI_dbscan_centers,cell1_ROI_dbscan_centers,,,,,,4016.0,0.0,0.0,0.0,1.0
cell1_ROI_dbscan_centers,cell1_ROI_dbscan_centers,,,,,,4017.0,0.0,0.0,0.0,0.0
cell1_ROI_dbscan_centers,cell1_ROI_dbscan_centers,,,,,,4018.0,0.0,0.0,0.0,0.0
cell1_ROI_dbscan_centers,cell1_ROI_dbscan_centers,,,,,,4019.0,0.0,0.0,1.0,0.0
cell1_ROI_dbscan_centers,cell1_ROI_dbscan_centers,,,,,,4020.0,0.0,0.0,0.0,0.0
cell1_ROI_dbscan_centers,cell1_ROI_dbscan_centers,,,,,,4021.0,0.0,0.0,0.0,2.0
cell1_ROI_dbscan_centers,cell1_ROI_dbscan_centers,,,,,,4022.0,0.0,0.0,0.0,0.0
cell1_ROI_dbscan_centers,cell1_ROI_dbscan_centers,,,,,,4023.0,0.0,1.0,1.0,0.0
cell1_ROI_dbscan_centers,cell1_ROI_dbscan_centers,,,,,,4024.0,0.0,0.0,0.0,0.0
cell1_ROI_dbscan_centers,cell1_ROI_dbscan_centers,,,,,,4025.0,0.0,0.0,0.0,1.0
cell1_ROI_dbscan_centers,cell1_ROI_dbscan_centers,,,,,,4026.0,1.0,0.0,1.0,0.0
cell1_ROI_dbscan_centers,cell1_ROI_dbscan_centers,,,,,,4027.0,0.0,0.0,0.0,0.0
cell1_ROI_dbscan_centers,cell1_ROI_dbscan_centers,,,,,,4028.0,0.0,0.0,0.0,0.0
cell1_ROI_dbscan_centers,cell1_ROI_dbscan_centers,,,,,,4029.0,0.0,0.0,0.0,0.0
cell1_ROI_dbscan_centers,cell1_ROI_dbscan_centers,,,,,,4030.0,0.0,0.0,0.0,1.0
cell1_ROI_dbscan_centers,cell1_ROI_dbscan_centers,,,,,,4031.0,0.0,0.0,0.0,0.0
cell1_ROI_dbscan_centers,cell1_ROI_dbscan_centers,,,,,,4032.0,0.0,0.0,0.0,0.0
cell1_ROI_dbscan_centers,cell1_ROI_dbscan_centers,,,,,,4033.0,0.0,0.0,0.0,1.0
cell1_ROI_dbscan_centers,cell1_ROI_dbscan_centers,,,,,,4034.0,0.0,0.0,0.0,1.0
cell1_ROI_dbscan_centers,cell1_ROI_dbscan_centers,,,,,,4035.0,1.0,0.0,1.0,0.0
cell1_ROI_dbscan_centers,cell1_ROI_dbscan_centers,,,,,,4036.0,0.0,1.0,0.0,0.0
cell1_ROI_dbscan_centers,cell1_ROI_dbscan_centers,,,,,,4037.0,0.0,0.0,0.0,0.0
cell1_ROI_dbscan_centers,cell1_ROI_dbscan_centers,,,,,,4038.0,0.0,0.0,0.0,0.0
cell1_ROI_dbscan_centers,cell1_ROI_dbscan_centers,,,,,,4039.0,0.0,0.0,0.0,0.0
cell1_ROI_dbscan_centers,cell1_ROI_dbscan_centers,,,,,,4040.0,1.0,0.0,0.0,0.0
cell1_ROI_dbscan_centers,cell1_ROI_dbscan_centers,,,,,,4041.0,0.0,1.0,0.0,1.0
cell1_ROI_dbscan_centers,cell1_ROI_dbscan_centers,,,,,,4042.0,0.0,0.0,0.0,0.0
cell1_ROI_dbscan_centers,cell1_ROI_dbscan_centers,,,,,,4043.0,0.0,0.0,0.0,0.0
cell1_ROI_dbscan_centers,cell1_ROI_dbscan_centers,,,,,,4044.0,1.0,0.0,0.0,0.0
cell1_ROI_dbscan_centers,cell1_ROI_dbscan_centers,,,,,,4045.0,0.0,0.0,0.0,0.0
cell1_ROI_dbscan_centers,cell1_ROI_dbscan_centers,,,,,,4046.0,0.0,0.0,0.0,0.0
cell1_ROI_dbscan_centers,cell1_ROI_dbscan_centers,,,,,,4047.0,0.0,0.0,0.0,0.0
cell1_ROI_dbscan_centers,cell1_ROI_dbscan_centers,,,,,,4048.0,1.0,0.0,1.0,0.0
cell1_ROI_dbscan_centers,cell1_ROI_dbscan_centers,,,,,,4049.0,0.0,0.0,0.0,0.0
cell1_ROI_dbscan_centers,cell1_ROI_dbscan_centers,,,,,,4050.0,0.0,0.0,0.0,0.0
cell1_ROI_dbscan_centers,cell1_ROI_dbscan_centers,,,,,,4051.0,0.0,0.0,0.0,0.0
cell1_ROI_dbscan_centers,cell1_ROI_dbscan_centers,,,,,,4052.0,1.0,0.0,1.0,0.0
cell1_ROI_dbscan_centers,cell1_ROI_dbscan_centers,,,,,,4053.0,0.0,0.0,0.0,1.0
cell1_ROI_dbscan_centers,cell1_ROI_dbscan_centers,,,,,,4054.0,0.0,0.0,0.0,0.0
cell1_ROI_dbscan_centers,cell1_ROI_dbscan_centers,,,,,,4055.0,0.0,0.0,0.0,0.0
cell1_ROI_dbscan_centers,cell1_ROI_dbscan_centers,,,,,,4056.0,1.0,0.0,0.0,0.0
cell1_ROI_dbscan_centers,cell1_ROI_dbscan_centers,,,,,,4057.0,0.0,1.0,0.0,0.0
cell1_ROI_dbscan_centers,cell1_ROI_dbscan_centers,,,,,,4058.0,0.0,1.0,0.0,0.0
cell1_ROI_dbscan_centers,cell1_ROI_dbscan_centers,,,,,,4059.0,0.0,0.0,0.0,0.0
cell1_ROI_dbscan_centers,cell1_ROI_dbscan_centers,,,,,,4060.0,0.0,0.0,0.0,0.0
cell1_ROI_dbscan_centers,cell1_ROI_dbscan_centers,,,,,,4061.0,0.0,0.0,0.0,0.0
cell1_ROI_dbscan_centers,cell1_ROI_dbscan_centers,,,,,,4062.0,0.0,1.0,0.0,0.0
cell1_ROI_dbscan_centers,cell1_ROI_dbscan_centers,,,,,,4063.0,0.0,0.0,0.0,0.0
cell1_ROI_dbscan_centers,cell1_ROI_dbscan_centers,,,,,,4064.0,0.0,0.0,0.0,0.0
cell1_ROI_dbscan_centers,cell1_ROI_dbscan_centers,,,,,,4065.0,0.0,0.0,0.0,0.0
cell1_ROI_dbscan_centers,cell1_ROI_dbscan_centers,,,,,,4066.0,0.0,0.0,0.0,0.0
cell1_ROI_dbscan_centers,cell1_ROI_dbscan_centers,,,,,,4067.0,1.0,1.0,0.0,0.0
cell1_ROI_dbscan_centers,cell1_ROI_dbscan_centers,,,,,,4068.0,0.0,0.0,0.0,0.0
cell1_ROI_dbscan_centers,cell1_ROI_dbscan_centers,,,,,,4069.0,0.0,0.0,0.0,0.0
cell1_ROI_dbscan_centers,cell1_ROI_dbscan_centers,,,,,,4070.0,0.0,0.0,0.0,0.0
cell1_ROI_dbscan_centers,cell1_ROI_dbscan_centers,,,,,,4071.0,0.0,0.0,0.0,0.0
cell1_ROI_dbscan_centers,cell1_ROI_dbscan_centers,,,,,,4072.0,0.0,0.0,0.0,0.0
cell1_ROI_dbscan_centers,cell1_ROI_dbscan_centers,,,,,,4073.0,0.0,0.0,0.0,1.0
cell1_ROI_dbscan_centers,cell1_ROI_dbscan_centers,,,,,,4074.0,1.0,1.0,0.0,0.0
cell1_ROI_dbscan_centers,cell1_ROI_dbscan_centers,,,,,,4075.0,0.0,0.0,0.0,0.0
cell1_ROI_dbscan_centers,cell1_ROI_dbscan_centers,,,,,,4076.0,0.0,0.0,0.0,0.0
cell1_ROI_dbscan_centers,cell1_ROI_dbscan_centers,,,,,,4077.0,0.0,0.0,0.0,0.0
cell1_ROI_dbscan_centers,cell1_ROI_dbscan_centers,,,,,,4078.0,0.0,0.0,0.0,0.0
cell1_ROI_dbscan_centers,cell1_ROI_dbscan_centers,,,,,,4079.0,1.0,0.0,0.0,0.0
cell1_ROI_dbscan_centers,cell1_ROI_dbscan_centers,,,,,,4080.0,0.0,0.0,0.0,0.0
cell1_ROI_dbscan_centers,cell1_ROI_dbscan_centers,,,,,,4081.0,0.0,0.0,0.0,1.0
cell1_ROI_dbscan_centers,cell1_ROI_dbscan_centers,,,,,,4082.0,0.0,0.0,0.0,0.0
cell1_ROI_dbscan_centers,cell1_ROI_dbscan_centers,,,,,,4083.0,0.0,0.0,0.0,1.0
cell1_ROI_dbscan_centers,cell1_ROI_dbscan_centers,,,,,,4084.0,0.0,0.0,0.0,0.0
cell1_ROI_dbscan_centers,cell1_ROI_dbscan_centers,,,,,,4085.0,1.0,1.0,0.0,0.0
cell1_ROI_dbscan_centers,cell1_ROI_dbscan_centers,,,,,,4086.0,0.0,0.0,0.0,1.0
cell1_ROI_dbscan_centers,cell1_ROI_dbscan_centers,,,,,,4087.0,0.0,0.0,0.0,0.0
cell1_ROI_dbscan_centers,cell1_ROI_dbscan_centers,,,,,,4088.0,0.0,1.0,0.0,0.0
cell1_ROI_dbscan_centers,cell1_ROI_dbscan_centers,,,,,,4089.0,0.0,0.0,0.0,0.0
cell1_ROI_dbscan_centers,cell1_ROI_dbscan_centers,,,,,,4090.0,1.0,1.0,0.0,0.0
cell1_ROI_dbscan_centers,cell1_ROI_dbscan_centers,,,,,,4091.0,0.0,0.0,1.0,0.0
cell1_ROI_dbscan_centers,cell1_ROI_dbscan_centers,,,,,,4092.0,0.0,0.0,0.0,0.0
cell1_ROI_dbscan_centers,cell1_ROI_dbscan_centers,,,,,,4093.0,0.0,0.0,0.0,0.0
cell1_ROI_dbscan_centers,cell1_ROI_dbscan_centers,,,,,,4094.0,0.0,0.0,0.0,0.0
cell1_ROI_dbscan_centers,cell1_ROI_dbscan_centers,,,,,,4095.0,0.0,0.0,0.0,0.0
cell1_ROI_dbscan_centers,cell1_ROI_dbscan_centers,,,,,,4096.0,0.0,0.0,0.0,0.0
cell1_ROI_dbscan_centers,cell1_ROI_dbscan_centers,,,,,,4097.0,0.0,0.0,0.0,0.0
cell1_ROI_dbscan_centers,cell1_ROI_dbscan_centers,,,,,,4098.0,0.0,0.0,0.0,0.0
cell1_ROI_dbscan_centers,cell1_ROI_dbscan_centers,,,,,,4099.0,0.0,0.0,0.0,0.0
cell1_ROI_dbscan_centers,cell1_ROI_dbscan_centers,,,,,,4100.0,0.0,1.0,0.0,0.0
cell1_ROI_dbscan_centers,cell1_ROI_dbscan_centers,,,,,,4101.0,1.0,1.0,0.0,0.0
cell1_ROI_dbscan_centers,cell1_ROI_dbscan_centers,,,,,,4102.0,1.0,0.0,0.0,0.0
cell1_ROI_dbscan_centers,cell1_ROI_dbscan_centers,,,,,,4103.0,0.0,0.0,0.0,0.0
cell1_ROI_dbscan_centers,cell1_ROI_dbscan_centers,,,,,,4104.0,1.0,0.0,1.0,0.0
cell1_ROI_dbscan_centers,cell1_ROI_dbscan_centers,,,,,,4105.0,0.0,0.0,1.0,0.0
cell1_ROI_dbscan_centers,cell1_ROI_dbscan_centers,,,,,,4106.0,0.0,0.0,0.0,0.0
cell1_ROI_dbscan_centers,cell1_ROI_dbscan_centers,,,,,,4107.0,0.0,1.0,0.0,0.0
cell1_ROI_dbscan_centers,cell1_ROI_dbscan_centers,,,,,,4108.0,0.0,1.0,0.0,0.0
cell1_ROI_dbscan_centers,cell1_ROI_dbscan_centers,,,,,,4109.0,1.0,0.0,0.0,0.0
cell1_ROI_dbscan_centers,cell1_ROI_dbscan_centers,,,,,,4110.0,0.0,0.0,0.0,0.0
cell1_ROI_dbscan_centers,cell1_ROI_dbscan_centers,,,,,,4111.0,0.0,0.0,0.0,0.0
cell1_ROI_dbscan_centers,cell1_ROI_dbscan_centers,,,,,,4112.0,0.0,1.0,0.0,0.0
cell1_ROI_dbscan_centers,cell1_ROI_dbscan_centers,,,,,,4113.0,0.0,0.0,0.0,0.0
cell1_ROI_dbscan_centers,cell1_ROI_dbscan_centers,,,,,,4114.0,0.0,0.0,0.0,0.0
cell1_ROI_dbscan_centers,cell1_ROI_dbscan_centers,,,,,,4115.0,0.0,0.0,0.0,0.0
cell1_ROI_dbscan_centers,cell1_ROI_dbscan_centers,,,,,,4116.0,1.0,0.0,0.0,2.0
cell1_ROI_dbscan_centers,cell1_ROI_dbscan_centers,,,,,,4117.0,2.0,0.0,0.0,0.0
cell1_ROI_dbscan_centers,cell1_ROI_dbscan_centers,,,,,,4118.0,1.0,0.0,0.0,0.0
cell1_ROI_dbscan_centers,cell1_ROI_dbscan_centers,,,,,,4119.0,0.0,0.0,0.0,0.0
cell1_ROI_dbscan_centers,cell1_ROI_dbscan_centers,,,,,,4120.0,0.0,0.0,0.0,0.0
cell1_ROI_dbscan_centers,cell1_ROI_dbscan_centers,,,,,,4121.0,0.0,0.0,0.0,0.0
cell1_ROI_dbscan_centers,cell1_ROI_dbscan_centers,,,,,,4122.0,0.0,0.0,0.0,0.0
cell1_ROI_dbscan_centers,cell1_ROI_dbscan_centers,,,,,,4123.0,0.0,0.0,0.0,1.0
cell1_ROI_dbscan_centers,cell1_ROI_dbscan_centers,,,,,,4124.0,0.0,0.0,0.0,0.0
cell1_ROI_dbscan_centers,cell1_ROI_dbscan_centers,,,,,,4125.0,0.0,0.0,0.0,0.0
cell1_ROI_dbscan_centers,cell1_ROI_dbscan_centers,,,,,,4126.0,0.0,0.0,0.0,2.0
cell1_ROI_dbscan_centers,cell1_ROI_dbscan_centers,,,,,,4127.0,1.0,1.0,0.0,0.0
cell1_ROI_dbscan_centers,cell1_ROI_dbscan_centers,,,,,,4128.0,0.0,0.0,0.0,0.0
cell1_ROI_dbscan_centers,cell1_ROI_dbscan_centers,,,,,,4129.0,0.0,0.0,0.0,2.0
cell1_ROI_dbscan_centers,cell1_ROI_dbscan_centers,,,,,,4130.0,1.0,0.0,0.0,1.0
cell1_ROI_dbscan_centers,cell1_ROI_dbscan_centers,,,,,,4131.0,0.0,0.0,0.0,0.0
cell1_ROI_dbscan_centers,cell1_ROI_dbscan_centers,,,,,,4132.0,1.0,1.0,0.0,0.0
cell1_ROI_dbscan_centers,cell1_ROI_dbscan_centers,,,,,,4133.0,0.0,0.0,0.0,0.0
cell1_ROI_dbscan_centers,cell1_ROI_dbscan_centers,,,,,,4134.0,0.0,0.0,0.0,0.0
cell1_ROI_dbscan_centers,cell1_ROI_dbscan_centers,,,,,,4135.0,0.0,0.0,0.0,0.0
cell1_ROI_dbscan_centers,cell1_ROI_dbscan_centers,,,,,,4136.0,0.0,0.0,0.0,1.0
cell1_ROI_dbscan_centers,cell1_ROI_dbscan_centers,,,,,,4137.0,0.0,0.0,0.0,0.0
cell1_ROI_dbscan_centers,cell1_ROI_dbscan_centers,,,,,,4138.0,1.0,1.0,0.0,0.0
cell1_ROI_dbscan_centers,cell1_ROI_dbscan_centers,,,,,,4139.0,0.0,0.0,0.0,0.0
cell1_ROI_dbscan_centers,cell1_ROI_dbscan_centers,,,,,,4140.0,0.0,0.0,0.0,0.0
cell1_ROI_dbscan_centers,cell1_ROI_dbscan_centers,,,,,,4141.0,0.0,0.0,1.0,0.0
cell1_ROI_dbscan_centers,cell1_ROI_dbscan_centers,,,,,,4142.0,0.0,0.0,1.0,0.0
cell1_ROI_dbscan_centers,cell1_ROI_dbscan_centers,,,,,,4143.0,0.0,1.0,0.0,1.0
cell1_ROI_dbscan_centers,cell1_ROI_dbscan_centers,,,,,,4144.0,0.0,2.0,1.0,0.0
cell1_ROI_dbscan_centers,cell1_ROI_dbscan_centers,,,,,,4145.0,0.0,0.0,0.0,0.0
cell1_ROI_dbscan_centers,cell1_ROI_dbscan_centers,,,,,,4146.0,0.0,0.0,0.0,0.0
cell1_ROI_dbscan_centers,cell1_ROI_dbscan_centers,,,,,,4147.0,0.0,0.0,0.0,0.0
cell1_ROI_dbscan_centers,cell1_ROI_dbscan_centers,,,,,,4148.0,0.0,0.0,1.0,0.0
cell1_ROI_dbscan_centers,cell1_ROI_dbscan_centers,,,,,,4149.0,0.0,1.0,0.0,0.0
cell1_ROI_dbscan_centers,cell1_ROI_dbscan_centers,,,,,,4150.0,0.0,0.0,0.0,0.0
cell1_ROI_dbscan_centers,cell1_ROI_dbscan_centers,,,,,,4151.0,0.0,1.0,0.0,0.0
cell1_ROI_dbscan_centers,cell1_ROI_dbscan_centers,,,,,,4152.0,0.0,0.0,0.0,0.0
cell1_ROI_dbscan_centers,cell1_ROI_dbscan_centers,,,,,,4153.0,0.0,0.0,1.0,0.0
cell1_ROI_dbscan_centers,cell1_ROI_dbscan_centers,,,,,,4154.0,0.0,0.0,0.0,0.0
cell1_ROI_dbscan_centers,cell1_ROI_dbscan_centers,,,,,,4155.0,0.0,1.0,0.0,0.0
cell1_ROI_dbscan_centers,cell1_ROI_dbscan_centers,,,,,,4156.0,1.0,0.0,1.0,0.0
cell1_ROI_dbscan_centers,cell1_ROI_dbscan_centers,,,,,,4157.0,1.0,0.0,0.0,0.0
cell1_ROI_dbscan_centers,cell1_ROI_dbscan_centers,,,,,,4158.0,0.0,0.0,0.0,1.0
cell1_ROI_dbscan_centers,cell1_ROI_dbscan_centers,,,,,,4159.0,1.0,0.0,0.0,0.0
cell1_ROI_dbscan_centers,cell1_ROI_dbscan_centers,,,,,,4160.0,0.0,0.0,0.0,0.0
cell1_ROI_dbscan_centers,cell1_ROI_dbscan_centers,,,,,,4161.0,0.0,1.0,0.0,1.0
cell1_ROI_dbscan_centers,cell1_ROI_dbscan_centers,,,,,,4162.0,0.0,0.0,0.0,0.0
cell1_ROI_dbscan_centers,cell1_ROI_dbscan_centers,,,,,,4163.0,1.0,1.0,0.0,0.0
cell1_ROI_dbscan_centers,cell1_ROI_dbscan_centers,,,,,,4164.0,0.0,0.0,1.0,0.0
cell1_ROI_dbscan_centers,cell1_ROI_dbscan_centers,,,,,,4165.0,0.0,1.0,0.0,0.0
cell1_ROI_dbscan_centers,cell1_ROI_dbscan_centers,,,,,,4166.0,0.0,0.0,0.0,0.0
cell1_ROI_dbscan_centers,cell1_ROI_dbscan_centers,,,,,,4167.0,0.0,0.0,0.0,0.0
cell1_ROI_dbscan_centers,cell1_ROI_dbscan_centers,,,,,,4168.0,0.0,0.0,0.0,0.0
cell1_ROI_dbscan_centers,cell1_ROI_dbscan_centers,,,,,,4169.0,0.0,0.0,0.0,0.0
cell1_ROI_dbscan_centers,cell1_ROI_dbscan_centers,,,,,,4170.0,0.0,0.0,0.0,0.0
cell1_ROI_dbscan_centers,cell1_ROI_dbscan_centers,,,,,,4171.0,0.0,0.0,0.0,0.0
cell1_ROI_dbscan_centers,cell1_ROI_dbscan_centers,,,,,,4172.0,1.0,1.0,0.0,0.0
cell1_ROI_dbscan_centers,cell1_ROI_dbscan_centers,,,,,,4173.0,0.0,0.0,0.0,0.0
cell1_ROI_dbscan_centers,cell1_ROI_dbscan_centers,,,,,,4174.0,0.0,0.0,0.0,0.0
cell1_ROI_dbscan_centers,cell1_ROI_dbscan_centers,,,,,,4175.0,0.0,0.0,0.0,1.0
cell1_ROI_dbscan_centers,cell1_ROI_dbscan_centers,,,,,,4176.0,0.0,0.0,0.0,0.0
cell1_ROI_dbscan_centers,cell1_ROI_dbscan_centers,,,,,,4177.0,0.0,0.0,0.0,0.0
cell1_ROI_dbscan_centers,cell1_ROI_dbscan_centers,,,,,,4178.0,0.0,0.0,0.0,0.0
cell1_ROI_dbscan_centers,cell1_ROI_dbscan_centers,,,,,,4179.0,0.0,0.0,0.0,0.0
cell1_ROI_dbscan_centers,cell1_ROI_dbscan_centers,,,,,,4180.0,0.0,0.0,0.0,0.0
cell1_ROI_dbscan_centers,cell1_ROI_dbscan_centers,,,,,,4181.0,0.0,0.0,0.0,0.0
cell1_ROI_dbscan_centers,cell1_ROI_dbscan_centers,,,,,,4182.0,1.0,0.0,0.0,1.0
cell1_ROI_dbscan_centers,cell1_ROI_dbscan_centers,,,,,,4183.0,0.0,0.0,0.0,0.0
cell1_ROI_dbscan_centers,cell1_ROI_dbscan_centers,,,,,,4184.0,0.0,0.0,0.0,0.0
cell1_ROI_dbscan_centers,cell1_ROI_dbscan_centers,,,,,,4185.0,1.0,0.0,0.0,0.0
cell1_ROI_dbscan_centers,cell1_ROI_dbscan_centers,,,,,,4186.0,0.0,0.0,0.0,0.0
cell1_ROI_dbscan_centers,cell1_ROI_dbscan_centers,,,,,,4187.0,0.0,0.0,0.0,0.0
cell1_ROI_dbscan_centers,cell1_ROI_dbscan_centers,,,,,,4188.0,0.0,0.0,0.0,0.0
cell1_ROI_dbscan_centers,cell1_ROI_dbscan_centers,,,,,,4189.0,1.0,0.0,0.0,0.0
cell1_ROI_dbscan_centers,cell1_ROI_dbscan_centers,,,,,,4190.0,0.0,0.0,0.0,2.0
cell1_ROI_dbscan_centers,cell1_ROI_dbscan_centers,,,,,,4191.0,0.0,0.0,0.0,0.0
cell1_ROI_dbscan_centers,cell1_ROI_dbscan_centers,,,,,,4192.0,0.0,0.0,0.0,1.0
cell1_ROI_dbscan_centers,cell1_ROI_dbscan_centers,,,,,,4193.0,0.0,0.0,0.0,0.0
cell1_ROI_dbscan_centers,cell1_ROI_dbscan_centers,,,,,,4194.0,0.0,0.0,1.0,0.0
cell1_ROI_dbscan_centers,cell1_ROI_dbscan_centers,,,,,,4195.0,0.0,0.0,0.0,0.0
cell1_ROI_dbscan_centers,cell1_ROI_dbscan_centers,,,,,,4196.0,0.0,0.0,0.0,0.0
cell1_ROI_dbscan_centers,cell1_ROI_dbscan_centers,,,,,,4197.0,0.0,0.0,0.0,0.0
cell1_ROI_dbscan_centers,cell1_ROI_dbscan_centers,,,,,,4198.0,0.0,2.0,0.0,0.0
cell1_ROI_dbscan_centers,cell1_ROI_dbscan_centers,,,,,,4199.0,1.0,0.0,0.0,0.0
cell1_ROI_dbscan_centers,cell1_ROI_dbscan_centers,,,,,,4200.0,0.0,0.0,0.0,0.0
cell1_ROI_dbscan_centers,cell1_ROI_dbscan_centers,,,,,,4201.0,0.0,1.0,0.0,0.0
cell1_ROI_dbscan_centers,cell1_ROI_dbscan_centers,,,,,,4202.0,0.0,0.0,0.0,0.0
cell1_ROI_dbscan_centers,cell1_ROI_dbscan_centers,,,,,,4203.0,0.0,0.0,0.0,0.0
cell1_ROI_dbscan_centers,cell1_ROI_dbscan_centers,,,,,,4204.0,1.0,0.0,0.0,0.0
cell1_ROI_dbscan_centers,cell1_ROI_dbscan_centers,,,,,,4205.0,0.0,0.0,0.0,0.0
cell1_ROI_dbscan_centers,cell1_ROI_dbscan_centers,,,,,,4206.0,0.0,0.0,0.0,0.0
cell1_ROI_dbscan_centers,cell1_ROI_dbscan_centers,,,,,,4207.0,0.0,1.0,0.0,0.0
cell1_ROI_dbscan_centers,cell1_ROI_dbscan_centers,,,,,,4208.0,0.0,0.0,0.0,1.0
cell1_ROI_dbscan_centers,cell1_ROI_dbscan_centers,,,,,,4209.0,0.0,0.0,0.0,0.0
cell1_ROI_dbscan_centers,cell1_ROI_dbscan_centers,,,,,,4210.0,0.0,1.0,1.0,0.0
cell1_ROI_dbscan_centers,cell1_ROI_dbscan_centers,,,,,,4211.0,1.0,1.0,0.0,0.0
cell1_ROI_dbscan_centers,cell1_ROI_dbscan_centers,,,,,,4212.0,1.0,1.0,0.0,0.0
cell1_ROI_dbscan_centers,cell1_ROI_dbscan_centers,,,,,,4213.0,1.0,0.0,0.0,0.0
cell1_ROI_dbscan_centers,cell1_ROI_dbscan_centers,,,,,,4214.0,1.0,0.0,0.0,1.0
cell1_ROI_dbscan_centers,cell1_ROI_dbscan_centers,,,,,,4215.0,0.0,0.0,0.0,0.0
cell1_ROI_dbscan_centers,cell1_ROI_dbscan_centers,,,,,,4216.0,1.0,0.0,1.0,0.0
cell1_ROI_dbscan_centers,cell1_ROI_dbscan_centers,,,,,,4217.0,0.0,0.0,0.0,0.0
cell1_ROI_dbscan_centers,cell1_ROI_dbscan_centers,,,,,,4218.0,0.0,0.0,0.0,0.0
cell1_ROI_dbscan_centers,cell1_ROI_dbscan_centers,,,,,,4219.0,1.0,1.0,0.0,0.0
cell1_ROI_dbscan_centers,cell1_ROI_dbscan_centers,,,,,,4220.0,0.0,0.0,1.0,1.0
cell1_ROI_dbscan_centers,cell1_ROI_dbscan_centers,,,,,,4221.0,0.0,0.0,0.0,0.0
cell1_ROI_dbscan_centers,cell1_ROI_dbscan_centers,,,,,,4222.0,1.0,1.0,0.0,0.0
cell1_ROI_dbscan_centers,cell1_ROI_dbscan_centers,,,,,,4223.0,0.0,0.0,0.0,0.0
cell1_ROI_dbscan_centers,cell1_ROI_dbscan_centers,,,,,,4224.0,0.0,1.0,0.0,0.0
cell1_ROI_dbscan_centers,cell1_ROI_dbscan_centers,,,,,,4225.0,0.0,0.0,0.0,0.0
cell1_ROI_dbscan_centers,cell1_ROI_dbscan_centers,,,,,,4226.0,0.0,0.0,1.0,1.0
cell1_ROI_dbscan_centers,cell1_ROI_dbscan_centers,,,,,,4227.0,1.0,1.0,0.0,0.0
cell1_ROI_dbscan_centers,cell1_ROI_dbscan_centers,,,,,,4228.0,1.0,0.0,0.0,0.0
cell1_ROI_dbscan_centers,cell1_ROI_dbscan_centers,,,,,,4229.0,0.0,0.0,1.0,1.0
cell1_ROI_dbscan_centers,cell1_ROI_dbscan_centers,,,,,,4230.0,0.0,0.0,0.0,2.0
cell1_ROI_dbscan_centers,cell1_ROI_dbscan_centers,,,,,,4231.0,0.0,0.0,0.0,0.0
cell1_ROI_dbscan_centers,cell1_ROI_dbscan_centers,,,,,,4232.0,0.0,0.0,0.0,1.0
cell1_ROI_dbscan_centers,cell1_ROI_dbscan_centers,,,,,,4233.0,0.0,0.0,0.0,0.0
cell1_ROI_dbscan_centers,cell1_ROI_dbscan_centers,,,,,,4234.0,1.0,0.0,0.0,0.0
cell1_ROI_dbscan_centers,cell1_ROI_dbscan_centers,,,,,,4235.0,0.0,0.0,0.0,0.0
cell1_ROI_dbscan_centers,cell1_ROI_dbscan_centers,,,,,,4236.0,0.0,0.0,0.0,0.0
cell1_ROI_dbscan_centers,cell1_ROI_dbscan_centers,,,,,,4237.0,1.0,0.0,0.0,0.0
cell1_ROI_dbscan_centers,cell1_ROI_dbscan_centers,,,,,,4238.0,1.0,0.0,0.0,0.0
cell1_ROI_dbscan_centers,cell1_ROI_dbscan_centers,,,,,,4239.0,0.0,0.0,0.0,0.0
cell1_ROI_dbscan_centers,cell1_ROI_dbscan_centers,,,,,,4240.0,0.0,3.0,0.0,0.0
cell1_ROI_dbscan_centers,cell1_ROI_dbscan_centers,,,,,,4241.0,0.0,0.0,0.0,0.0
cell1_ROI_dbscan_centers,cell1_ROI_dbscan_centers,,,,,,4242.0,0.0,0.0,0.0,0.0
cell1_ROI_dbscan_centers,cell1_ROI_dbscan_centers,,,,,,4243.0,0.0,0.0,0.0,0.0
cell1_ROI_dbscan_centers,cell1_ROI_dbscan_centers,,,,,,4244.0,0.0,0.0,0.0,0.0
cell1_ROI_dbscan_centers,cell1_ROI_dbscan_centers,,,,,,4245.0,0.0,0.0,0.0,0.0
cell1_ROI_dbscan_centers,cell1_ROI_dbscan_centers,,,,,,4246.0,0.0,0.0,1.0,2.0
cell1_ROI_dbscan_centers,cell1_ROI_dbscan_centers,,,,,,4247.0,0.0,0.0,0.0,0.0
cell1_ROI_dbscan_centers,cell1_ROI_dbscan_centers,,,,,,4248.0,1.0,0.0,0.0,0.0
cell1_ROI_dbscan_centers,cell1_ROI_dbscan_centers,,,,,,4249.0,0.0,1.0,0.0,0.0
cell1_ROI_dbscan_centers,cell1_ROI_dbscan_centers,,,,,,4250.0,1.0,0.0,0.0,0.0
cell1_ROI_dbscan_centers,cell1_ROI_dbscan_centers,,,,,,4251.0,0.0,0.0,0.0,1.0
cell1_ROI_dbscan_centers,cell1_ROI_dbscan_centers,,,,,,4252.0,0.0,0.0,0.0,1.0
cell1_ROI_dbscan_centers,cell1_ROI_dbscan_centers,,,,,,4253.0,0.0,0.0,0.0,0.0
cell1_ROI_dbscan_centers,cell1_ROI_dbscan_centers,,,,,,4254.0,0.0,1.0,0.0,0.0
cell1_ROI_dbscan_centers,cell1_ROI_dbscan_centers,,,,,,4255.0,0.0,0.0,0.0,0.0
cell1_ROI_dbscan_centers,cell1_ROI_dbscan_centers,,,,,,4256.0,1.0,3.0,0.0,0.0
cell1_ROI_dbscan_centers,cell1_ROI_dbscan_centers,,,,,,4257.0,0.0,2.0,0.0,1.0
cell1_ROI_dbscan_centers,cell1_ROI_dbscan_centers,,,,,,4258.0,0.0,1.0,0.0,0.0
cell1_ROI_dbscan_centers,cell1_ROI_dbscan_centers,,,,,,4259.0,0.0,0.0,0.0,0.0
cell1_ROI_dbscan_centers,cell1_ROI_dbscan_centers,,,,,,4260.0,0.0,0.0,0.0,0.0
cell1_ROI_dbscan_centers,cell1_ROI_dbscan_centers,,,,,,4261.0,1.0,0.0,0.0,0.0
cell1_ROI_dbscan_centers,cell1_ROI_dbscan_centers,,,,,,4262.0,0.0,0.0,0.0,0.0
cell1_ROI_dbscan_centers,cell1_ROI_dbscan_centers,,,,,,4263.0,0.0,0.0,0.0,1.0
cell1_ROI_dbscan_centers,cell1_ROI_dbscan_centers,,,,,,4264.0,0.0,0.0,0.0,0.0
cell1_ROI_dbscan_centers,cell1_ROI_dbscan_centers,,,,,,4265.0,0.0,0.0,0.0,0.0
cell1_ROI_dbscan_centers,cell1_ROI_dbscan_centers,,,,,,4266.0,0.0,0.0,0.0,0.0
cell1_ROI_dbscan_centers,cell1_ROI_dbscan_centers,,,,,,4267.0,0.0,0.0,0.0,0.0
cell1_ROI_dbscan_centers,cell1_ROI_dbscan_centers,,,,,,4268.0,0.0,0.0,0.0,0.0
cell1_ROI_dbscan_centers,cell1_ROI_dbscan_centers,,,,,,4269.0,0.0,0.0,0.0,0.0
cell1_ROI_dbscan_centers,cell1_ROI_dbscan_centers,,,,,,4270.0,0.0,0.0,0.0,0.0
cell1_ROI_dbscan_centers,cell1_ROI_dbscan_centers,,,,,,4271.0,0.0,0.0,0.0,0.0
cell1_ROI_dbscan_centers,cell1_ROI_dbscan_centers,,,,,,4272.0,0.0,0.0,1.0,0.0
cell1_ROI_dbscan_centers,cell1_ROI_dbscan_centers,,,,,,4273.0,0.0,0.0,0.0,0.0
cell1_ROI_dbscan_centers,cell1_ROI_dbscan_centers,,,,,,4274.0,0.0,0.0,0.0,1.0
cell1_ROI_dbscan_centers,cell1_ROI_dbscan_centers,,,,,,4275.0,0.0,0.0,0.0,1.0
cell1_ROI_dbscan_centers,cell1_ROI_dbscan_centers,,,,,,4276.0,0.0,0.0,0.0,0.0
cell1_ROI_dbscan_centers,cell1_ROI_dbscan_centers,,,,,,4277.0,1.0,1.0,0.0,0.0
cell1_ROI_dbscan_centers,cell1_ROI_dbscan_centers,,,,,,4278.0,0.0,0.0,0.0,1.0
cell1_ROI_dbscan_centers,cell1_ROI_dbscan_centers,,,,,,4279.0,0.0,0.0,0.0,0.0
cell1_ROI_dbscan_centers,cell1_ROI_dbscan_centers,,,,,,4280.0,0.0,1.0,0.0,0.0
cell1_ROI_dbscan_centers,cell1_ROI_dbscan_centers,,,,,,4281.0,0.0,0.0,0.0,0.0
cell1_ROI_dbscan_centers,cell1_ROI_dbscan_centers,,,,,,4282.0,0.0,0.0,0.0,0.0
cell1_ROI_dbscan_centers,cell1_ROI_dbscan_centers,,,,,,4283.0,0.0,0.0,0.0,0.0
cell1_ROI_dbscan_centers,cell1_ROI_dbscan_centers,,,,,,4284.0,0.0,0.0,0.0,0.0
cell1_ROI_dbscan_centers,cell1_ROI_dbscan_centers,,,,,,4285.0,0.0,0.0,0.0,0.0
cell1_ROI_dbscan_centers,cell1_ROI_dbscan_centers,,,,,,4286.0,1.0,0.0,1.0,0.0
cell1_ROI_dbscan_centers,cell1_ROI_dbscan_centers,,,,,,4287.0,0.0,0.0,0.0,1.0
cell1_ROI_dbscan_centers,cell1_ROI_dbscan_centers,,,,,,4288.0,0.0,0.0,0.0,0.0
cell1_ROI_dbscan_centers,cell1_ROI_dbscan_centers,,,,,,4289.0,0.0,0.0,0.0,1.0
cell1_ROI_dbscan_centers,cell1_ROI_dbscan_centers,,,,,,4290.0,0.0,0.0,0.0,0.0
cell1_ROI_dbscan_centers,cell1_ROI_dbscan_centers,,,,,,4291.0,1.0,0.0,0.0,0.0
cell1_ROI_dbscan_centers,cell1_ROI_dbscan_centers,,,,,,4292.0,0.0,0.0,0.0,0.0
cell1_ROI_dbscan_centers,cell1_ROI_dbscan_centers,,,,,,4293.0,0.0,0.0,0.0,0.0
cell1_ROI_dbscan_centers,cell1_ROI_dbscan_centers,,,,,,4294.0,1.0,0.0,0.0,0.0
cell1_ROI_dbscan_centers,cell1_ROI_dbscan_centers,,,,,,4295.0,0.0,0.0,0.0,0.0
cell1_ROI_dbscan_centers,cell1_ROI_dbscan_centers,,,,,,4296.0,0.0,2.0,1.0,0.0
cell1_ROI_dbscan_centers,cell1_ROI_dbscan_centers,,,,,,4297.0,0.0,0.0,1.0,0.0
cell1_ROI_dbscan_centers,cell1_ROI_dbscan_centers,,,,,,4298.0,0.0,0.0,0.0,0.0
cell1_ROI_dbscan_centers,cell1_ROI_dbscan_centers,,,,,,4299.0,0.0,0.0,1.0,0.0
cell1_ROI_dbscan_centers,cell1_ROI_dbscan_centers,,,,,,4300.0,0.0,0.0,0.0,0.0
cell1_ROI_dbscan_centers,cell1_ROI_dbscan_centers,,,,,,4301.0,0.0,0.0,1.0,0.0
cell1_ROI_dbscan_centers,cell1_ROI_dbscan_centers,,,,,,4302.0,0.0,0.0,0.0,0.0
cell1_ROI_dbscan_centers,cell1_ROI_dbscan_centers,,,,,,4303.0,0.0,1.0,0.0,1.0
cell1_ROI_dbscan_centers,cell1_ROI_dbscan_centers,,,,,,4304.0,1.0,1.0,0.0,0.0
cell1_ROI_dbscan_centers,cell1_ROI_dbscan_centers,,,,,,4305.0,1.0,0.0,0.0,0.0
cell1_ROI_dbscan_centers,cell1_ROI_dbscan_centers,,,,,,4306.0,0.0,0.0,0.0,0.0
cell1_ROI_dbscan_centers,cell1_ROI_dbscan_centers,,,,,,4307.0,1.0,1.0,0.0,0.0
cell1_ROI_dbscan_centers,cell1_ROI_dbscan_centers,,,,,,4308.0,1.0,0.0,0.0,0.0
cell1_ROI_dbscan_centers,cell1_ROI_dbscan_centers,,,,,,4309.0,0.0,0.0,0.0,1.0
cell1_ROI_dbscan_centers,cell1_ROI_dbscan_centers,,,,,,4310.0,0.0,0.0,0.0,0.0
cell1_ROI_dbscan_centers,cell1_ROI_dbscan_centers,,,,,,4311.0,0.0,0.0,0.0,0.0
cell1_ROI_dbscan_centers,cell1_ROI_dbscan_centers,,,,,,4312.0,0.0,1.0,0.0,0.0
cell1_ROI_dbscan_centers,cell1_ROI_dbscan_centers,,,,,,4313.0,0.0,1.0,0.0,0.0
cell1_ROI_dbscan_centers,cell1_ROI_dbscan_centers,,,,,,4314.0,0.0,0.0,0.0,1.0
cell1_ROI_dbscan_centers,cell1_ROI_dbscan_centers,,,,,,4315.0,0.0,1.0,0.0,0.0
cell1_ROI_dbscan_centers,cell1_ROI_dbscan_centers,,,,,,4316.0,0.0,0.0,0.0,0.0
cell1_ROI_dbscan_centers,cell1_ROI_dbscan_centers,,,,,,4317.0,0.0,0.0,0.0,1.0
cell1_ROI_dbscan_centers,cell1_ROI_dbscan_centers,,,,,,4318.0,0.0,0.0,0.0,1.0
cell1_ROI_dbscan_centers,cell1_ROI_dbscan_centers,,,,,,4319.0,0.0,0.0,0.0,0.0
cell1_ROI_dbscan_centers,cell1_ROI_dbscan_centers,,,,,,4320.0,1.0,0.0,0.0,0.0
cell1_ROI_dbscan_centers,cell1_ROI_dbscan_centers,,,,,,4321.0,0.0,0.0,0.0,0.0
cell1_ROI_dbscan_centers,cell1_ROI_dbscan_centers,,,,,,4322.0,0.0,0.0,0.0,0.0
cell1_ROI_dbscan_centers,cell1_ROI_dbscan_centers,,,,,,4323.0,0.0,1.0,1.0,0.0
cell1_ROI_dbscan_centers,cell1_ROI_dbscan_centers,,,,,,4324.0,0.0,0.0,0.0,0.0
cell1_ROI_dbscan_centers,cell1_ROI_dbscan_centers,,,,,,4325.0,0.0,0.0,0.0,0.0
cell1_ROI_dbscan_centers,cell1_ROI_dbscan_centers,,,,,,4326.0,0.0,0.0,0.0,0.0
cell1_ROI_dbscan_centers,cell1_ROI_dbscan_centers,,,,,,4327.0,0.0,0.0,0.0,0.0
cell1_ROI_dbscan_centers,cell1_ROI_dbscan_centers,,,,,,4328.0,1.0,0.0,0.0,0.0
cell1_ROI_dbscan_centers,cell1_ROI_dbscan_centers,,,,,,4329.0,0.0,0.0,0.0,0.0
cell1_ROI_dbscan_centers,cell1_ROI_dbscan_centers,,,,,,4330.0,0.0,0.0,1.0,0.0
cell1_ROI_dbscan_centers,cell1_ROI_dbscan_centers,,,,,,4331.0,0.0,0.0,0.0,0.0
cell1_ROI_dbscan_centers,cell1_ROI_dbscan_centers,,,,,,4332.0,0.0,0.0,0.0,0.0
cell1_ROI_dbscan_centers,cell1_ROI_dbscan_centers,,,,,,4333.0,0.0,0.0,0.0,1.0
cell1_ROI_dbscan_centers,cell1_ROI_dbscan_centers,,,,,,4334.0,0.0,0.0,0.0,1.0
cell1_ROI_dbscan_centers,cell1_ROI_dbscan_centers,,,,,,4335.0,0.0,0.0,0.0,0.0
cell1_ROI_dbscan_centers,cell1_ROI_dbscan_centers,,,,,,4336.0,0.0,1.0,0.0,1.0
cell1_ROI_dbscan_centers,cell1_ROI_dbscan_centers,,,,,,4337.0,0.0,0.0,0.0,0.0
cell1_ROI_dbscan_centers,cell1_ROI_dbscan_centers,,,,,,4338.0,0.0,0.0,0.0,0.0
cell1_ROI_dbscan_centers,cell1_ROI_dbscan_centers,,,,,,4339.0,0.0,0.0,0.0,0.0
cell1_ROI_dbscan_centers,cell1_ROI_dbscan_centers,,,,,,4340.0,0.0,1.0,1.0,0.0
cell1_ROI_dbscan_centers,cell1_ROI_dbscan_centers,,,,,,4341.0,0.0,0.0,0.0,0.0
cell1_ROI_dbscan_centers,cell1_ROI_dbscan_centers,,,,,,4342.0,0.0,0.0,0.0,0.0
cell1_ROI_dbscan_centers,cell1_ROI_dbscan_centers,,,,,,4343.0,1.0,0.0,0.0,0.0
cell1_ROI_dbscan_centers,cell1_ROI_dbscan_centers,,,,,,4344.0,0.0,0.0,1.0,0.0
cell1_ROI_dbscan_centers,cell1_ROI_dbscan_centers,,,,,,4345.0,0.0,0.0,0.0,1.0
cell1_ROI_dbscan_centers,cell1_ROI_dbscan_centers,,,,,,4346.0,0.0,0.0,0.0,0.0
cell1_ROI_dbscan_centers,cell1_ROI_dbscan_centers,,,,,,4347.0,1.0,0.0,0.0,0.0
cell1_ROI_dbscan_centers,cell1_ROI_dbscan_centers,,,,,,4348.0,0.0,0.0,0.0,0.0
cell1_ROI_dbscan_centers,cell1_ROI_dbscan_centers,,,,,,4349.0,0.0,0.0,0.0,0.0
cell1_ROI_dbscan_centers,cell1_ROI_dbscan_centers,,,,,,4350.0,0.0,1.0,0.0,0.0
cell1_ROI_dbscan_centers,cell1_ROI_dbscan_centers,,,,,,4351.0,2.0,1.0,0.0,0.0
cell1_ROI_dbscan_centers,cell1_ROI_dbscan_centers,,,,,,4352.0,0.0,1.0,0.0,0.0
cell1_ROI_dbscan_centers,cell1_ROI_dbscan_centers,,,,,,4353.0,0.0,0.0,0.0,1.0
cell1_ROI_dbscan_centers,cell1_ROI_dbscan_centers,,,,,,4354.0,0.0,0.0,0.0,0.0
cell1_ROI_dbscan_centers,cell1_ROI_dbscan_centers,,,,,,4355.0,0.0,0.0,0.0,0.0
cell1_ROI_dbscan_centers,cell1_ROI_dbscan_centers,,,,,,4356.0,1.0,1.0,0.0,0.0
cell1_ROI_dbscan_centers,cell1_ROI_dbscan_centers,,,,,,4357.0,0.0,0.0,0.0,0.0
cell1_ROI_dbscan_centers,cell1_ROI_dbscan_centers,,,,,,4358.0,0.0,0.0,0.0,0.0
cell1_ROI_dbscan_centers,cell1_ROI_dbscan_centers,,,,,,4359.0,0.0,0.0,0.0,0.0
cell1_ROI_dbscan_centers,cell1_ROI_dbscan_centers,,,,,,4360.0,0.0,0.0,0.0,0.0
cell1_ROI_dbscan_centers,cell1_ROI_dbscan_centers,,,,,,4361.0,0.0,0.0,0.0,0.0
cell1_ROI_dbscan_centers,cell1_ROI_dbscan_centers,,,,,,4362.0,0.0,0.0,0.0,0.0
cell1_ROI_dbscan_centers,cell1_ROI_dbscan_centers,,,,,,4363.0,0.0,0.0,1.0,0.0
cell1_ROI_dbscan_centers,cell1_ROI_dbscan_centers,,,,,,4364.0,0.0,0.0,0.0,0.0
cell1_ROI_dbscan_centers,cell1_ROI_dbscan_centers,,,,,,4365.0,1.0,1.0,0.0,0.0
cell1_ROI_dbscan_centers,cell1_ROI_dbscan_centers,,,,,,4366.0,0.0,0.0,0.0,0.0
cell1_ROI_dbscan_centers,cell1_ROI_dbscan_centers,,,,,,4367.0,0.0,1.0,1.0,1.0
cell1_ROI_dbscan_centers,cell1_ROI_dbscan_centers,,,,,,4368.0,0.0,2.0,0.0,0.0
cell1_ROI_dbscan_centers,cell1_ROI_dbscan_centers,,,,,,4369.0,0.0,1.0,0.0,0.0
cell1_ROI_dbscan_centers,cell1_ROI_dbscan_centers,,,,,,4370.0,0.0,0.0,0.0,1.0
cell1_ROI_dbscan_centers,cell1_ROI_dbscan_centers,,,,,,4371.0,0.0,2.0,0.0,0.0
cell1_ROI_dbscan_centers,cell1_ROI_dbscan_centers,,,,,,4372.0,2.0,0.0,0.0,0.0
cell1_ROI_dbscan_centers,cell1_ROI_dbscan_centers,,,,,,4373.0,0.0,0.0,0.0,0.0
cell1_ROI_dbscan_centers,cell1_ROI_dbscan_centers,,,,,,4374.0,0.0,0.0,0.0,0.0
cell1_ROI_dbscan_centers,cell1_ROI_dbscan_centers,,,,,,4375.0,1.0,0.0,0.0,0.0
cell1_ROI_dbscan_centers,cell1_ROI_dbscan_centers,,,,,,4376.0,0.0,0.0,0.0,1.0
cell1_ROI_dbscan_centers,cell1_ROI_dbscan_centers,,,,,,4377.0,0.0,0.0,0.0,0.0
cell1_ROI_dbscan_centers,cell1_ROI_dbscan_centers,,,,,,4378.0,1.0,0.0,0.0,0.0
cell1_ROI_dbscan_centers,cell1_ROI_dbscan_centers,,,,,,4379.0,0.0,0.0,0.0,0.0
cell1_ROI_dbscan_centers,cell1_ROI_dbscan_centers,,,,,,4380.0,1.0,0.0,0.0,0.0
cell1_ROI_dbscan_centers,cell1_ROI_dbscan_centers,,,,,,4381.0,0.0,2.0,0.0,0.0
cell1_ROI_dbscan_centers,cell1_ROI_dbscan_centers,,,,,,4382.0,1.0,1.0,0.0,0.0
cell1_ROI_dbscan_centers,cell1_ROI_dbscan_centers,,,,,,4383.0,0.0,0.0,0.0,0.0
cell1_ROI_dbscan_centers,cell1_ROI_dbscan_centers,,,,,,4384.0,1.0,0.0,1.0,0.0
cell1_ROI_dbscan_centers,cell1_ROI_dbscan_centers,,,,,,4385.0,0.0,0.0,0.0,0.0
cell1_ROI_dbscan_centers,cell1_ROI_dbscan_centers,,,,,,4386.0,0.0,1.0,0.0,1.0
cell1_ROI_dbscan_centers,cell1_ROI_dbscan_centers,,,,,,4387.0,0.0,0.0,0.0,0.0
cell1_ROI_dbscan_centers,cell1_ROI_dbscan_centers,,,,,,4388.0,0.0,0.0,0.0,0.0
cell1_ROI_dbscan_centers,cell1_ROI_dbscan_centers,,,,,,4389.0,0.0,0.0,0.0,0.0
cell1_ROI_dbscan_centers,cell1_ROI_dbscan_centers,,,,,,4390.0,0.0,0.0,0.0,1.0
cell1_ROI_dbscan_centers,cell1_ROI_dbscan_centers,,,,,,4391.0,0.0,0.0,0.0,0.0
cell1_ROI_dbscan_centers,cell1_ROI_dbscan_centers,,,,,,4392.0,0.0,0.0,0.0,0.0
cell1_ROI_dbscan_centers,cell1_ROI_dbscan_centers,,,,,,4393.0,0.0,2.0,0.0,0.0
cell1_ROI_dbscan_centers,cell1_ROI_dbscan_centers,,,,,,4394.0,0.0,0.0,0.0,0.0
cell1_ROI_dbscan_centers,cell1_ROI_dbscan_centers,,,,,,4395.0,1.0,1.0,0.0,0.0
cell1_ROI_dbscan_centers,cell1_ROI_dbscan_centers,,,,,,4396.0,1.0,0.0,0.0,0.0
cell1_ROI_dbscan_centers,cell1_ROI_dbscan_centers,,,,,,4397.0,0.0,0.0,1.0,0.0
cell1_ROI_dbscan_centers,cell1_ROI_dbscan_centers,,,,,,4398.0,0.0,0.0,1.0,0.0
cell1_ROI_dbscan_centers,cell1_ROI_dbscan_centers,,,,,,4399.0,1.0,0.0,0.0,0.0
cell1_ROI_dbscan_centers,cell1_ROI_dbscan_centers,,,,,,4400.0,0.0,1.0,0.0,0.0
cell1_ROI_dbscan_centers,cell1_ROI_dbscan_centers,,,,,,4401.0,0.0,0.0,0.0,0.0
cell1_ROI_dbscan_centers,cell1_ROI_dbscan_centers,,,,,,4402.0,1.0,0.0,0.0,0.0
cell1_ROI_dbscan_centers,cell1_ROI_dbscan_centers,,,,,,4403.0,0.0,1.0,0.0,0.0
cell1_ROI_dbscan_centers,cell1_ROI_dbscan_centers,,,,,,4404.0,0.0,0.0,0.0,0.0
cell1_ROI_dbscan_centers,cell1_ROI_dbscan_centers,,,,,,4405.0,0.0,0.0,0.0,0.0
cell1_ROI_dbscan_centers,cell1_ROI_dbscan_centers,,,,,,4406.0,0.0,0.0,0.0,0.0
cell1_ROI_dbscan_centers,cell1_ROI_dbscan_centers,,,,,,4407.0,0.0,0.0,1.0,0.0
cell1_ROI_dbscan_centers,cell1_ROI_dbscan_centers,,,,,,4408.0,1.0,0.0,0.0,0.0
cell1_ROI_dbscan_centers,cell1_ROI_dbscan_centers,,,,,,4409.0,0.0,0.0,0.0,0.0
cell1_ROI_dbscan_centers,cell1_ROI_dbscan_centers,,,,,,4410.0,0.0,0.0,0.0,1.0
cell1_ROI_dbscan_centers,cell1_ROI_dbscan_centers,,,,,,4411.0,0.0,0.0,0.0,0.0
cell1_ROI_dbscan_centers,cell1_ROI_dbscan_centers,,,,,,4412.0,1.0,1.0,0.0,0.0
cell1_ROI_dbscan_centers,cell1_ROI_dbscan_centers,,,,,,4413.0,0.0,0.0,0.0,1.0
cell1_ROI_dbscan_centers,cell1_ROI_dbscan_centers,,,,,,4414.0,0.0,1.0,0.0,0.0
cell1_ROI_dbscan_centers,cell1_ROI_dbscan_centers,,,,,,4415.0,0.0,0.0,0.0,0.0
cell1_ROI_dbscan_centers,cell1_ROI_dbscan_centers,,,,,,4416.0,0.0,1.0,1.0,0.0
cell1_ROI_dbscan_centers,cell1_ROI_dbscan_centers,,,,,,4417.0,0.0,0.0,0.0,1.0
cell1_ROI_dbscan_centers,cell1_ROI_dbscan_centers,,,,,,4418.0,0.0,0.0,0.0,0.0
cell1_ROI_dbscan_centers,cell1_ROI_dbscan_centers,,,,,,4419.0,0.0,0.0,0.0,0.0
cell1_ROI_dbscan_centers,cell1_ROI_dbscan_centers,,,,,,4420.0,0.0,0.0,0.0,1.0
cell1_ROI_dbscan_centers,cell1_ROI_dbscan_centers,,,,,,4421.0,1.0,0.0,0.0,0.0
cell1_ROI_dbscan_centers,cell1_ROI_dbscan_centers,,,,,,4422.0,0.0,0.0,0.0,0.0
cell1_ROI_dbscan_centers,cell1_ROI_dbscan_centers,,,,,,4423.0,0.0,0.0,0.0,0.0
cell1_ROI_dbscan_centers,cell1_ROI_dbscan_centers,,,,,,4424.0,0.0,0.0,0.0,0.0
cell1_ROI_dbscan_centers,cell1_ROI_dbscan_centers,,,,,,4425.0,1.0,0.0,0.0,0.0
cell1_ROI_dbscan_centers,cell1_ROI_dbscan_centers,,,,,,4426.0,1.0,0.0,0.0,0.0
cell1_ROI_dbscan_centers,cell1_ROI_dbscan_centers,,,,,,4427.0,1.0,0.0,0.0,1.0
cell1_ROI_dbscan_centers,cell1_ROI_dbscan_centers,,,,,,4428.0,0.0,0.0,0.0,0.0
cell1_ROI_dbscan_centers,cell1_ROI_dbscan_centers,,,,,,4429.0,0.0,1.0,0.0,0.0
cell1_ROI_dbscan_centers,cell1_ROI_dbscan_centers,,,,,,4430.0,0.0,1.0,0.0,0.0
cell1_ROI_dbscan_centers,cell1_ROI_dbscan_centers,,,,,,4431.0,0.0,0.0,0.0,0.0
cell1_ROI_dbscan_centers,cell1_ROI_dbscan_centers,,,,,,4432.0,0.0,0.0,0.0,1.0
cell1_ROI_dbscan_centers,cell1_ROI_dbscan_centers,,,,,,4433.0,0.0,0.0,0.0,0.0
cell1_ROI_dbscan_centers,cell1_ROI_dbscan_centers,,,,,,4434.0,0.0,0.0,0.0,1.0
cell1_ROI_dbscan_centers,cell1_ROI_dbscan_centers,,,,,,4435.0,0.0,0.0,0.0,1.0
cell1_ROI_dbscan_centers,cell1_ROI_dbscan_centers,,,,,,4436.0,0.0,0.0,0.0,0.0
cell1_ROI_dbscan_centers,cell1_ROI_dbscan_centers,,,,,,4437.0,0.0,0.0,0.0,0.0
cell1_ROI_dbscan_centers,cell1_ROI_dbscan_centers,,,,,,4438.0,0.0,0.0,0.0,0.0
cell1_ROI_dbscan_centers,cell1_ROI_dbscan_centers,,,,,,4439.0,0.0,0.0,0.0,1.0
cell1_ROI_dbscan_centers,cell1_ROI_dbscan_centers,,,,,,4440.0,1.0,0.0,0.0,0.0
cell1_ROI_dbscan_centers,cell1_ROI_dbscan_centers,,,,,,4441.0,0.0,0.0,1.0,1.0
cell1_ROI_dbscan_centers,cell1_ROI_dbscan_centers,,,,,,4442.0,0.0,1.0,0.0,0.0
cell1_ROI_dbscan_centers,cell1_ROI_dbscan_centers,,,,,,4443.0,1.0,0.0,0.0,0.0
cell1_ROI_dbscan_centers,cell1_ROI_dbscan_centers,,,,,,4444.0,0.0,0.0,0.0,0.0
cell1_ROI_dbscan_centers,cell1_ROI_dbscan_centers,,,,,,4445.0,1.0,0.0,0.0,1.0
cell1_ROI_dbscan_centers,cell1_ROI_dbscan_centers,,,,,,4446.0,0.0,0.0,0.0,0.0
cell1_ROI_dbscan_centers,cell1_ROI_dbscan_centers,,,,,,4447.0,0.0,1.0,0.0,1.0
cell1_ROI_dbscan_centers,cell1_ROI_dbscan_centers,,,,,,4448.0,0.0,1.0,0.0,0.0
cell1_ROI_dbscan_centers,cell1_ROI_dbscan_centers,,,,,,4449.0,0.0,0.0,0.0,0.0
cell1_ROI_dbscan_centers,cell1_ROI_dbscan_centers,,,,,,4450.0,0.0,2.0,0.0,0.0
cell1_ROI_dbscan_centers,cell1_ROI_dbscan_centers,,,,,,4451.0,1.0,1.0,1.0,0.0
cell1_ROI_dbscan_centers,cell1_ROI_dbscan_centers,,,,,,4452.0,0.0,0.0,0.0,1.0
cell1_ROI_dbscan_centers,cell1_ROI_dbscan_centers,,,,,,4453.0,0.0,0.0,0.0,1.0
cell1_ROI_dbscan_centers,cell1_ROI_dbscan_centers,,,,,,4454.0,0.0,0.0,0.0,0.0
cell1_ROI_dbscan_centers,cell1_ROI_dbscan_centers,,,,,,4455.0,0.0,1.0,0.0,0.0
cell1_ROI_dbscan_centers,cell1_ROI_dbscan_centers,,,,,,4456.0,0.0,0.0,0.0,0.0
cell1_ROI_dbscan_centers,cell1_ROI_dbscan_centers,,,,,,4457.0,1.0,0.0,0.0,0.0
cell1_ROI_dbscan_centers,cell1_ROI_dbscan_centers,,,,,,4458.0,0.0,0.0,0.0,0.0
cell1_ROI_dbscan_centers,cell1_ROI_dbscan_centers,,,,,,4459.0,0.0,0.0,0.0,0.0
cell1_ROI_dbscan_centers,cell1_ROI_dbscan_centers,,,,,,4460.0,0.0,0.0,0.0,0.0
cell1_ROI_dbscan_centers,cell1_ROI_dbscan_centers,,,,,,4461.0,0.0,1.0,0.0,0.0
cell1_ROI_dbscan_centers,cell1_ROI_dbscan_centers,,,,,,4462.0,0.0,0.0,0.0,0.0
cell1_ROI_dbscan_centers,cell1_ROI_dbscan_centers,,,,,,4463.0,0.0,2.0,0.0,1.0
cell1_ROI_dbscan_centers,cell1_ROI_dbscan_centers,,,,,,4464.0,0.0,0.0,0.0,2.0
cell1_ROI_dbscan_centers,cell1_ROI_dbscan_centers,,,,,,4465.0,0.0,0.0,0.0,0.0
cell1_ROI_dbscan_centers,cell1_ROI_dbscan_centers,,,,,,4466.0,0.0,0.0,0.0,0.0
cell1_ROI_dbscan_centers,cell1_ROI_dbscan_centers,,,,,,4467.0,0.0,0.0,0.0,0.0
cell1_ROI_dbscan_centers,cell1_ROI_dbscan_centers,,,,,,4468.0,0.0,0.0,0.0,1.0
cell1_ROI_dbscan_centers,cell1_ROI_dbscan_centers,,,,,,4469.0,0.0,0.0,0.0,0.0
cell1_ROI_dbscan_centers,cell1_ROI_dbscan_centers,,,,,,4470.0,0.0,0.0,0.0,0.0
cell1_ROI_dbscan_centers,cell1_ROI_dbscan_centers,,,,,,4471.0,0.0,1.0,0.0,0.0
cell1_ROI_dbscan_centers,cell1_ROI_dbscan_centers,,,,,,4472.0,1.0,1.0,0.0,0.0
cell1_ROI_dbscan_centers,cell1_ROI_dbscan_centers,,,,,,4473.0,0.0,1.0,0.0,0.0
cell1_ROI_dbscan_centers,cell1_ROI_dbscan_centers,,,,,,4474.0,0.0,0.0,0.0,0.0
cell1_ROI_dbscan_centers,cell1_ROI_dbscan_centers,,,,,,4475.0,0.0,0.0,0.0,0.0
cell1_ROI_dbscan_centers,cell1_ROI_dbscan_centers,,,,,,4476.0,0.0,1.0,0.0,0.0
cell1_ROI_dbscan_centers,cell1_ROI_dbscan_centers,,,,,,4477.0,1.0,0.0,0.0,1.0
cell1_ROI_dbscan_centers,cell1_ROI_dbscan_centers,,,,,,4478.0,0.0,0.0,1.0,0.0
cell1_ROI_dbscan_centers,cell1_ROI_dbscan_centers,,,,,,4479.0,0.0,1.0,0.0,0.0
cell1_ROI_dbscan_centers,cell1_ROI_dbscan_centers,,,,,,4480.0,0.0,0.0,0.0,0.0
cell1_ROI_dbscan_centers,cell1_ROI_dbscan_centers,,,,,,4481.0,0.0,1.0,0.0,2.0
cell1_ROI_dbscan_centers,cell1_ROI_dbscan_centers,,,,,,4482.0,0.0,0.0,0.0,0.0
cell1_ROI_dbscan_centers,cell1_ROI_dbscan_centers,,,,,,4483.0,0.0,1.0,0.0,0.0
cell1_ROI_dbscan_centers,cell1_ROI_dbscan_centers,,,,,,4484.0,0.0,0.0,0.0,1.0
cell1_ROI_dbscan_centers,cell1_ROI_dbscan_centers,,,,,,4485.0,0.0,0.0,0.0,0.0
cell1_ROI_dbscan_centers,cell1_ROI_dbscan_centers,,,,,,4486.0,0.0,0.0,0.0,1.0
cell1_ROI_dbscan_centers,cell1_ROI_dbscan_centers,,,,,,4487.0,1.0,0.0,0.0,0.0
cell1_ROI_dbscan_centers,cell1_ROI_dbscan_centers,,,,,,4488.0,0.0,1.0,0.0,1.0
cell1_ROI_dbscan_centers,cell1_ROI_dbscan_centers,,,,,,4489.0,0.0,0.0,0.0,1.0
cell1_ROI_dbscan_centers,cell1_ROI_dbscan_centers,,,,,,4490.0,0.0,1.0,0.0,1.0
cell1_ROI_dbscan_centers,cell1_ROI_dbscan_centers,,,,,,4491.0,0.0,1.0,0.0,1.0
cell1_ROI_dbscan_centers,cell1_ROI_dbscan_centers,,,,,,4492.0,0.0,1.0,0.0,0.0
cell1_ROI_dbscan_centers,cell1_ROI_dbscan_centers,,,,,,4493.0,0.0,0.0,0.0,0.0
cell1_ROI_dbscan_centers,cell1_ROI_dbscan_centers,,,,,,4494.0,0.0,0.0,0.0,0.0
cell1_ROI_dbscan_centers,cell1_ROI_dbscan_centers,,,,,,4495.0,0.0,0.0,0.0,0.0
cell1_ROI_dbscan_centers,cell1_ROI_dbscan_centers,,,,,,4496.0,0.0,1.0,0.0,0.0
cell1_ROI_dbscan_centers,cell1_ROI_dbscan_centers,,,,,,4497.0,0.0,1.0,0.0,0.0
cell1_ROI_dbscan_centers,cell1_ROI_dbscan_centers,,,,,,4498.0,0.0,0.0,0.0,0.0
cell1_ROI_dbscan_centers,cell1_ROI_dbscan_centers,,,,,,4499.0,0.0,0.0,0.0,0.0
cell1_ROI_dbscan_centers,cell1_ROI_dbscan_centers,,,,,,4500.0,0.0,0.0,0.0,0.0
cell1_ROI_dbscan_centers,cell1_ROI_dbscan_centers,,,,,,4501.0,0.0,1.0,0.0,0.0
cell1_ROI_dbscan_centers,cell1_ROI_dbscan_centers,,,,,,4502.0,0.0,0.0,0.0,0.0
cell1_ROI_dbscan_centers,cell1_ROI_dbscan_centers,,,,,,4503.0,0.0,0.0,1.0,0.0
cell1_ROI_dbscan_centers,cell1_ROI_dbscan_centers,,,,,,4504.0,0.0,0.0,0.0,1.0
cell1_ROI_dbscan_centers,cell1_ROI_dbscan_centers,,,,,,4505.0,0.0,0.0,0.0,0.0
cell1_ROI_dbscan_centers,cell1_ROI_dbscan_centers,,,,,,4506.0,0.0,0.0,0.0,0.0
cell1_ROI_dbscan_centers,cell1_ROI_dbscan_centers,,,,,,4507.0,0.0,0.0,0.0,0.0
cell1_ROI_dbscan_centers,cell1_ROI_dbscan_centers,,,,,,4508.0,0.0,0.0,0.0,0.0
cell1_ROI_dbscan_centers,cell1_ROI_dbscan_centers,,,,,,4509.0,2.0,3.0,0.0,0.0
cell1_ROI_dbscan_centers,cell1_ROI_dbscan_centers,,,,,,4510.0,1.0,2.0,0.0,0.0
cell1_ROI_dbscan_centers,cell1_ROI_dbscan_centers,,,,,,4511.0,0.0,0.0,0.0,0.0
cell1_ROI_dbscan_centers,cell1_ROI_dbscan_centers,,,,,,4512.0,0.0,0.0,0.0,0.0
cell1_ROI_dbscan_centers,cell1_ROI_dbscan_centers,,,,,,4513.0,0.0,0.0,0.0,0.0
cell1_ROI_dbscan_centers,cell1_ROI_dbscan_centers,,,,,,4514.0,0.0,0.0,0.0,0.0
cell1_ROI_dbscan_centers,cell1_ROI_dbscan_centers,,,,,,4515.0,0.0,0.0,0.0,0.0
cell1_ROI_dbscan_centers,cell1_ROI_dbscan_centers,,,,,,4516.0,0.0,0.0,0.0,0.0
cell1_ROI_dbscan_centers,cell1_ROI_dbscan_centers,,,,,,4517.0,1.0,0.0,0.0,0.0
cell1_ROI_dbscan_centers,cell1_ROI_dbscan_centers,,,,,,4518.0,1.0,1.0,0.0,0.0
cell1_ROI_dbscan_centers,cell1_ROI_dbscan_centers,,,,,,4519.0,0.0,0.0,0.0,0.0
cell1_ROI_dbscan_centers,cell1_ROI_dbscan_centers,,,,,,4520.0,1.0,0.0,0.0,0.0
cell1_ROI_dbscan_centers,cell1_ROI_dbscan_centers,,,,,,4521.0,0.0,1.0,0.0,0.0
cell1_ROI_dbscan_centers,cell1_ROI_dbscan_centers,,,,,,4522.0,0.0,1.0,0.0,0.0
cell1_ROI_dbscan_centers,cell1_ROI_dbscan_centers,,,,,,4523.0,0.0,0.0,0.0,0.0
cell1_ROI_dbscan_centers,cell1_ROI_dbscan_centers,,,,,,4524.0,0.0,0.0,0.0,0.0
cell1_ROI_dbscan_centers,cell1_ROI_dbscan_centers,,,,,,4525.0,0.0,0.0,0.0,0.0
cell1_ROI_dbscan_centers,cell1_ROI_dbscan_centers,,,,,,4526.0,0.0,0.0,0.0,0.0
cell1_ROI_dbscan_centers,cell1_ROI_dbscan_centers,,,,,,4527.0,1.0,0.0,0.0,0.0
cell1_ROI_dbscan_centers,cell1_ROI_dbscan_centers,,,,,,4528.0,0.0,0.0,1.0,0.0
cell1_ROI_dbscan_centers,cell1_ROI_dbscan_centers,,,,,,4529.0,0.0,1.0,0.0,0.0
cell1_ROI_dbscan_centers,cell1_ROI_dbscan_centers,,,,,,4530.0,1.0,1.0,0.0,0.0
cell1_ROI_dbscan_centers,cell1_ROI_dbscan_centers,,,,,,4531.0,0.0,0.0,0.0,0.0
cell1_ROI_dbscan_centers,cell1_ROI_dbscan_centers,,,,,,4532.0,0.0,0.0,0.0,0.0
cell1_ROI_dbscan_centers,cell1_ROI_dbscan_centers,,,,,,4533.0,0.0,0.0,0.0,0.0
cell1_ROI_dbscan_centers,cell1_ROI_dbscan_centers,,,,,,4534.0,0.0,0.0,0.0,0.0
cell1_ROI_dbscan_centers,cell1_ROI_dbscan_centers,,,,,,4535.0,1.0,0.0,0.0,0.0
cell1_ROI_dbscan_centers,cell1_ROI_dbscan_centers,,,,,,4536.0,0.0,0.0,0.0,0.0
cell1_ROI_dbscan_centers,cell1_ROI_dbscan_centers,,,,,,4537.0,0.0,1.0,0.0,0.0
cell1_ROI_dbscan_centers,cell1_ROI_dbscan_centers,,,,,,4538.0,1.0,0.0,0.0,0.0
cell1_ROI_dbscan_centers,cell1_ROI_dbscan_centers,,,,,,4539.0,1.0,0.0,0.0,1.0
cell1_ROI_dbscan_centers,cell1_ROI_dbscan_centers,,,,,,4540.0,0.0,0.0,0.0,0.0
cell1_ROI_dbscan_centers,cell1_ROI_dbscan_centers,,,,,,4541.0,0.0,0.0,1.0,0.0
cell1_ROI_dbscan_centers,cell1_ROI_dbscan_centers,,,,,,4542.0,0.0,1.0,0.0,0.0
cell1_ROI_dbscan_centers,cell1_ROI_dbscan_centers,,,,,,4543.0,0.0,0.0,0.0,0.0
cell1_ROI_dbscan_centers,cell1_ROI_dbscan_centers,,,,,,4544.0,0.0,0.0,0.0,0.0
cell1_ROI_dbscan_centers,cell1_ROI_dbscan_centers,,,,,,4545.0,0.0,0.0,0.0,0.0
cell1_ROI_dbscan_centers,cell1_ROI_dbscan_centers,,,,,,4546.0,1.0,0.0,0.0,0.0
cell1_ROI_dbscan_centers,cell1_ROI_dbscan_centers,,,,,,4547.0,0.0,0.0,0.0,0.0
cell1_ROI_dbscan_centers,cell1_ROI_dbscan_centers,,,,,,4548.0,1.0,0.0,0.0,0.0
cell1_ROI_dbscan_centers,cell1_ROI_dbscan_centers,,,,,,4549.0,0.0,1.0,0.0,0.0
cell1_ROI_dbscan_centers,cell1_ROI_dbscan_centers,,,,,,4550.0,0.0,0.0,0.0,0.0
cell1_ROI_dbscan_centers,cell1_ROI_dbscan_centers,,,,,,4551.0,0.0,0.0,0.0,0.0
cell1_ROI_dbscan_centers,cell1_ROI_dbscan_centers,,,,,,4552.0,0.0,0.0,0.0,0.0
cell1_ROI_dbscan_centers,cell1_ROI_dbscan_centers,,,,,,4553.0,0.0,0.0,0.0,0.0
cell1_ROI_dbscan_centers,cell1_ROI_dbscan_centers,,,,,,4554.0,1.0,0.0,0.0,0.0
cell1_ROI_dbscan_centers,cell1_ROI_dbscan_centers,,,,,,4555.0,0.0,0.0,0.0,1.0
cell1_ROI_dbscan_centers,cell1_ROI_dbscan_centers,,,,,,4556.0,0.0,0.0,0.0,0.0
cell1_ROI_dbscan_centers,cell1_ROI_dbscan_centers,,,,,,4557.0,0.0,0.0,0.0,1.0
cell1_ROI_dbscan_centers,cell1_ROI_dbscan_centers,,,,,,4558.0,0.0,0.0,0.0,0.0
cell1_ROI_dbscan_centers,cell1_ROI_dbscan_centers,,,,,,4559.0,1.0,1.0,0.0,0.0
cell1_ROI_dbscan_centers,cell1_ROI_dbscan_centers,,,,,,4560.0,0.0,0.0,0.0,0.0
cell1_ROI_dbscan_centers,cell1_ROI_dbscan_centers,,,,,,4561.0,1.0,0.0,0.0,0.0
cell1_ROI_dbscan_centers,cell1_ROI_dbscan_centers,,,,,,4562.0,0.0,0.0,0.0,0.0
cell1_ROI_dbscan_centers,cell1_ROI_dbscan_centers,,,,,,4563.0,0.0,0.0,1.0,0.0
cell1_ROI_dbscan_centers,cell1_ROI_dbscan_centers,,,,,,4564.0,0.0,0.0,0.0,1.0
cell1_ROI_dbscan_centers,cell1_ROI_dbscan_centers,,,,,,4565.0,1.0,0.0,0.0,0.0
cell1_ROI_dbscan_centers,cell1_ROI_dbscan_centers,,,,,,4566.0,0.0,0.0,0.0,0.0
cell1_ROI_dbscan_centers,cell1_ROI_dbscan_centers,,,,,,4567.0,0.0,0.0,0.0,0.0
cell1_ROI_dbscan_centers,cell1_ROI_dbscan_centers,,,,,,4568.0,0.0,0.0,0.0,1.0
cell1_ROI_dbscan_centers,cell1_ROI_dbscan_centers,,,,,,4569.0,0.0,0.0,0.0,0.0
cell1_ROI_dbscan_centers,cell1_ROI_dbscan_centers,,,,,,4570.0,1.0,0.0,0.0,0.0
cell1_ROI_dbscan_centers,cell1_ROI_dbscan_centers,,,,,,4571.0,0.0,0.0,0.0,0.0
cell1_ROI_dbscan_centers,cell1_ROI_dbscan_centers,,,,,,4572.0,0.0,0.0,0.0,0.0
cell1_ROI_dbscan_centers,cell1_ROI_dbscan_centers,,,,,,4573.0,0.0,0.0,0.0,2.0
cell1_ROI_dbscan_centers,cell1_ROI_dbscan_centers,,,,,,4574.0,0.0,0.0,0.0,0.0
cell1_ROI_dbscan_centers,cell1_ROI_dbscan_centers,,,,,,4575.0,0.0,0.0,0.0,0.0
cell1_ROI_dbscan_centers,cell1_ROI_dbscan_centers,,,,,,4576.0,0.0,0.0,0.0,0.0
cell1_ROI_dbscan_centers,cell1_ROI_dbscan_centers,,,,,,4577.0,0.0,0.0,0.0,0.0
cell1_ROI_dbscan_centers,cell1_ROI_dbscan_centers,,,,,,4578.0,0.0,1.0,1.0,0.0
cell1_ROI_dbscan_centers,cell1_ROI_dbscan_centers,,,,,,4579.0,1.0,0.0,0.0,0.0
cell1_ROI_dbscan_centers,cell1_ROI_dbscan_centers,,,,,,4580.0,0.0,1.0,0.0,0.0
cell1_ROI_dbscan_centers,cell1_ROI_dbscan_centers,,,,,,4581.0,0.0,0.0,0.0,0.0
cell1_ROI_dbscan_centers,cell1_ROI_dbscan_centers,,,,,,4582.0,0.0,1.0,0.0,0.0
cell1_ROI_dbscan_centers,cell1_ROI_dbscan_centers,,,,,,4583.0,0.0,0.0,0.0,1.0
cell1_ROI_dbscan_centers,cell1_ROI_dbscan_centers,,,,,,4584.0,0.0,2.0,0.0,0.0
cell1_ROI_dbscan_centers,cell1_ROI_dbscan_centers,,,,,,4585.0,0.0,0.0,0.0,0.0
cell1_ROI_dbscan_centers,cell1_ROI_dbscan_centers,,,,,,4586.0,0.0,1.0,0.0,1.0
cell1_ROI_dbscan_centers,cell1_ROI_dbscan_centers,,,,,,4587.0,0.0,0.0,0.0,0.0
cell1_ROI_dbscan_centers,cell1_ROI_dbscan_centers,,,,,,4588.0,0.0,0.0,1.0,0.0
cell1_ROI_dbscan_centers,cell1_ROI_dbscan_centers,,,,,,4589.0,0.0,0.0,0.0,0.0
cell1_ROI_dbscan_centers,cell1_ROI_dbscan_centers,,,,,,4590.0,0.0,0.0,1.0,0.0
cell1_ROI_dbscan_centers,cell1_ROI_dbscan_centers,,,,,,4591.0,0.0,0.0,0.0,0.0
cell1_ROI_dbscan_centers,cell1_ROI_dbscan_centers,,,,,,4592.0,0.0,1.0,0.0,0.0
cell1_ROI_dbscan_centers,cell1_ROI_dbscan_centers,,,,,,4593.0,0.0,1.0,0.0,0.0
cell1_ROI_dbscan_centers,cell1_ROI_dbscan_centers,,,,,,4594.0,0.0,0.0,0.0,0.0
cell1_ROI_dbscan_centers,cell1_ROI_dbscan_centers,,,,,,4595.0,0.0,0.0,0.0,0.0
cell1_ROI_dbscan_centers,cell1_ROI_dbscan_centers,,,,,,4596.0,0.0,1.0,0.0,0.0
cell1_ROI_dbscan_centers,cell1_ROI_dbscan_centers,,,,,,4597.0,0.0,0.0,0.0,0.0
cell1_ROI_dbscan_centers,cell1_ROI_dbscan_centers,,,,,,4598.0,0.0,0.0,0.0,0.0
cell1_ROI_dbscan_centers,cell1_ROI_dbscan_centers,,,,,,4599.0,0.0,0.0,0.0,0.0
cell1_ROI_dbscan_centers,cell1_ROI_dbscan_centers,,,,,,4600.0,0.0,0.0,0.0,0.0
cell1_ROI_dbscan_centers,cell1_ROI_dbscan_centers,,,,,,4601.0,1.0,0.0,0.0,0.0
cell1_ROI_dbscan_centers,cell1_ROI_dbscan_centers,,,,,,4602.0,0.0,0.0,0.0,0.0
cell1_ROI_dbscan_centers,cell1_ROI_dbscan_centers,,,,,,4603.0,0.0,0.0,0.0,0.0
cell1_ROI_dbscan_centers,cell1_ROI_dbscan_centers,,,,,,4604.0,0.0,1.0,0.0,0.0
cell1_ROI_dbscan_centers,cell1_ROI_dbscan_centers,,,,,,4605.0,0.0,1.0,0.0,0.0
cell1_ROI_dbscan_centers,cell1_ROI_dbscan_centers,,,,,,4606.0,0.0,0.0,0.0,1.0
cell1_ROI_dbscan_centers,cell1_ROI_dbscan_centers,,,,,,4607.0,1.0,0.0,0.0,0.0
cell1_ROI_dbscan_centers,cell1_ROI_dbscan_centers,,,,,,4608.0,0.0,0.0,0.0,1.0
cell1_ROI_dbscan_centers,cell1_ROI_dbscan_centers,,,,,,4609.0,0.0,0.0,0.0,0.0
cell1_ROI_dbscan_centers,cell1_ROI_dbscan_centers,,,,,,4610.0,0.0,0.0,0.0,0.0
cell1_ROI_dbscan_centers,cell1_ROI_dbscan_centers,,,,,,4611.0,0.0,0.0,0.0,0.0
cell1_ROI_dbscan_centers,cell1_ROI_dbscan_centers,,,,,,4612.0,0.0,0.0,0.0,1.0
cell1_ROI_dbscan_centers,cell1_ROI_dbscan_centers,,,,,,4613.0,1.0,0.0,0.0,0.0
cell1_ROI_dbscan_centers,cell1_ROI_dbscan_centers,,,,,,4614.0,0.0,1.0,1.0,1.0
cell1_ROI_dbscan_centers,cell1_ROI_dbscan_centers,,,,,,4615.0,0.0,0.0,0.0,1.0
cell1_ROI_dbscan_centers,cell1_ROI_dbscan_centers,,,,,,4616.0,0.0,0.0,0.0,1.0
cell1_ROI_dbscan_centers,cell1_ROI_dbscan_centers,,,,,,4617.0,0.0,0.0,1.0,0.0
cell1_ROI_dbscan_centers,cell1_ROI_dbscan_centers,,,,,,4618.0,0.0,0.0,0.0,0.0
cell1_ROI_dbscan_centers,cell1_ROI_dbscan_centers,,,,,,4619.0,0.0,0.0,0.0,1.0
cell1_ROI_dbscan_centers,cell1_ROI_dbscan_centers,,,,,,4620.0,0.0,0.0,0.0,0.0
cell1_ROI_dbscan_centers,cell1_ROI_dbscan_centers,,,,,,4621.0,0.0,1.0,0.0,0.0
cell1_ROI_dbscan_centers,cell1_ROI_dbscan_centers,,,,,,4622.0,1.0,0.0,0.0,0.0
cell1_ROI_dbscan_centers,cell1_ROI_dbscan_centers,,,,,,4623.0,0.0,0.0,1.0,0.0
cell1_ROI_dbscan_centers,cell1_ROI_dbscan_centers,,,,,,4624.0,0.0,0.0,1.0,1.0
cell1_ROI_dbscan_centers,cell1_ROI_dbscan_centers,,,,,,4625.0,0.0,0.0,0.0,0.0
cell1_ROI_dbscan_centers,cell1_ROI_dbscan_centers,,,,,,4626.0,0.0,0.0,0.0,0.0
cell1_ROI_dbscan_centers,cell1_ROI_dbscan_centers,,,,,,4627.0,0.0,1.0,0.0,0.0
cell1_ROI_dbscan_centers,cell1_ROI_dbscan_centers,,,,,,4628.0,0.0,0.0,0.0,0.0
cell1_ROI_dbscan_centers,cell1_ROI_dbscan_centers,,,,,,4629.0,1.0,0.0,0.0,0.0
cell1_ROI_dbscan_centers,cell1_ROI_dbscan_centers,,,,,,4630.0,0.0,0.0,0.0,0.0
cell1_ROI_dbscan_centers,cell1_ROI_dbscan_centers,,,,,,4631.0,0.0,0.0,0.0,0.0
cell1_ROI_dbscan_centers,cell1_ROI_dbscan_centers,,,,,,4632.0,0.0,0.0,0.0,0.0
cell1_ROI_dbscan_centers,cell1_ROI_dbscan_centers,,,,,,4633.0,0.0,0.0,0.0,0.0
cell1_ROI_dbscan_centers,cell1_ROI_dbscan_centers,,,,,,4634.0,1.0,1.0,0.0,0.0
cell1_ROI_dbscan_centers,cell1_ROI_dbscan_centers,,,,,,4635.0,0.0,0.0,0.0,0.0
cell1_ROI_dbscan_centers,cell1_ROI_dbscan_centers,,,,,,4636.0,0.0,0.0,0.0,0.0
cell1_ROI_dbscan_centers,cell1_ROI_dbscan_centers,,,,,,4637.0,1.0,0.0,0.0,0.0
cell1_ROI_dbscan_centers,cell1_ROI_dbscan_centers,,,,,,4638.0,0.0,1.0,0.0,0.0
cell1_ROI_dbscan_centers,cell1_ROI_dbscan_centers,,,,,,4639.0,1.0,1.0,0.0,0.0
cell1_ROI_dbscan_centers,cell1_ROI_dbscan_centers,,,,,,4640.0,0.0,0.0,0.0,0.0
cell1_ROI_dbscan_centers,cell1_ROI_dbscan_centers,,,,,,4641.0,0.0,0.0,0.0,0.0
cell1_ROI_dbscan_centers,cell1_ROI_dbscan_centers,,,,,,4642.0,0.0,0.0,0.0,0.0
cell1_ROI_dbscan_centers,cell1_ROI_dbscan_centers,,,,,,4643.0,0.0,0.0,0.0,0.0
cell1_ROI_dbscan_centers,cell1_ROI_dbscan_centers,,,,,,4644.0,0.0,0.0,0.0,1.0
cell1_ROI_dbscan_centers,cell1_ROI_dbscan_centers,,,,,,4645.0,0.0,0.0,0.0,0.0
cell1_ROI_dbscan_centers,cell1_ROI_dbscan_centers,,,,,,4646.0,0.0,0.0,0.0,0.0
cell1_ROI_dbscan_centers,cell1_ROI_dbscan_centers,,,,,,4647.0,1.0,2.0,0.0,1.0
cell1_ROI_dbscan_centers,cell1_ROI_dbscan_centers,,,,,,4648.0,0.0,0.0,0.0,0.0
cell1_ROI_dbscan_centers,cell1_ROI_dbscan_centers,,,,,,4649.0,0.0,0.0,0.0,0.0
cell1_ROI_dbscan_centers,cell1_ROI_dbscan_centers,,,,,,4650.0,0.0,0.0,0.0,0.0
cell1_ROI_dbscan_centers,cell1_ROI_dbscan_centers,,,,,,4651.0,1.0,0.0,0.0,1.0
cell1_ROI_dbscan_centers,cell1_ROI_dbscan_centers,,,,,,4652.0,0.0,0.0,0.0,1.0
cell1_ROI_dbscan_centers,cell1_ROI_dbscan_centers,,,,,,4653.0,1.0,1.0,0.0,0.0
cell1_ROI_dbscan_centers,cell1_ROI_dbscan_centers,,,,,,4654.0,0.0,0.0,0.0,0.0
cell1_ROI_dbscan_centers,cell1_ROI_dbscan_centers,,,,,,4655.0,0.0,0.0,0.0,0.0
cell1_ROI_dbscan_centers,cell1_ROI_dbscan_centers,,,,,,4656.0,0.0,0.0,0.0,1.0
cell1_ROI_dbscan_centers,cell1_ROI_dbscan_centers,,,,,,4657.0,0.0,0.0,0.0,0.0
cell1_ROI_dbscan_centers,cell1_ROI_dbscan_centers,,,,,,4658.0,0.0,0.0,0.0,0.0
cell1_ROI_dbscan_centers,cell1_ROI_dbscan_centers,,,,,,4659.0,0.0,1.0,0.0,0.0
cell1_ROI_dbscan_centers,cell1_ROI_dbscan_centers,,,,,,4660.0,0.0,0.0,0.0,1.0
cell1_ROI_dbscan_centers,cell1_ROI_dbscan_centers,,,,,,4661.0,1.0,1.0,0.0,0.0
cell1_ROI_dbscan_centers,cell1_ROI_dbscan_centers,,,,,,4662.0,0.0,0.0,0.0,0.0
cell1_ROI_dbscan_centers,cell1_ROI_dbscan_centers,,,,,,4663.0,0.0,1.0,0.0,0.0
cell1_ROI_dbscan_centers,cell1_ROI_dbscan_centers,,,,,,4664.0,0.0,0.0,0.0,1.0
cell1_ROI_dbscan_centers,cell1_ROI_dbscan_centers,,,,,,4665.0,0.0,0.0,0.0,0.0
cell1_ROI_dbscan_centers,cell1_ROI_dbscan_centers,,,,,,4666.0,1.0,0.0,0.0,0.0
cell1_ROI_dbscan_centers,cell1_ROI_dbscan_centers,,,,,,4667.0,0.0,1.0,0.0,0.0
cell1_ROI_dbscan_centers,cell1_ROI_dbscan_centers,,,,,,4668.0,0.0,0.0,0.0,0.0
cell1_ROI_dbscan_centers,cell1_ROI_dbscan_centers,,,,,,4669.0,0.0,1.0,1.0,0.0
cell1_ROI_dbscan_centers,cell1_ROI_dbscan_centers,,,,,,4670.0,0.0,0.0,0.0,0.0
cell1_ROI_dbscan_centers,cell1_ROI_dbscan_centers,,,,,,4671.0,0.0,0.0,0.0,1.0
cell1_ROI_dbscan_centers,cell1_ROI_dbscan_centers,,,,,,4672.0,0.0,0.0,0.0,2.0
cell1_ROI_dbscan_centers,cell1_ROI_dbscan_centers,,,,,,4673.0,0.0,1.0,0.0,0.0
cell1_ROI_dbscan_centers,cell1_ROI_dbscan_centers,,,,,,4674.0,0.0,0.0,0.0,1.0
cell1_ROI_dbscan_centers,cell1_ROI_dbscan_centers,,,,,,4675.0,0.0,0.0,0.0,0.0
cell1_ROI_dbscan_centers,cell1_ROI_dbscan_centers,,,,,,4676.0,0.0,0.0,0.0,0.0
cell1_ROI_dbscan_centers,cell1_ROI_dbscan_centers,,,,,,4677.0,0.0,0.0,0.0,0.0
cell1_ROI_dbscan_centers,cell1_ROI_dbscan_centers,,,,,,4678.0,0.0,0.0,0.0,0.0
cell1_ROI_dbscan_centers,cell1_ROI_dbscan_centers,,,,,,4679.0,0.0,0.0,0.0,1.0
cell1_ROI_dbscan_centers,cell1_ROI_dbscan_centers,,,,,,4680.0,0.0,0.0,0.0,0.0
cell1_ROI_dbscan_centers,cell1_ROI_dbscan_centers,,,,,,4681.0,0.0,0.0,0.0,0.0
cell1_ROI_dbscan_centers,cell1_ROI_dbscan_centers,,,,,,4682.0,0.0,0.0,0.0,0.0
cell1_ROI_dbscan_centers,cell1_ROI_dbscan_centers,,,,,,4683.0,0.0,0.0,0.0,0.0
cell1_ROI_dbscan_centers,cell1_ROI_dbscan_centers,,,,,,4684.0,0.0,0.0,0.0,0.0
cell1_ROI_dbscan_centers,cell1_ROI_dbscan_centers,,,,,,4685.0,1.0,0.0,0.0,0.0
cell1_ROI_dbscan_centers,cell1_ROI_dbscan_centers,,,,,,4686.0,0.0,0.0,0.0,0.0
cell1_ROI_dbscan_centers,cell1_ROI_dbscan_centers,,,,,,4687.0,0.0,0.0,0.0,0.0
cell1_ROI_dbscan_centers,cell1_ROI_dbscan_centers,,,,,,4688.0,0.0,0.0,0.0,0.0
cell1_ROI_dbscan_centers,cell1_ROI_dbscan_centers,,,,,,4689.0,0.0,0.0,0.0,1.0
cell1_ROI_dbscan_centers,cell1_ROI_dbscan_centers,,,,,,4690.0,1.0,0.0,0.0,0.0
cell1_ROI_dbscan_centers,cell1_ROI_dbscan_centers,,,,,,4691.0,0.0,0.0,0.0,0.0
cell1_ROI_dbscan_centers,cell1_ROI_dbscan_centers,,,,,,4692.0,1.0,1.0,0.0,0.0
cell1_ROI_dbscan_centers,cell1_ROI_dbscan_centers,,,,,,4693.0,0.0,0.0,0.0,0.0
cell1_ROI_dbscan_centers,cell1_ROI_dbscan_centers,,,,,,4694.0,0.0,1.0,0.0,0.0
cell1_ROI_dbscan_centers,cell1_ROI_dbscan_centers,,,,,,4695.0,0.0,0.0,0.0,0.0
cell1_ROI_dbscan_centers,cell1_ROI_dbscan_centers,,,,,,4696.0,0.0,0.0,0.0,0.0
cell1_ROI_dbscan_centers,cell1_ROI_dbscan_centers,,,,,,4697.0,0.0,0.0,0.0,0.0
cell1_ROI_dbscan_centers,cell1_ROI_dbscan_centers,,,,,,4698.0,0.0,1.0,0.0,0.0
cell1_ROI_dbscan_centers,cell1_ROI_dbscan_centers,,,,,,4699.0,1.0,0.0,0.0,0.0
cell1_ROI_dbscan_centers,cell1_ROI_dbscan_centers,,,,,,4700.0,0.0,0.0,0.0,0.0
cell1_ROI_dbscan_centers,cell1_ROI_dbscan_centers,,,,,,4701.0,0.0,1.0,0.0,0.0
cell1_ROI_dbscan_centers,cell1_ROI_dbscan_centers,,,,,,4702.0,1.0,0.0,1.0,0.0
cell1_ROI_dbscan_centers,cell1_ROI_dbscan_centers,,,,,,4703.0,1.0,0.0,0.0,0.0
cell1_ROI_dbscan_centers,cell1_ROI_dbscan_centers,,,,,,4704.0,1.0,1.0,0.0,0.0
cell1_ROI_dbscan_centers,cell1_ROI_dbscan_centers,,,,,,4705.0,0.0,0.0,0.0,0.0
cell1_ROI_dbscan_centers,cell1_ROI_dbscan_centers,,,,,,4706.0,0.0,0.0,0.0,1.0
cell1_ROI_dbscan_centers,cell1_ROI_dbscan_centers,,,,,,4707.0,1.0,0.0,0.0,0.0
cell1_ROI_dbscan_centers,cell1_ROI_dbscan_centers,,,,,,4708.0,0.0,1.0,0.0,0.0
cell1_ROI_dbscan_centers,cell1_ROI_dbscan_centers,,,,,,4709.0,0.0,1.0,0.0,0.0
cell1_ROI_dbscan_centers,cell1_ROI_dbscan_centers,,,,,,4710.0,0.0,1.0,0.0,0.0
cell1_ROI_dbscan_centers,cell1_ROI_dbscan_centers,,,,,,4711.0,0.0,0.0,0.0,0.0
cell1_ROI_dbscan_centers,cell1_ROI_dbscan_centers,,,,,,4712.0,0.0,0.0,0.0,0.0
cell1_ROI_dbscan_centers,cell1_ROI_dbscan_centers,,,,,,4713.0,0.0,1.0,0.0,0.0
cell1_ROI_dbscan_centers,cell1_ROI_dbscan_centers,,,,,,4714.0,0.0,0.0,0.0,0.0
cell1_ROI_dbscan_centers,cell1_ROI_dbscan_centers,,,,,,4715.0,0.0,0.0,0.0,0.0
cell1_ROI_dbscan_centers,cell1_ROI_dbscan_centers,,,,,,4716.0,0.0,0.0,0.0,0.0
cell1_ROI_dbscan_centers,cell1_ROI_dbscan_centers,,,,,,4717.0,0.0,0.0,0.0,0.0
cell1_ROI_dbscan_centers,cell1_ROI_dbscan_centers,,,,,,4718.0,0.0,0.0,0.0,0.0
cell1_ROI_dbscan_centers,cell1_ROI_dbscan_centers,,,,,,4719.0,0.0,0.0,0.0,0.0
cell1_ROI_dbscan_centers,cell1_ROI_dbscan_centers,,,,,,4720.0,0.0,0.0,0.0,0.0
cell1_ROI_dbscan_centers,cell1_ROI_dbscan_centers,,,,,,4721.0,0.0,0.0,0.0,1.0
cell1_ROI_dbscan_centers,cell1_ROI_dbscan_centers,,,,,,4722.0,1.0,1.0,0.0,0.0
cell1_ROI_dbscan_centers,cell1_ROI_dbscan_centers,,,,,,4723.0,0.0,1.0,0.0,0.0
cell1_ROI_dbscan_centers,cell1_ROI_dbscan_centers,,,,,,4724.0,1.0,1.0,0.0,0.0
cell1_ROI_dbscan_centers,cell1_ROI_dbscan_centers,,,,,,4725.0,1.0,0.0,0.0,0.0
cell1_ROI_dbscan_centers,cell1_ROI_dbscan_centers,,,,,,4726.0,0.0,1.0,0.0,0.0
cell1_ROI_dbscan_centers,cell1_ROI_dbscan_centers,,,,,,4727.0,0.0,1.0,0.0,0.0
cell1_ROI_dbscan_centers,cell1_ROI_dbscan_centers,,,,,,4728.0,0.0,0.0,1.0,0.0
cell1_ROI_dbscan_centers,cell1_ROI_dbscan_centers,,,,,,4729.0,0.0,0.0,0.0,0.0
cell1_ROI_dbscan_centers,cell1_ROI_dbscan_centers,,,,,,4730.0,0.0,0.0,0.0,1.0
cell1_ROI_dbscan_centers,cell1_ROI_dbscan_centers,,,,,,4731.0,0.0,0.0,0.0,0.0
cell1_ROI_dbscan_centers,cell1_ROI_dbscan_centers,,,,,,4732.0,0.0,0.0,0.0,0.0
cell1_ROI_dbscan_centers,cell1_ROI_dbscan_centers,,,,,,4733.0,0.0,0.0,0.0,0.0
cell1_ROI_dbscan_centers,cell1_ROI_dbscan_centers,,,,,,4734.0,0.0,2.0,1.0,0.0
cell1_ROI_dbscan_centers,cell1_ROI_dbscan_centers,,,,,,4735.0,1.0,0.0,0.0,0.0
cell1_ROI_dbscan_centers,cell1_ROI_dbscan_centers,,,,,,4736.0,0.0,0.0,0.0,0.0
cell1_ROI_dbscan_centers,cell1_ROI_dbscan_centers,,,,,,4737.0,1.0,0.0,0.0,0.0
cell1_ROI_dbscan_centers,cell1_ROI_dbscan_centers,,,,,,4738.0,0.0,0.0,0.0,0.0
cell1_ROI_dbscan_centers,cell1_ROI_dbscan_centers,,,,,,4739.0,1.0,1.0,0.0,0.0
cell1_ROI_dbscan_centers,cell1_ROI_dbscan_centers,,,,,,4740.0,1.0,0.0,0.0,0.0
cell1_ROI_dbscan_centers,cell1_ROI_dbscan_centers,,,,,,4741.0,0.0,0.0,0.0,0.0
cell1_ROI_dbscan_centers,cell1_ROI_dbscan_centers,,,,,,4742.0,0.0,0.0,0.0,0.0
cell1_ROI_dbscan_centers,cell1_ROI_dbscan_centers,,,,,,4743.0,0.0,0.0,0.0,0.0
cell1_ROI_dbscan_centers,cell1_ROI_dbscan_centers,,,,,,4744.0,0.0,0.0,1.0,0.0
cell1_ROI_dbscan_centers,cell1_ROI_dbscan_centers,,,,,,4745.0,1.0,0.0,0.0,0.0
cell1_ROI_dbscan_centers,cell1_ROI_dbscan_centers,,,,,,4746.0,0.0,1.0,0.0,0.0
cell1_ROI_dbscan_centers,cell1_ROI_dbscan_centers,,,,,,4747.0,0.0,0.0,0.0,0.0
cell1_ROI_dbscan_centers,cell1_ROI_dbscan_centers,,,,,,4748.0,1.0,0.0,0.0,0.0
cell1_ROI_dbscan_centers,cell1_ROI_dbscan_centers,,,,,,4749.0,0.0,1.0,0.0,0.0
cell1_ROI_dbscan_centers,cell1_ROI_dbscan_centers,,,,,,4750.0,0.0,1.0,0.0,0.0
cell1_ROI_dbscan_centers,cell1_ROI_dbscan_centers,,,,,,4751.0,0.0,0.0,0.0,0.0
cell1_ROI_dbscan_centers,cell1_ROI_dbscan_centers,,,,,,4752.0,0.0,1.0,0.0,0.0
cell1_ROI_dbscan_centers,cell1_ROI_dbscan_centers,,,,,,4753.0,0.0,0.0,0.0,0.0
cell1_ROI_dbscan_centers,cell1_ROI_dbscan_centers,,,,,,4754.0,0.0,0.0,0.0,0.0
cell1_ROI_dbscan_centers,cell1_ROI_dbscan_centers,,,,,,4755.0,0.0,0.0,0.0,1.0
cell1_ROI_dbscan_centers,cell1_ROI_dbscan_centers,,,,,,4756.0,0.0,0.0,0.0,0.0
cell1_ROI_dbscan_centers,cell1_ROI_dbscan_centers,,,,,,4757.0,0.0,0.0,0.0,0.0
cell1_ROI_dbscan_centers,cell1_ROI_dbscan_centers,,,,,,4758.0,0.0,0.0,0.0,0.0
cell1_ROI_dbscan_centers,cell1_ROI_dbscan_centers,,,,,,4759.0,0.0,0.0,0.0,0.0
cell1_ROI_dbscan_centers,cell1_ROI_dbscan_centers,,,,,,4760.0,0.0,0.0,0.0,0.0
cell1_ROI_dbscan_centers,cell1_ROI_dbscan_centers,,,,,,4761.0,0.0,0.0,0.0,0.0
cell1_ROI_dbscan_centers,cell1_ROI_dbscan_centers,,,,,,4762.0,1.0,0.0,0.0,1.0
cell1_ROI_dbscan_centers,cell1_ROI_dbscan_centers,,,,,,4763.0,1.0,0.0,0.0,0.0
cell1_ROI_dbscan_centers,cell1_ROI_dbscan_centers,,,,,,4764.0,1.0,0.0,0.0,0.0
cell1_ROI_dbscan_centers,cell1_ROI_dbscan_centers,,,,,,4765.0,0.0,0.0,0.0,0.0
cell1_ROI_dbscan_centers,cell1_ROI_dbscan_centers,,,,,,4766.0,0.0,0.0,0.0,0.0
cell1_ROI_dbscan_centers,cell1_ROI_dbscan_centers,,,,,,4767.0,0.0,0.0,0.0,0.0
cell1_ROI_dbscan_centers,cell1_ROI_dbscan_centers,,,,,,4768.0,0.0,1.0,0.0,0.0
cell1_ROI_dbscan_centers,cell1_ROI_dbscan_centers,,,,,,4769.0,1.0,0.0,0.0,0.0
cell1_ROI_dbscan_centers,cell1_ROI_dbscan_centers,,,,,,4770.0,0.0,0.0,0.0,1.0
cell1_ROI_dbscan_centers,cell1_ROI_dbscan_centers,,,,,,4771.0,0.0,2.0,1.0,0.0
cell1_ROI_dbscan_centers,cell1_ROI_dbscan_centers,,,,,,4772.0,0.0,2.0,0.0,0.0
cell1_ROI_dbscan_centers,cell1_ROI_dbscan_centers,,,,,,4773.0,0.0,0.0,0.0,0.0
cell1_ROI_dbscan_centers,cell1_ROI_dbscan_centers,,,,,,4774.0,0.0,0.0,0.0,0.0
cell1_ROI_dbscan_centers,cell1_ROI_dbscan_centers,,,,,,4775.0,0.0,1.0,0.0,0.0
cell1_ROI_dbscan_centers,cell1_ROI_dbscan_centers,,,,,,4776.0,0.0,0.0,0.0,0.0
cell1_ROI_dbscan_centers,cell1_ROI_dbscan_centers,,,,,,4777.0,0.0,0.0,0.0,0.0
cell1_ROI_dbscan_centers,cell1_ROI_dbscan_centers,,,,,,4778.0,0.0,0.0,0.0,0.0
cell1_ROI_dbscan_centers,cell1_ROI_dbscan_centers,,,,,,4779.0,0.0,0.0,0.0,0.0
cell1_ROI_dbscan_centers,cell1_ROI_dbscan_centers,,,,,,4780.0,0.0,0.0,1.0,1.0
cell1_ROI_dbscan_centers,cell1_ROI_dbscan_centers,,,,,,4781.0,0.0,0.0,0.0,0.0
cell1_ROI_dbscan_centers,cell1_ROI_dbscan_centers,,,,,,4782.0,1.0,0.0,0.0,0.0
cell1_ROI_dbscan_centers,cell1_ROI_dbscan_centers,,,,,,4783.0,0.0,0.0,0.0,0.0
cell1_ROI_dbscan_centers,cell1_ROI_dbscan_centers,,,,,,4784.0,0.0,0.0,0.0,0.0
cell1_ROI_dbscan_centers,cell1_ROI_dbscan_centers,,,,,,4785.0,0.0,0.0,0.0,0.0
cell1_ROI_dbscan_centers,cell1_ROI_dbscan_centers,,,,,,4786.0,0.0,0.0,0.0,0.0
cell1_ROI_dbscan_centers,cell1_ROI_dbscan_centers,,,,,,4787.0,1.0,0.0,0.0,0.0
cell1_ROI_dbscan_centers,cell1_ROI_dbscan_centers,,,,,,4788.0,0.0,0.0,0.0,0.0
cell1_ROI_dbscan_centers,cell1_ROI_dbscan_centers,,,,,,4789.0,0.0,1.0,0.0,1.0
cell1_ROI_dbscan_centers,cell1_ROI_dbscan_centers,,,,,,4790.0,0.0,1.0,0.0,1.0
cell1_ROI_dbscan_centers,cell1_ROI_dbscan_centers,,,,,,4791.0,0.0,0.0,0.0,0.0
cell1_ROI_dbscan_centers,cell1_ROI_dbscan_centers,,,,,,4792.0,1.0,1.0,0.0,0.0
cell1_ROI_dbscan_centers,cell1_ROI_dbscan_centers,,,,,,4793.0,0.0,0.0,0.0,1.0
cell1_ROI_dbscan_centers,cell1_ROI_dbscan_centers,,,,,,4794.0,0.0,1.0,0.0,0.0
cell1_ROI_dbscan_centers,cell1_ROI_dbscan_centers,,,,,,4795.0,1.0,0.0,0.0,0.0
cell1_ROI_dbscan_centers,cell1_ROI_dbscan_centers,,,,,,4796.0,0.0,0.0,0.0,0.0
cell1_ROI_dbscan_centers,cell1_ROI_dbscan_centers,,,,,,4797.0,0.0,0.0,0.0,0.0
cell1_ROI_dbscan_centers,cell1_ROI_dbscan_centers,,,,,,4798.0,0.0,0.0,0.0,0.0
cell1_ROI_dbscan_centers,cell1_ROI_dbscan_centers,,,,,,4799.0,0.0,0.0,0.0,0.0
cell1_ROI_dbscan_centers,cell1_ROI_dbscan_centers,,,,,,4800.0,0.0,1.0,0.0,0.0
cell1_ROI_dbscan_centers,cell1_ROI_dbscan_centers,,,,,,4801.0,1.0,1.0,0.0,0.0
cell1_ROI_dbscan_centers,cell1_ROI_dbscan_centers,,,,,,4802.0,0.0,0.0,0.0,1.0
cell1_ROI_dbscan_centers,cell1_ROI_dbscan_centers,,,,,,4803.0,0.0,1.0,0.0,0.0
cell1_ROI_dbscan_centers,cell1_ROI_dbscan_centers,,,,,,4804.0,0.0,0.0,0.0,2.0
cell1_ROI_dbscan_centers,cell1_ROI_dbscan_centers,,,,,,4805.0,0.0,1.0,1.0,0.0
cell1_ROI_dbscan_centers,cell1_ROI_dbscan_centers,,,,,,4806.0,0.0,0.0,0.0,0.0
cell1_ROI_dbscan_centers,cell1_ROI_dbscan_centers,,,,,,4807.0,1.0,0.0,0.0,0.0
cell1_ROI_dbscan_centers,cell1_ROI_dbscan_centers,,,,,,4808.0,0.0,0.0,0.0,0.0
cell1_ROI_dbscan_centers,cell1_ROI_dbscan_centers,,,,,,4809.0,0.0,0.0,0.0,1.0
cell1_ROI_dbscan_centers,cell1_ROI_dbscan_centers,,,,,,4810.0,0.0,0.0,1.0,1.0
cell1_ROI_dbscan_centers,cell1_ROI_dbscan_centers,,,,,,4811.0,1.0,0.0,0.0,0.0
cell1_ROI_dbscan_centers,cell1_ROI_dbscan_centers,,,,,,4812.0,0.0,0.0,0.0,0.0
cell1_ROI_dbscan_centers,cell1_ROI_dbscan_centers,,,,,,4813.0,0.0,1.0,0.0,0.0
cell1_ROI_dbscan_centers,cell1_ROI_dbscan_centers,,,,,,4814.0,0.0,1.0,2.0,0.0
cell1_ROI_dbscan_centers,cell1_ROI_dbscan_centers,,,,,,4815.0,0.0,0.0,0.0,1.0
cell1_ROI_dbscan_centers,cell1_ROI_dbscan_centers,,,,,,4816.0,0.0,0.0,0.0,0.0
cell1_ROI_dbscan_centers,cell1_ROI_dbscan_centers,,,,,,4817.0,0.0,2.0,0.0,1.0
cell1_ROI_dbscan_centers,cell1_ROI_dbscan_centers,,,,,,4818.0,0.0,0.0,0.0,0.0
cell1_ROI_dbscan_centers,cell1_ROI_dbscan_centers,,,,,,4819.0,0.0,0.0,0.0,0.0
cell1_ROI_dbscan_centers,cell1_ROI_dbscan_centers,,,,,,4820.0,0.0,1.0,0.0,0.0
cell1_ROI_dbscan_centers,cell1_ROI_dbscan_centers,,,,,,4821.0,0.0,0.0,0.0,0.0
cell1_ROI_dbscan_centers,cell1_ROI_dbscan_centers,,,,,,4822.0,0.0,0.0,0.0,0.0
cell1_ROI_dbscan_centers,cell1_ROI_dbscan_centers,,,,,,4823.0,0.0,0.0,0.0,0.0
cell1_ROI_dbscan_centers,cell1_ROI_dbscan_centers,,,,,,4824.0,1.0,0.0,1.0,0.0
cell1_ROI_dbscan_centers,cell1_ROI_dbscan_centers,,,,,,4825.0,0.0,0.0,0.0,0.0
cell1_ROI_dbscan_centers,cell1_ROI_dbscan_centers,,,,,,4826.0,0.0,0.0,0.0,0.0
cell1_ROI_dbscan_centers,cell1_ROI_dbscan_centers,,,,,,4827.0,0.0,1.0,0.0,0.0
cell1_ROI_dbscan_centers,cell1_ROI_dbscan_centers,,,,,,4828.0,0.0,0.0,0.0,0.0
cell1_ROI_dbscan_centers,cell1_ROI_dbscan_centers,,,,,,4829.0,0.0,0.0,0.0,0.0
cell1_ROI_dbscan_centers,cell1_ROI_dbscan_centers,,,,,,4830.0,0.0,0.0,0.0,0.0
cell1_ROI_dbscan_centers,cell1_ROI_dbscan_centers,,,,,,4831.0,0.0,0.0,0.0,0.0
cell1_ROI_dbscan_centers,cell1_ROI_dbscan_centers,,,,,,4832.0,0.0,0.0,0.0,0.0
cell1_ROI_dbscan_centers,cell1_ROI_dbscan_centers,,,,,,4833.0,1.0,0.0,1.0,1.0
cell1_ROI_dbscan_centers,cell1_ROI_dbscan_centers,,,,,,4834.0,0.0,0.0,0.0,0.0
cell1_ROI_dbscan_centers,cell1_ROI_dbscan_centers,,,,,,4835.0,1.0,0.0,0.0,1.0
cell1_ROI_dbscan_centers,cell1_ROI_dbscan_centers,,,,,,4836.0,0.0,0.0,0.0,1.0
cell1_ROI_dbscan_centers,cell1_ROI_dbscan_centers,,,,,,4837.0,0.0,0.0,0.0,0.0
cell1_ROI_dbscan_centers,cell1_ROI_dbscan_centers,,,,,,4838.0,0.0,1.0,0.0,1.0
cell1_ROI_dbscan_centers,cell1_ROI_dbscan_centers,,,,,,4839.0,1.0,0.0,0.0,0.0
cell1_ROI_dbscan_centers,cell1_ROI_dbscan_centers,,,,,,4840.0,1.0,1.0,0.0,0.0
cell1_ROI_dbscan_centers,cell1_ROI_dbscan_centers,,,,,,4841.0,0.0,1.0,0.0,0.0
cell1_ROI_dbscan_centers,cell1_ROI_dbscan_centers,,,,,,4842.0,0.0,0.0,1.0,1.0
cell1_ROI_dbscan_centers,cell1_ROI_dbscan_centers,,,,,,4843.0,0.0,2.0,0.0,1.0
cell1_ROI_dbscan_centers,cell1_ROI_dbscan_centers,,,,,,4844.0,0.0,0.0,0.0,0.0
cell1_ROI_dbscan_centers,cell1_ROI_dbscan_centers,,,,,,4845.0,0.0,0.0,0.0,1.0
cell1_ROI_dbscan_centers,cell1_ROI_dbscan_centers,,,,,,4846.0,0.0,1.0,0.0,0.0
cell1_ROI_dbscan_centers,cell1_ROI_dbscan_centers,,,,,,4847.0,0.0,0.0,0.0,0.0
cell1_ROI_dbscan_centers,cell1_ROI_dbscan_centers,,,,,,4848.0,0.0,0.0,0.0,0.0
cell1_ROI_dbscan_centers,cell1_ROI_dbscan_centers,,,,,,4849.0,0.0,0.0,0.0,0.0
cell1_ROI_dbscan_centers,cell1_ROI_dbscan_centers,,,,,,4850.0,1.0,0.0,0.0,0.0
cell1_ROI_dbscan_centers,cell1_ROI_dbscan_centers,,,,,,4851.0,0.0,1.0,0.0,0.0
cell1_ROI_dbscan_centers,cell1_ROI_dbscan_centers,,,,,,4852.0,0.0,0.0,1.0,0.0
cell1_ROI_dbscan_centers,cell1_ROI_dbscan_centers,,,,,,4853.0,0.0,0.0,0.0,0.0
cell1_ROI_dbscan_centers,cell1_ROI_dbscan_centers,,,,,,4854.0,0.0,0.0,0.0,0.0
cell1_ROI_dbscan_centers,cell1_ROI_dbscan_centers,,,,,,4855.0,1.0,0.0,1.0,1.0
cell1_ROI_dbscan_centers,cell1_ROI_dbscan_centers,,,,,,4856.0,0.0,0.0,0.0,1.0
cell1_ROI_dbscan_centers,cell1_ROI_dbscan_centers,,,,,,4857.0,0.0,0.0,1.0,0.0
cell1_ROI_dbscan_centers,cell1_ROI_dbscan_centers,,,,,,4858.0,0.0,0.0,0.0,1.0
cell1_ROI_dbscan_centers,cell1_ROI_dbscan_centers,,,,,,4859.0,0.0,0.0,0.0,0.0
cell1_ROI_dbscan_centers,cell1_ROI_dbscan_centers,,,,,,4860.0,0.0,0.0,0.0,0.0
cell1_ROI_dbscan_centers,cell1_ROI_dbscan_centers,,,,,,4861.0,0.0,0.0,0.0,0.0
cell1_ROI_dbscan_centers,cell1_ROI_dbscan_centers,,,,,,4862.0,0.0,0.0,0.0,0.0
cell1_ROI_dbscan_centers,cell1_ROI_dbscan_centers,,,,,,4863.0,0.0,0.0,0.0,0.0
cell1_ROI_dbscan_centers,cell1_ROI_dbscan_centers,,,,,,4864.0,2.0,1.0,0.0,0.0
cell1_ROI_dbscan_centers,cell1_ROI_dbscan_centers,,,,,,4865.0,1.0,0.0,1.0,0.0
cell1_ROI_dbscan_centers,cell1_ROI_dbscan_centers,,,,,,4866.0,0.0,1.0,0.0,0.0
cell1_ROI_dbscan_centers,cell1_ROI_dbscan_centers,,,,,,4867.0,1.0,1.0,0.0,0.0
cell1_ROI_dbscan_centers,cell1_ROI_dbscan_centers,,,,,,4868.0,0.0,0.0,0.0,1.0
cell1_ROI_dbscan_centers,cell1_ROI_dbscan_centers,,,,,,4869.0,0.0,0.0,0.0,0.0
cell1_ROI_dbscan_centers,cell1_ROI_dbscan_centers,,,,,,4870.0,0.0,0.0,0.0,0.0
cell1_ROI_dbscan_centers,cell1_ROI_dbscan_centers,,,,,,4871.0,1.0,1.0,0.0,1.0
cell1_ROI_dbscan_centers,cell1_ROI_dbscan_centers,,,,,,4872.0,0.0,0.0,0.0,0.0
cell1_ROI_dbscan_centers,cell1_ROI_dbscan_centers,,,,,,4873.0,0.0,0.0,0.0,1.0
cell1_ROI_dbscan_centers,cell1_ROI_dbscan_centers,,,,,,4874.0,0.0,1.0,0.0,0.0
cell1_ROI_dbscan_centers,cell1_ROI_dbscan_centers,,,,,,4875.0,0.0,0.0,0.0,0.0
cell1_ROI_dbscan_centers,cell1_ROI_dbscan_centers,,,,,,4876.0,0.0,0.0,0.0,0.0
cell1_ROI_dbscan_centers,cell1_ROI_dbscan_centers,,,,,,4877.0,0.0,1.0,0.0,1.0
cell1_ROI_dbscan_centers,cell1_ROI_dbscan_centers,,,,,,4878.0,0.0,0.0,0.0,0.0
cell1_ROI_dbscan_centers,cell1_ROI_dbscan_centers,,,,,,4879.0,0.0,0.0,0.0,0.0
cell1_ROI_dbscan_centers,cell1_ROI_dbscan_centers,,,,,,4880.0,0.0,1.0,0.0,0.0
cell1_ROI_dbscan_centers,cell1_ROI_dbscan_centers,,,,,,4881.0,0.0,2.0,0.0,0.0
cell1_ROI_dbscan_centers,cell1_ROI_dbscan_centers,,,,,,4882.0,0.0,0.0,0.0,0.0
cell1_ROI_dbscan_centers,cell1_ROI_dbscan_centers,,,,,,4883.0,1.0,0.0,0.0,0.0
cell1_ROI_dbscan_centers,cell1_ROI_dbscan_centers,,,,,,4884.0,0.0,0.0,1.0,0.0
cell1_ROI_dbscan_centers,cell1_ROI_dbscan_centers,,,,,,4885.0,0.0,0.0,0.0,0.0
cell1_ROI_dbscan_centers,cell1_ROI_dbscan_centers,,,,,,4886.0,0.0,0.0,0.0,0.0
cell1_ROI_dbscan_centers,cell1_ROI_dbscan_centers,,,,,,4887.0,0.0,0.0,0.0,0.0
cell1_ROI_dbscan_centers,cell1_ROI_dbscan_centers,,,,,,4888.0,0.0,0.0,0.0,0.0
cell1_ROI_dbscan_centers,cell1_ROI_dbscan_centers,,,,,,4889.0,0.0,0.0,0.0,1.0
cell1_ROI_dbscan_centers,cell1_ROI_dbscan_centers,,,,,,4890.0,0.0,0.0,0.0,0.0
cell1_ROI_dbscan_centers,cell1_ROI_dbscan_centers,,,,,,4891.0,0.0,1.0,0.0,1.0
cell1_ROI_dbscan_centers,cell1_ROI_dbscan_centers,,,,,,4892.0,0.0,1.0,0.0,0.0
cell1_ROI_dbscan_centers,cell1_ROI_dbscan_centers,,,,,,4893.0,0.0,0.0,0.0,0.0
cell1_ROI_dbscan_centers,cell1_ROI_dbscan_centers,,,,,,4894.0,1.0,1.0,0.0,0.0
cell1_ROI_dbscan_centers,cell1_ROI_dbscan_centers,,,,,,4895.0,0.0,0.0,0.0,0.0
cell1_ROI_dbscan_centers,cell1_ROI_dbscan_centers,,,,,,4896.0,1.0,0.0,0.0,0.0
cell1_ROI_dbscan_centers,cell1_ROI_dbscan_centers,,,,,,4897.0,1.0,0.0,0.0,0.0
cell1_ROI_dbscan_centers,cell1_ROI_dbscan_centers,,,,,,4898.0,0.0,0.0,0.0,0.0
cell1_ROI_dbscan_centers,cell1_ROI_dbscan_centers,,,,,,4899.0,0.0,0.0,0.0,0.0
cell1_ROI_dbscan_centers,cell1_ROI_dbscan_centers,,,,,,4900.0,0.0,0.0,0.0,0.0
cell1_ROI_dbscan_centers,cell1_ROI_dbscan_centers,,,,,,4901.0,0.0,0.0,0.0,0.0
cell1_ROI_dbscan_centers,cell1_ROI_dbscan_centers,,,,,,4902.0,0.0,0.0,0.0,1.0
cell1_ROI_dbscan_centers,cell1_ROI_dbscan_centers,,,,,,4903.0,0.0,0.0,0.0,0.0
cell1_ROI_dbscan_centers,cell1_ROI_dbscan_centers,,,,,,4904.0,0.0,0.0,0.0,0.0
cell1_ROI_dbscan_centers,cell1_ROI_dbscan_centers,,,,,,4905.0,0.0,0.0,0.0,0.0
cell1_ROI_dbscan_centers,cell1_ROI_dbscan_centers,,,,,,4906.0,0.0,1.0,1.0,0.0
cell1_ROI_dbscan_centers,cell1_ROI_dbscan_centers,,,,,,4907.0,0.0,1.0,0.0,0.0
cell1_ROI_dbscan_centers,cell1_ROI_dbscan_centers,,,,,,4908.0,0.0,0.0,0.0,0.0
cell1_ROI_dbscan_centers,cell1_ROI_dbscan_centers,,,,,,4909.0,0.0,0.0,0.0,0.0
cell1_ROI_dbscan_centers,cell1_ROI_dbscan_centers,,,,,,4910.0,0.0,0.0,0.0,1.0
cell1_ROI_dbscan_centers,cell1_ROI_dbscan_centers,,,,,,4911.0,0.0,0.0,0.0,0.0
cell1_ROI_dbscan_centers,cell1_ROI_dbscan_centers,,,,,,4912.0,0.0,0.0,0.0,0.0
cell1_ROI_dbscan_centers,cell1_ROI_dbscan_centers,,,,,,4913.0,0.0,0.0,0.0,0.0
cell1_ROI_dbscan_centers,cell1_ROI_dbscan_centers,,,,,,4914.0,0.0,0.0,0.0,0.0
cell1_ROI_dbscan_centers,cell1_ROI_dbscan_centers,,,,,,4915.0,0.0,1.0,0.0,0.0
cell1_ROI_dbscan_centers,cell1_ROI_dbscan_centers,,,,,,4916.0,0.0,0.0,0.0,0.0
cell1_ROI_dbscan_centers,cell1_ROI_dbscan_centers,,,,,,4917.0,0.0,0.0,0.0,0.0
cell1_ROI_dbscan_centers,cell1_ROI_dbscan_centers,,,,,,4918.0,0.0,0.0,0.0,1.0
cell1_ROI_dbscan_centers,cell1_ROI_dbscan_centers,,,,,,4919.0,0.0,0.0,1.0,0.0
cell1_ROI_dbscan_centers,cell1_ROI_dbscan_centers,,,,,,4920.0,0.0,1.0,0.0,1.0
cell1_ROI_dbscan_centers,cell1_ROI_dbscan_centers,,,,,,4921.0,1.0,1.0,0.0,0.0
cell1_ROI_dbscan_centers,cell1_ROI_dbscan_centers,,,,,,4922.0,0.0,0.0,0.0,0.0
cell1_ROI_dbscan_centers,cell1_ROI_dbscan_centers,,,,,,4923.0,0.0,0.0,0.0,1.0
cell1_ROI_dbscan_centers,cell1_ROI_dbscan_centers,,,,,,4924.0,0.0,0.0,0.0,0.0
cell1_ROI_dbscan_centers,cell1_ROI_dbscan_centers,,,,,,4925.0,0.0,0.0,1.0,0.0
cell1_ROI_dbscan_centers,cell1_ROI_dbscan_centers,,,,,,4926.0,0.0,0.0,0.0,0.0
cell1_ROI_dbscan_centers,cell1_ROI_dbscan_centers,,,,,,4927.0,0.0,0.0,0.0,0.0
cell1_ROI_dbscan_centers,cell1_ROI_dbscan_centers,,,,,,4928.0,0.0,0.0,0.0,1.0
cell1_ROI_dbscan_centers,cell1_ROI_dbscan_centers,,,,,,4929.0,0.0,0.0,1.0,0.0
cell1_ROI_dbscan_centers,cell1_ROI_dbscan_centers,,,,,,4930.0,1.0,0.0,0.0,0.0
cell1_ROI_dbscan_centers,cell1_ROI_dbscan_centers,,,,,,4931.0,0.0,0.0,0.0,0.0
cell1_ROI_dbscan_centers,cell1_ROI_dbscan_centers,,,,,,4932.0,1.0,2.0,0.0,0.0
cell1_ROI_dbscan_centers,cell1_ROI_dbscan_centers,,,,,,4933.0,0.0,0.0,0.0,0.0
cell1_ROI_dbscan_centers,cell1_ROI_dbscan_centers,,,,,,4934.0,0.0,0.0,0.0,0.0
cell1_ROI_dbscan_centers,cell1_ROI_dbscan_centers,,,,,,4935.0,0.0,0.0,0.0,1.0
cell1_ROI_dbscan_centers,cell1_ROI_dbscan_centers,,,,,,4936.0,0.0,0.0,1.0,0.0
cell1_ROI_dbscan_centers,cell1_ROI_dbscan_centers,,,,,,4937.0,1.0,0.0,0.0,0.0
cell1_ROI_dbscan_centers,cell1_ROI_dbscan_centers,,,,,,4938.0,0.0,1.0,0.0,0.0
cell1_ROI_dbscan_centers,cell1_ROI_dbscan_centers,,,,,,4939.0,0.0,2.0,0.0,1.0
cell1_ROI_dbscan_centers,cell1_ROI_dbscan_centers,,,,,,4940.0,0.0,1.0,0.0,0.0
cell1_ROI_dbscan_centers,cell1_ROI_dbscan_centers,,,,,,4941.0,0.0,0.0,0.0,0.0
cell1_ROI_dbscan_centers,cell1_ROI_dbscan_centers,,,,,,4942.0,0.0,1.0,0.0,0.0
cell1_ROI_dbscan_centers,cell1_ROI_dbscan_centers,,,,,,4943.0,0.0,1.0,1.0,0.0
cell1_ROI_dbscan_centers,cell1_ROI_dbscan_centers,,,,,,4944.0,0.0,0.0,0.0,0.0
cell1_ROI_dbscan_centers,cell1_ROI_dbscan_centers,,,,,,4945.0,1.0,1.0,0.0,1.0
cell1_ROI_dbscan_centers,cell1_ROI_dbscan_centers,,,,,,4946.0,0.0,0.0,0.0,0.0
cell1_ROI_dbscan_centers,cell1_ROI_dbscan_centers,,,,,,4947.0,0.0,0.0,0.0,0.0
cell1_ROI_dbscan_centers,cell1_ROI_dbscan_centers,,,,,,4948.0,0.0,0.0,1.0,0.0
cell1_ROI_dbscan_centers,cell1_ROI_dbscan_centers,,,,,,4949.0,0.0,0.0,0.0,1.0
cell1_ROI_dbscan_centers,cell1_ROI_dbscan_centers,,,,,,4950.0,0.0,0.0,0.0,0.0
cell1_ROI_dbscan_centers,cell1_ROI_dbscan_centers,,,,,,4951.0,0.0,0.0,0.0,0.0
cell1_ROI_dbscan_centers,cell1_ROI_dbscan_centers,,,,,,4952.0,0.0,0.0,0.0,1.0
cell1_ROI_dbscan_centers,cell1_ROI_dbscan_centers,,,,,,4953.0,0.0,0.0,0.0,0.0
cell1_ROI_dbscan_centers,cell1_ROI_dbscan_centers,,,,,,4954.0,0.0,0.0,0.0,0.0
cell1_ROI_dbscan_centers,cell1_ROI_dbscan_centers,,,,,,4955.0,0.0,0.0,0.0,0.0
cell1_ROI_dbscan_centers,cell1_ROI_dbscan_centers,,,,,,4956.0,0.0,0.0,0.0,0.0
cell1_ROI_dbscan_centers,cell1_ROI_dbscan_centers,,,,,,4957.0,0.0,0.0,0.0,0.0
cell1_ROI_dbscan_centers,cell1_ROI_dbscan_centers,,,,,,4958.0,1.0,1.0,0.0,0.0
cell1_ROI_dbscan_centers,cell1_ROI_dbscan_centers,,,,,,4959.0,0.0,0.0,0.0,0.0
cell1_ROI_dbscan_centers,cell1_ROI_dbscan_centers,,,,,,4960.0,0.0,0.0,0.0,0.0
cell1_ROI_dbscan_centers,cell1_ROI_dbscan_centers,,,,,,4961.0,0.0,1.0,0.0,1.0
cell1_ROI_dbscan_centers,cell1_ROI_dbscan_centers,,,,,,4962.0,0.0,0.0,0.0,0.0
cell1_ROI_dbscan_centers,cell1_ROI_dbscan_centers,,,,,,4963.0,0.0,0.0,0.0,0.0
cell1_ROI_dbscan_centers,cell1_ROI_dbscan_centers,,,,,,4964.0,0.0,0.0,0.0,0.0
cell1_ROI_dbscan_centers,cell1_ROI_dbscan_centers,,,,,,4965.0,0.0,0.0,0.0,0.0
cell1_ROI_dbscan_centers,cell1_ROI_dbscan_centers,,,,,,4966.0,0.0,0.0,0.0,0.0
cell1_ROI_dbscan_centers,cell1_ROI_dbscan_centers,,,,,,4967.0,0.0,0.0,0.0,0.0
cell1_ROI_dbscan_centers,cell1_ROI_dbscan_centers,,,,,,4968.0,0.0,0.0,0.0,1.0
cell1_ROI_dbscan_centers,cell1_ROI_dbscan_centers,,,,,,4969.0,0.0,0.0,0.0,0.0
cell1_ROI_dbscan_centers,cell1_ROI_dbscan_centers,,,,,,4970.0,0.0,0.0,0.0,0.0
cell1_ROI_dbscan_centers,cell1_ROI_dbscan_centers,,,,,,4971.0,0.0,0.0,1.0,0.0
cell1_ROI_dbscan_centers,cell1_ROI_dbscan_centers,,,,,,4972.0,2.0,1.0,0.0,0.0
cell1_ROI_dbscan_centers,cell1_ROI_dbscan_centers,,,,,,4973.0,0.0,1.0,0.0,0.0
cell1_ROI_dbscan_centers,cell1_ROI_dbscan_centers,,,,,,4974.0,0.0,0.0,0.0,0.0
cell1_ROI_dbscan_centers,cell1_ROI_dbscan_centers,,,,,,4975.0,0.0,0.0,0.0,0.0
cell1_ROI_dbscan_centers,cell1_ROI_dbscan_centers,,,,,,4976.0,1.0,1.0,0.0,1.0
cell1_ROI_dbscan_centers,cell1_ROI_dbscan_centers,,,,,,4977.0,0.0,0.0,0.0,0.0
cell1_ROI_dbscan_centers,cell1_ROI_dbscan_centers,,,,,,4978.0,0.0,0.0,0.0,0.0
cell1_ROI_dbscan_centers,cell1_ROI_dbscan_centers,,,,,,4979.0,0.0,0.0,0.0,0.0
cell1_ROI_dbscan_centers,cell1_ROI_dbscan_centers,,,,,,4980.0,0.0,0.0,0.0,2.0
cell1_ROI_dbscan_centers,cell1_ROI_dbscan_centers,,,,,,4981.0,0.0,1.0,0.0,1.0
cell1_ROI_dbscan_centers,cell1_ROI_dbscan_centers,,,,,,4982.0,0.0,0.0,0.0,0.0
cell1_ROI_dbscan_centers,cell1_ROI_dbscan_centers,,,,,,4983.0,0.0,1.0,0.0,0.0
cell1_ROI_dbscan_centers,cell1_ROI_dbscan_centers,,,,,,4984.0,0.0,0.0,0.0,0.0
cell1_ROI_dbscan_centers,cell1_ROI_dbscan_centers,,,,,,4985.0,0.0,0.0,0.0,0.0
cell1_ROI_dbscan_centers,cell1_ROI_dbscan_centers,,,,,,4986.0,0.0,0.0,0.0,1.0
cell1_ROI_dbscan_centers,cell1_ROI_dbscan_centers,,,,,,4987.0,0.0,0.0,0.0,0.0
cell1_ROI_dbscan_centers,cell1_ROI_dbscan_centers,,,,,,4988.0,0.0,0.0,0.0,0.0
cell1_ROI_dbscan_centers,cell1_ROI_dbscan_centers,,,,,,4989.0,0.0,0.0,0.0,0.0
cell1_ROI_dbscan_centers,cell1_ROI_dbscan_centers,,,,,,4990.0,0.0,1.0,0.0,0.0
cell1_ROI_dbscan_centers,cell1_ROI_dbscan_centers,,,,,,4991.0,0.0,0.0,0.0,1.0
cell1_ROI_dbscan_centers,cell1_ROI_dbscan_centers,,,,,,4992.0,2.0,0.0,0.0,0.0
cell1_ROI_dbscan_centers,cell1_ROI_dbscan_centers,,,,,,4993.0,0.0,0.0,0.0,0.0
cell1_ROI_dbscan_centers,cell1_ROI_dbscan_centers,,,,,,4994.0,0.0,0.0,0.0,0.0
cell1_ROI_dbscan_centers,cell1_ROI_dbscan_centers,,,,,,4995.0,0.0,0.0,0.0,0.0
cell1_ROI_dbscan_centers,cell1_ROI_dbscan_centers,,,,,,4996.0,0.0,0.0,0.0,0.0
cell1_ROI_dbscan_centers,cell1_ROI_dbscan_centers,,,,,,4997.0,0.0,1.0,0.0,0.0
cell1_ROI_dbscan_centers,cell1_ROI_dbscan_centers,,,,,,4998.0,0.0,0.0,0.0,1.0
cell1_ROI_dbscan_centers,cell1_ROI_dbscan_centers,,,,,,4999.0,0.0,0.0,0.0,0.0
cell1_ROI_dbscan_centers,cell1_ROI_dbscan_centers,,,,,,5000.0,0.0,1.0,0.0,0.0
cell1_ROI_dbscan_centers,cell1_ROI_dbscan_centers,,,,,,5001.0,0.0,0.0,0.0,1.0
cell1_ROI_dbscan_centers,cell1_ROI_dbscan_centers,,,,,,5002.0,0.0,0.0,0.0,0.0
cell1_ROI_dbscan_centers,cell1_ROI_dbscan_centers,,,,,,5003.0,0.0,0.0,0.0,0.0
cell1_ROI_dbscan_centers,cell1_ROI_dbscan_centers,,,,,,5004.0,0.0,0.0,0.0,0.0
cell1_ROI_dbscan_centers,cell1_ROI_dbscan_centers,,,,,,5005.0,1.0,0.0,0.0,0.0
cell1_ROI_dbscan_centers,cell1_ROI_dbscan_centers,,,,,,5006.0,0.0,0.0,0.0,0.0
cell1_ROI_dbscan_centers,cell1_ROI_dbscan_centers,,,,,,5007.0,0.0,0.0,0.0,0.0
cell1_ROI_dbscan_centers,cell1_ROI_dbscan_centers,,,,,,5008.0,0.0,1.0,0.0,0.0
cell1_ROI_dbscan_centers,cell1_ROI_dbscan_centers,,,,,,5009.0,0.0,0.0,0.0,0.0
cell1_ROI_dbscan_centers,cell1_ROI_dbscan_centers,,,,,,5010.0,0.0,0.0,0.0,0.0
cell1_ROI_dbscan_centers,cell1_ROI_dbscan_centers,,,,,,5011.0,0.0,0.0,0.0,0.0
cell1_ROI_dbscan_centers,cell1_ROI_dbscan_centers,,,,,,5012.0,1.0,0.0,0.0,0.0
cell1_ROI_dbscan_centers,cell1_ROI_dbscan_centers,,,,,,5013.0,0.0,1.0,0.0,0.0
cell1_ROI_dbscan_centers,cell1_ROI_dbscan_centers,,,,,,5014.0,0.0,0.0,1.0,0.0
cell1_ROI_dbscan_centers,cell1_ROI_dbscan_centers,,,,,,5015.0,0.0,0.0,0.0,1.0
cell1_ROI_dbscan_centers,cell1_ROI_dbscan_centers,,,,,,5016.0,1.0,1.0,0.0,0.0
cell1_ROI_dbscan_centers,cell1_ROI_dbscan_centers,,,,,,5017.0,0.0,0.0,0.0,1.0
cell1_ROI_dbscan_centers,cell1_ROI_dbscan_centers,,,,,,5018.0,0.0,0.0,0.0,0.0
cell1_ROI_dbscan_centers,cell1_ROI_dbscan_centers,,,,,,5019.0,0.0,0.0,0.0,0.0
cell1_ROI_dbscan_centers,cell1_ROI_dbscan_centers,,,,,,5020.0,1.0,0.0,0.0,2.0
cell1_ROI_dbscan_centers,cell1_ROI_dbscan_centers,,,,,,5021.0,0.0,0.0,0.0,0.0
cell1_ROI_dbscan_centers,cell1_ROI_dbscan_centers,,,,,,5022.0,0.0,0.0,0.0,0.0
cell1_ROI_dbscan_centers,cell1_ROI_dbscan_centers,,,,,,5023.0,0.0,0.0,0.0,0.0
cell1_ROI_dbscan_centers,cell1_ROI_dbscan_centers,,,,,,5024.0,0.0,1.0,0.0,1.0
cell1_ROI_dbscan_centers,cell1_ROI_dbscan_centers,,,,,,5025.0,0.0,0.0,0.0,0.0
cell1_ROI_dbscan_centers,cell1_ROI_dbscan_centers,,,,,,5026.0,0.0,0.0,1.0,0.0
cell1_ROI_dbscan_centers,cell1_ROI_dbscan_centers,,,,,,5027.0,0.0,0.0,0.0,0.0
cell1_ROI_dbscan_centers,cell1_ROI_dbscan_centers,,,,,,5028.0,0.0,0.0,0.0,0.0
cell1_ROI_dbscan_centers,cell1_ROI_dbscan_centers,,,,,,5029.0,0.0,0.0,0.0,0.0
cell1_ROI_dbscan_centers,cell1_ROI_dbscan_centers,,,,,,5030.0,0.0,1.0,0.0,0.0
cell1_ROI_dbscan_centers,cell1_ROI_dbscan_centers,,,,,,5031.0,0.0,0.0,0.0,0.0
cell1_ROI_dbscan_centers,cell1_ROI_dbscan_centers,,,,,,5032.0,0.0,2.0,0.0,0.0
cell1_ROI_dbscan_centers,cell1_ROI_dbscan_centers,,,,,,5033.0,0.0,0.0,0.0,0.0
cell1_ROI_dbscan_centers,cell1_ROI_dbscan_centers,,,,,,5034.0,1.0,0.0,0.0,0.0
cell1_ROI_dbscan_centers,cell1_ROI_dbscan_centers,,,,,,5035.0,1.0,0.0,0.0,0.0
cell1_ROI_dbscan_centers,cell1_ROI_dbscan_centers,,,,,,5036.0,0.0,0.0,0.0,0.0
cell1_ROI_dbscan_centers,cell1_ROI_dbscan_centers,,,,,,5037.0,0.0,0.0,0.0,0.0
cell1_ROI_dbscan_centers,cell1_ROI_dbscan_centers,,,,,,5038.0,1.0,0.0,0.0,1.0
cell1_ROI_dbscan_centers,cell1_ROI_dbscan_centers,,,,,,5039.0,0.0,1.0,0.0,0.0
cell1_ROI_dbscan_centers,cell1_ROI_dbscan_centers,,,,,,5040.0,0.0,1.0,0.0,0.0
cell1_ROI_dbscan_centers,cell1_ROI_dbscan_centers,,,,,,5041.0,0.0,0.0,0.0,0.0
cell1_ROI_dbscan_centers,cell1_ROI_dbscan_centers,,,,,,5042.0,0.0,1.0,0.0,1.0
cell1_ROI_dbscan_centers,cell1_ROI_dbscan_centers,,,,,,5043.0,0.0,0.0,0.0,0.0
cell1_ROI_dbscan_centers,cell1_ROI_dbscan_centers,,,,,,5044.0,0.0,1.0,0.0,0.0
cell1_ROI_dbscan_centers,cell1_ROI_dbscan_centers,,,,,,5045.0,0.0,0.0,0.0,0.0
cell1_ROI_dbscan_centers,cell1_ROI_dbscan_centers,,,,,,5046.0,1.0,0.0,0.0,0.0
cell1_ROI_dbscan_centers,cell1_ROI_dbscan_centers,,,,,,5047.0,0.0,0.0,0.0,0.0
cell1_ROI_dbscan_centers,cell1_ROI_dbscan_centers,,,,,,5048.0,0.0,0.0,0.0,1.0
cell1_ROI_dbscan_centers,cell1_ROI_dbscan_centers,,,,,,5049.0,0.0,0.0,0.0,1.0
cell1_ROI_dbscan_centers,cell1_ROI_dbscan_centers,,,,,,5050.0,0.0,0.0,0.0,0.0
cell1_ROI_dbscan_centers,cell1_ROI_dbscan_centers,,,,,,5051.0,0.0,0.0,0.0,0.0
cell1_ROI_dbscan_centers,cell1_ROI_dbscan_centers,,,,,,5052.0,0.0,0.0,0.0,0.0
cell1_ROI_dbscan_centers,cell1_ROI_dbscan_centers,,,,,,5053.0,1.0,1.0,0.0,0.0
cell1_ROI_dbscan_centers,cell1_ROI_dbscan_centers,,,,,,5054.0,0.0,0.0,0.0,0.0
cell1_ROI_dbscan_centers,cell1_ROI_dbscan_centers,,,,,,5055.0,0.0,0.0,0.0,0.0
cell1_ROI_dbscan_centers,cell1_ROI_dbscan_centers,,,,,,5056.0,0.0,0.0,0.0,0.0
cell1_ROI_dbscan_centers,cell1_ROI_dbscan_centers,,,,,,5057.0,0.0,0.0,0.0,1.0
cell1_ROI_dbscan_centers,cell1_ROI_dbscan_centers,,,,,,5058.0,0.0,0.0,0.0,0.0
cell1_ROI_dbscan_centers,cell1_ROI_dbscan_centers,,,,,,5059.0,0.0,0.0,0.0,0.0
cell1_ROI_dbscan_centers,cell1_ROI_dbscan_centers,,,,,,5060.0,1.0,0.0,0.0,0.0
cell1_ROI_dbscan_centers,cell1_ROI_dbscan_centers,,,,,,5061.0,1.0,0.0,0.0,0.0
cell1_ROI_dbscan_centers,cell1_ROI_dbscan_centers,,,,,,5062.0,0.0,1.0,0.0,0.0
cell1_ROI_dbscan_centers,cell1_ROI_dbscan_centers,,,,,,5063.0,0.0,1.0,0.0,0.0
cell1_ROI_dbscan_centers,cell1_ROI_dbscan_centers,,,,,,5064.0,1.0,0.0,0.0,0.0
cell1_ROI_dbscan_centers,cell1_ROI_dbscan_centers,,,,,,5065.0,0.0,0.0,0.0,0.0
cell1_ROI_dbscan_centers,cell1_ROI_dbscan_centers,,,,,,5066.0,0.0,0.0,1.0,0.0
cell1_ROI_dbscan_centers,cell1_ROI_dbscan_centers,,,,,,5067.0,0.0,0.0,0.0,0.0
cell1_ROI_dbscan_centers,cell1_ROI_dbscan_centers,,,,,,5068.0,0.0,0.0,0.0,0.0
cell1_ROI_dbscan_centers,cell1_ROI_dbscan_centers,,,,,,5069.0,0.0,0.0,0.0,0.0
cell1_ROI_dbscan_centers,cell1_ROI_dbscan_centers,,,,,,5070.0,0.0,0.0,0.0,0.0
cell1_ROI_dbscan_centers,cell1_ROI_dbscan_centers,,,,,,5071.0,0.0,0.0,0.0,0.0
cell1_ROI_dbscan_centers,cell1_ROI_dbscan_centers,,,,,,5072.0,0.0,0.0,0.0,0.0
cell1_ROI_dbscan_centers,cell1_ROI_dbscan_centers,,,,,,5073.0,1.0,0.0,0.0,0.0
cell1_ROI_dbscan_centers,cell1_ROI_dbscan_centers,,,,,,5074.0,1.0,0.0,0.0,0.0
cell1_ROI_dbscan_centers,cell1_ROI_dbscan_centers,,,,,,5075.0,1.0,0.0,0.0,0.0
cell1_ROI_dbscan_centers,cell1_ROI_dbscan_centers,,,,,,5076.0,0.0,0.0,1.0,1.0
cell1_ROI_dbscan_centers,cell1_ROI_dbscan_centers,,,,,,5077.0,0.0,0.0,1.0,0.0
cell1_ROI_dbscan_centers,cell1_ROI_dbscan_centers,,,,,,5078.0,0.0,0.0,0.0,0.0
cell1_ROI_dbscan_centers,cell1_ROI_dbscan_centers,,,,,,5079.0,0.0,1.0,0.0,0.0
cell1_ROI_dbscan_centers,cell1_ROI_dbscan_centers,,,,,,5080.0,0.0,0.0,0.0,1.0
cell1_ROI_dbscan_centers,cell1_ROI_dbscan_centers,,,,,,5081.0,0.0,0.0,0.0,0.0
cell1_ROI_dbscan_centers,cell1_ROI_dbscan_centers,,,,,,5082.0,0.0,0.0,0.0,0.0
cell1_ROI_dbscan_centers,cell1_ROI_dbscan_centers,,,,,,5083.0,1.0,0.0,0.0,0.0
cell1_ROI_dbscan_centers,cell1_ROI_dbscan_centers,,,,,,5084.0,1.0,0.0,0.0,0.0
cell1_ROI_dbscan_centers,cell1_ROI_dbscan_centers,,,,,,5085.0,0.0,0.0,1.0,0.0
cell1_ROI_dbscan_centers,cell1_ROI_dbscan_centers,,,,,,5086.0,0.0,1.0,0.0,0.0
cell1_ROI_dbscan_centers,cell1_ROI_dbscan_centers,,,,,,5087.0,1.0,1.0,0.0,0.0
cell1_ROI_dbscan_centers,cell1_ROI_dbscan_centers,,,,,,5088.0,1.0,0.0,0.0,0.0
cell1_ROI_dbscan_centers,cell1_ROI_dbscan_centers,,,,,,5089.0,1.0,0.0,0.0,0.0
cell1_ROI_dbscan_centers,cell1_ROI_dbscan_centers,,,,,,5090.0,0.0,0.0,0.0,0.0
cell1_ROI_dbscan_centers,cell1_ROI_dbscan_centers,,,,,,5091.0,0.0,0.0,0.0,0.0
cell1_ROI_dbscan_centers,cell1_ROI_dbscan_centers,,,,,,5092.0,0.0,0.0,0.0,0.0
cell1_ROI_dbscan_centers,cell1_ROI_dbscan_centers,,,,,,5093.0,0.0,0.0,0.0,0.0
cell1_ROI_dbscan_centers,cell1_ROI_dbscan_centers,,,,,,5094.0,0.0,0.0,0.0,0.0
cell1_ROI_dbscan_centers,cell1_ROI_dbscan_centers,,,,,,5095.0,0.0,0.0,0.0,0.0
cell1_ROI_dbscan_centers,cell1_ROI_dbscan_centers,,,,,,5096.0,0.0,1.0,0.0,0.0
cell1_ROI_dbscan_centers,cell1_ROI_dbscan_centers,,,,,,5097.0,0.0,0.0,0.0,0.0
cell1_ROI_dbscan_centers,cell1_ROI_dbscan_centers,,,,,,5098.0,0.0,0.0,0.0,0.0
cell1_ROI_dbscan_centers,cell1_ROI_dbscan_centers,,,,,,5099.0,0.0,2.0,0.0,0.0
cell1_ROI_dbscan_centers,cell1_ROI_dbscan_centers,,,,,,5100.0,0.0,0.0,0.0,0.0
cell1_ROI_dbscan_centers,cell1_ROI_dbscan_centers,,,,,,5101.0,0.0,0.0,0.0,2.0
cell1_ROI_dbscan_centers,cell1_ROI_dbscan_centers,,,,,,5102.0,1.0,1.0,0.0,0.0
cell1_ROI_dbscan_centers,cell1_ROI_dbscan_centers,,,,,,5103.0,0.0,1.0,0.0,0.0
cell1_ROI_dbscan_centers,cell1_ROI_dbscan_centers,,,,,,5104.0,0.0,0.0,0.0,0.0
cell1_ROI_dbscan_centers,cell1_ROI_dbscan_centers,,,,,,5105.0,0.0,0.0,0.0,0.0
cell1_ROI_dbscan_centers,cell1_ROI_dbscan_centers,,,,,,5106.0,0.0,0.0,0.0,0.0
cell1_ROI_dbscan_centers,cell1_ROI_dbscan_centers,,,,,,5107.0,0.0,0.0,0.0,0.0
cell1_ROI_dbscan_centers,cell1_ROI_dbscan_centers,,,,,,5108.0,0.0,0.0,0.0,0.0
cell1_ROI_dbscan_centers,cell1_ROI_dbscan_centers,,,,,,5109.0,0.0,0.0,0.0,0.0
cell1_ROI_dbscan_centers,cell1_ROI_dbscan_centers,,,,,,5110.0,1.0,1.0,0.0,0.0
cell1_ROI_dbscan_centers,cell1_ROI_dbscan_centers,,,,,,5111.0,0.0,0.0,0.0,0.0
cell1_ROI_dbscan_centers,cell1_ROI_dbscan_centers,,,,,,5112.0,0.0,1.0,0.0,1.0
cell1_ROI_dbscan_centers,cell1_ROI_dbscan_centers,,,,,,5113.0,0.0,0.0,0.0,1.0
cell1_ROI_dbscan_centers,cell1_ROI_dbscan_centers,,,,,,5114.0,0.0,0.0,0.0,1.0
cell1_ROI_dbscan_centers,cell1_ROI_dbscan_centers,,,,,,5115.0,0.0,0.0,0.0,0.0
cell1_ROI_dbscan_centers,cell1_ROI_dbscan_centers,,,,,,5116.0,0.0,1.0,0.0,0.0
cell1_ROI_dbscan_centers,cell1_ROI_dbscan_centers,,,,,,5117.0,0.0,0.0,0.0,1.0
cell1_ROI_dbscan_centers,cell1_ROI_dbscan_centers,,,,,,5118.0,1.0,1.0,0.0,0.0
cell1_ROI_dbscan_centers,cell1_ROI_dbscan_centers,,,,,,5119.0,0.0,0.0,0.0,0.0
cell1_ROI_dbscan_centers,cell1_ROI_dbscan_centers,,,,,,5120.0,1.0,0.0,0.0,0.0
cell1_ROI_dbscan_centers,cell1_ROI_dbscan_centers,,,,,,5121.0,0.0,0.0,0.0,0.0
cell1_ROI_dbscan_centers,cell1_ROI_dbscan_centers,,,,,,5122.0,0.0,1.0,0.0,1.0
cell1_ROI_dbscan_centers,cell1_ROI_dbscan_centers,,,,,,5123.0,1.0,1.0,0.0,0.0
cell1_ROI_dbscan_centers,cell1_ROI_dbscan_centers,,,,,,5124.0,0.0,0.0,0.0,0.0
cell1_ROI_dbscan_centers,cell1_ROI_dbscan_centers,,,,,,5125.0,0.0,0.0,0.0,1.0
cell1_ROI_dbscan_centers,cell1_ROI_dbscan_centers,,,,,,5126.0,1.0,0.0,0.0,0.0
cell1_ROI_dbscan_centers,cell1_ROI_dbscan_centers,,,,,,5127.0,0.0,1.0,0.0,0.0
cell1_ROI_dbscan_centers,cell1_ROI_dbscan_centers,,,,,,5128.0,0.0,0.0,0.0,0.0
cell1_ROI_dbscan_centers,cell1_ROI_dbscan_centers,,,,,,5129.0,1.0,0.0,0.0,0.0
cell1_ROI_dbscan_centers,cell1_ROI_dbscan_centers,,,,,,5130.0,0.0,1.0,0.0,1.0
cell1_ROI_dbscan_centers,cell1_ROI_dbscan_centers,,,,,,5131.0,1.0,0.0,0.0,0.0
cell1_ROI_dbscan_centers,cell1_ROI_dbscan_centers,,,,,,5132.0,0.0,0.0,0.0,0.0
cell1_ROI_dbscan_centers,cell1_ROI_dbscan_centers,,,,,,5133.0,1.0,0.0,0.0,1.0
cell1_ROI_dbscan_centers,cell1_ROI_dbscan_centers,,,,,,5134.0,0.0,0.0,0.0,0.0
cell1_ROI_dbscan_centers,cell1_ROI_dbscan_centers,,,,,,5135.0,0.0,0.0,0.0,0.0
cell1_ROI_dbscan_centers,cell1_ROI_dbscan_centers,,,,,,5136.0,0.0,0.0,0.0,0.0
cell1_ROI_dbscan_centers,cell1_ROI_dbscan_centers,,,,,,5137.0,0.0,0.0,0.0,0.0
cell1_ROI_dbscan_centers,cell1_ROI_dbscan_centers,,,,,,5138.0,0.0,1.0,0.0,0.0
cell1_ROI_dbscan_centers,cell1_ROI_dbscan_centers,,,,,,5139.0,0.0,0.0,0.0,1.0
cell1_ROI_dbscan_centers,cell1_ROI_dbscan_centers,,,,,,5140.0,0.0,0.0,0.0,0.0
cell1_ROI_dbscan_centers,cell1_ROI_dbscan_centers,,,,,,5141.0,0.0,1.0,0.0,0.0
cell1_ROI_dbscan_centers,cell1_ROI_dbscan_centers,,,,,,5142.0,1.0,0.0,0.0,0.0
cell1_ROI_dbscan_centers,cell1_ROI_dbscan_centers,,,,,,5143.0,1.0,0.0,0.0,0.0
cell1_ROI_dbscan_centers,cell1_ROI_dbscan_centers,,,,,,5144.0,1.0,0.0,1.0,0.0
cell1_ROI_dbscan_centers,cell1_ROI_dbscan_centers,,,,,,5145.0,0.0,0.0,0.0,0.0
cell1_ROI_dbscan_centers,cell1_ROI_dbscan_centers,,,,,,5146.0,0.0,1.0,0.0,0.0
cell1_ROI_dbscan_centers,cell1_ROI_dbscan_centers,,,,,,5147.0,0.0,0.0,0.0,0.0
cell1_ROI_dbscan_centers,cell1_ROI_dbscan_centers,,,,,,5148.0,0.0,0.0,0.0,0.0
cell1_ROI_dbscan_centers,cell1_ROI_dbscan_centers,,,,,,5149.0,0.0,0.0,0.0,0.0
cell1_ROI_dbscan_centers,cell1_ROI_dbscan_centers,,,,,,5150.0,1.0,0.0,0.0,0.0
cell1_ROI_dbscan_centers,cell1_ROI_dbscan_centers,,,,,,5151.0,1.0,0.0,1.0,0.0
cell1_ROI_dbscan_centers,cell1_ROI_dbscan_centers,,,,,,5152.0,1.0,0.0,0.0,0.0
cell1_ROI_dbscan_centers,cell1_ROI_dbscan_centers,,,,,,5153.0,0.0,0.0,0.0,0.0
cell1_ROI_dbscan_centers,cell1_ROI_dbscan_centers,,,,,,5154.0,0.0,0.0,0.0,0.0
cell1_ROI_dbscan_centers,cell1_ROI_dbscan_centers,,,,,,5155.0,0.0,0.0,0.0,0.0
cell1_ROI_dbscan_centers,cell1_ROI_dbscan_centers,,,,,,5156.0,0.0,1.0,0.0,0.0
cell1_ROI_dbscan_centers,cell1_ROI_dbscan_centers,,,,,,5157.0,0.0,1.0,0.0,1.0
cell1_ROI_dbscan_centers,cell1_ROI_dbscan_centers,,,,,,5158.0,0.0,0.0,0.0,0.0
cell1_ROI_dbscan_centers,cell1_ROI_dbscan_centers,,,,,,5159.0,0.0,0.0,0.0,0.0
cell1_ROI_dbscan_centers,cell1_ROI_dbscan_centers,,,,,,5160.0,0.0,2.0,1.0,1.0
cell1_ROI_dbscan_centers,cell1_ROI_dbscan_centers,,,,,,5161.0,1.0,0.0,0.0,0.0
cell1_ROI_dbscan_centers,cell1_ROI_dbscan_centers,,,,,,5162.0,0.0,0.0,0.0,1.0
cell1_ROI_dbscan_centers,cell1_ROI_dbscan_centers,,,,,,5163.0,0.0,0.0,0.0,0.0
cell1_ROI_dbscan_centers,cell1_ROI_dbscan_centers,,,,,,5164.0,0.0,0.0,0.0,1.0
cell1_ROI_dbscan_centers,cell1_ROI_dbscan_centers,,,,,,5165.0,0.0,0.0,0.0,0.0
cell1_ROI_dbscan_centers,cell1_ROI_dbscan_centers,,,,,,5166.0,0.0,0.0,0.0,0.0
cell1_ROI_dbscan_centers,cell1_ROI_dbscan_centers,,,,,,5167.0,0.0,0.0,0.0,0.0
cell1_ROI_dbscan_centers,cell1_ROI_dbscan_centers,,,,,,5168.0,1.0,0.0,0.0,0.0
cell1_ROI_dbscan_centers,cell1_ROI_dbscan_centers,,,,,,5169.0,0.0,0.0,0.0,0.0
cell1_ROI_dbscan_centers,cell1_ROI_dbscan_centers,,,,,,5170.0,0.0,0.0,0.0,0.0
cell1_ROI_dbscan_centers,cell1_ROI_dbscan_centers,,,,,,5171.0,0.0,0.0,0.0,0.0
cell1_ROI_dbscan_centers,cell1_ROI_dbscan_centers,,,,,,5172.0,0.0,0.0,0.0,1.0
cell1_ROI_dbscan_centers,cell1_ROI_dbscan_centers,,,,,,5173.0,0.0,0.0,0.0,0.0
cell1_ROI_dbscan_centers,cell1_ROI_dbscan_centers,,,,,,5174.0,0.0,1.0,0.0,1.0
cell1_ROI_dbscan_centers,cell1_ROI_dbscan_centers,,,,,,5175.0,1.0,1.0,0.0,0.0
cell1_ROI_dbscan_centers,cell1_ROI_dbscan_centers,,,,,,5176.0,0.0,0.0,0.0,0.0
cell1_ROI_dbscan_centers,cell1_ROI_dbscan_centers,,,,,,5177.0,0.0,0.0,0.0,0.0
cell1_ROI_dbscan_centers,cell1_ROI_dbscan_centers,,,,,,5178.0,0.0,1.0,0.0,0.0
cell1_ROI_dbscan_centers,cell1_ROI_dbscan_centers,,,,,,5179.0,0.0,0.0,0.0,0.0
cell1_ROI_dbscan_centers,cell1_ROI_dbscan_centers,,,,,,5180.0,0.0,0.0,0.0,0.0
cell1_ROI_dbscan_centers,cell1_ROI_dbscan_centers,,,,,,5181.0,0.0,0.0,0.0,0.0
cell1_ROI_dbscan_centers,cell1_ROI_dbscan_centers,,,,,,5182.0,0.0,0.0,0.0,0.0
cell1_ROI_dbscan_centers,cell1_ROI_dbscan_centers,,,,,,5183.0,0.0,0.0,0.0,0.0
cell1_ROI_dbscan_centers,cell1_ROI_dbscan_centers,,,,,,5184.0,0.0,0.0,0.0,0.0
cell1_ROI_dbscan_centers,cell1_ROI_dbscan_centers,,,,,,5185.0,0.0,0.0,0.0,0.0
cell1_ROI_dbscan_centers,cell1_ROI_dbscan_centers,,,,,,5186.0,0.0,0.0,0.0,1.0
cell1_ROI_dbscan_centers,cell1_ROI_dbscan_centers,,,,,,5187.0,0.0,0.0,0.0,0.0
cell1_ROI_dbscan_centers,cell1_ROI_dbscan_centers,,,,,,5188.0,1.0,0.0,0.0,0.0
cell1_ROI_dbscan_centers,cell1_ROI_dbscan_centers,,,,,,5189.0,0.0,1.0,0.0,0.0
cell1_ROI_dbscan_centers,cell1_ROI_dbscan_centers,,,,,,5190.0,0.0,2.0,0.0,0.0
cell1_ROI_dbscan_centers,cell1_ROI_dbscan_centers,,,,,,5191.0,0.0,1.0,0.0,0.0
cell1_ROI_dbscan_centers,cell1_ROI_dbscan_centers,,,,,,5192.0,0.0,0.0,0.0,0.0
cell1_ROI_dbscan_centers,cell1_ROI_dbscan_centers,,,,,,5193.0,0.0,1.0,0.0,1.0
cell1_ROI_dbscan_centers,cell1_ROI_dbscan_centers,,,,,,5194.0,0.0,0.0,0.0,0.0
cell1_ROI_dbscan_centers,cell1_ROI_dbscan_centers,,,,,,5195.0,0.0,1.0,0.0,0.0
cell1_ROI_dbscan_centers,cell1_ROI_dbscan_centers,,,,,,5196.0,0.0,0.0,0.0,0.0
cell1_ROI_dbscan_centers,cell1_ROI_dbscan_centers,,,,,,5197.0,0.0,0.0,0.0,0.0
cell1_ROI_dbscan_centers,cell1_ROI_dbscan_centers,,,,,,5198.0,0.0,0.0,0.0,0.0
cell1_ROI_dbscan_centers,cell1_ROI_dbscan_centers,,,,,,5199.0,0.0,0.0,0.0,0.0
cell1_ROI_dbscan_centers,cell1_ROI_dbscan_centers,,,,,,5200.0,1.0,0.0,0.0,0.0
cell1_ROI_dbscan_centers,cell1_ROI_dbscan_centers,,,,,,5201.0,0.0,1.0,0.0,0.0
cell1_ROI_dbscan_centers,cell1_ROI_dbscan_centers,,,,,,5202.0,1.0,1.0,0.0,0.0
cell1_ROI_dbscan_centers,cell1_ROI_dbscan_centers,,,,,,5203.0,0.0,0.0,0.0,0.0
cell1_ROI_dbscan_centers,cell1_ROI_dbscan_centers,,,,,,5204.0,0.0,0.0,0.0,0.0
cell1_ROI_dbscan_centers,cell1_ROI_dbscan_centers,,,,,,5205.0,0.0,1.0,0.0,1.0
cell1_ROI_dbscan_centers,cell1_ROI_dbscan_centers,,,,,,5206.0,0.0,0.0,0.0,0.0
cell1_ROI_dbscan_centers,cell1_ROI_dbscan_centers,,,,,,5207.0,0.0,0.0,0.0,0.0
cell1_ROI_dbscan_centers,cell1_ROI_dbscan_centers,,,,,,5208.0,0.0,0.0,0.0,0.0
cell1_ROI_dbscan_centers,cell1_ROI_dbscan_centers,,,,,,5209.0,0.0,0.0,0.0,0.0
cell1_ROI_dbscan_centers,cell1_ROI_dbscan_centers,,,,,,5210.0,0.0,0.0,0.0,0.0
cell1_ROI_dbscan_centers,cell1_ROI_dbscan_centers,,,,,,5211.0,0.0,0.0,0.0,0.0
cell1_ROI_dbscan_centers,cell1_ROI_dbscan_centers,,,,,,5212.0,0.0,0.0,0.0,0.0
cell1_ROI_dbscan_centers,cell1_ROI_dbscan_centers,,,,,,5213.0,0.0,0.0,0.0,0.0
cell1_ROI_dbscan_centers,cell1_ROI_dbscan_centers,,,,,,5214.0,0.0,0.0,0.0,0.0
cell1_ROI_dbscan_centers,cell1_ROI_dbscan_centers,,,,,,5215.0,1.0,2.0,0.0,0.0
cell1_ROI_dbscan_centers,cell1_ROI_dbscan_centers,,,,,,5216.0,0.0,2.0,0.0,0.0
cell1_ROI_dbscan_centers,cell1_ROI_dbscan_centers,,,,,,5217.0,0.0,0.0,0.0,0.0
cell1_ROI_dbscan_centers,cell1_ROI_dbscan_centers,,,,,,5218.0,1.0,0.0,0.0,0.0
cell1_ROI_dbscan_centers,cell1_ROI_dbscan_centers,,,,,,5219.0,1.0,0.0,0.0,0.0
cell1_ROI_dbscan_centers,cell1_ROI_dbscan_centers,,,,,,5220.0,1.0,0.0,0.0,1.0
cell1_ROI_dbscan_centers,cell1_ROI_dbscan_centers,,,,,,5221.0,0.0,0.0,0.0,0.0
cell1_ROI_dbscan_centers,cell1_ROI_dbscan_centers,,,,,,5222.0,1.0,3.0,0.0,1.0
cell1_ROI_dbscan_centers,cell1_ROI_dbscan_centers,,,,,,5223.0,0.0,1.0,0.0,0.0
cell1_ROI_dbscan_centers,cell1_ROI_dbscan_centers,,,,,,5224.0,0.0,0.0,0.0,1.0
cell1_ROI_dbscan_centers,cell1_ROI_dbscan_centers,,,,,,5225.0,1.0,0.0,0.0,0.0
cell1_ROI_dbscan_centers,cell1_ROI_dbscan_centers,,,,,,5226.0,0.0,0.0,0.0,0.0
cell1_ROI_dbscan_centers,cell1_ROI_dbscan_centers,,,,,,5227.0,0.0,0.0,0.0,0.0
cell1_ROI_dbscan_centers,cell1_ROI_dbscan_centers,,,,,,5228.0,0.0,0.0,0.0,0.0
cell1_ROI_dbscan_centers,cell1_ROI_dbscan_centers,,,,,,5229.0,0.0,0.0,0.0,0.0
cell1_ROI_dbscan_centers,cell1_ROI_dbscan_centers,,,,,,5230.0,0.0,0.0,0.0,0.0
cell1_ROI_dbscan_centers,cell1_ROI_dbscan_centers,,,,,,5231.0,0.0,1.0,0.0,0.0
cell1_ROI_dbscan_centers,cell1_ROI_dbscan_centers,,,,,,5232.0,0.0,1.0,0.0,1.0
cell1_ROI_dbscan_centers,cell1_ROI_dbscan_centers,,,,,,5233.0,1.0,0.0,0.0,0.0
cell1_ROI_dbscan_centers,cell1_ROI_dbscan_centers,,,,,,5234.0,1.0,1.0,0.0,0.0
cell1_ROI_dbscan_centers,cell1_ROI_dbscan_centers,,,,,,5235.0,0.0,0.0,0.0,0.0
cell1_ROI_dbscan_centers,cell1_ROI_dbscan_centers,,,,,,5236.0,0.0,0.0,0.0,0.0
cell1_ROI_dbscan_centers,cell1_ROI_dbscan_centers,,,,,,5237.0,0.0,0.0,0.0,0.0
cell1_ROI_dbscan_centers,cell1_ROI_dbscan_centers,,,,,,5238.0,1.0,1.0,0.0,0.0
cell1_ROI_dbscan_centers,cell1_ROI_dbscan_centers,,,,,,5239.0,0.0,0.0,0.0,2.0
cell1_ROI_dbscan_centers,cell1_ROI_dbscan_centers,,,,,,5240.0,0.0,0.0,0.0,0.0
cell1_ROI_dbscan_centers,cell1_ROI_dbscan_centers,,,,,,5241.0,1.0,1.0,0.0,1.0
cell1_ROI_dbscan_centers,cell1_ROI_dbscan_centers,,,,,,5242.0,0.0,0.0,0.0,1.0
cell1_ROI_dbscan_centers,cell1_ROI_dbscan_centers,,,,,,5243.0,0.0,0.0,0.0,0.0
cell1_ROI_dbscan_centers,cell1_ROI_dbscan_centers,,,,,,5244.0,0.0,0.0,0.0,1.0
cell1_ROI_dbscan_centers,cell1_ROI_dbscan_centers,,,,,,5245.0,0.0,0.0,0.0,0.0
cell1_ROI_dbscan_centers,cell1_ROI_dbscan_centers,,,,,,5246.0,0.0,0.0,0.0,0.0
cell1_ROI_dbscan_centers,cell1_ROI_dbscan_centers,,,,,,5247.0,0.0,0.0,0.0,0.0
cell1_ROI_dbscan_centers,cell1_ROI_dbscan_centers,,,,,,5248.0,0.0,0.0,1.0,0.0
cell1_ROI_dbscan_centers,cell1_ROI_dbscan_centers,,,,,,5249.0,0.0,1.0,0.0,1.0
cell1_ROI_dbscan_centers,cell1_ROI_dbscan_centers,,,,,,5250.0,1.0,0.0,0.0,0.0
cell1_ROI_dbscan_centers,cell1_ROI_dbscan_centers,,,,,,5251.0,0.0,0.0,0.0,0.0
cell1_ROI_dbscan_centers,cell1_ROI_dbscan_centers,,,,,,5252.0,1.0,0.0,0.0,0.0
cell1_ROI_dbscan_centers,cell1_ROI_dbscan_centers,,,,,,5253.0,0.0,0.0,0.0,0.0
cell1_ROI_dbscan_centers,cell1_ROI_dbscan_centers,,,,,,5254.0,0.0,0.0,0.0,1.0
cell1_ROI_dbscan_centers,cell1_ROI_dbscan_centers,,,,,,5255.0,0.0,0.0,0.0,0.0
cell1_ROI_dbscan_centers,cell1_ROI_dbscan_centers,,,,,,5256.0,0.0,0.0,0.0,0.0
cell1_ROI_dbscan_centers,cell1_ROI_dbscan_centers,,,,,,5257.0,0.0,0.0,0.0,0.0
cell1_ROI_dbscan_centers,cell1_ROI_dbscan_centers,,,,,,5258.0,0.0,0.0,0.0,2.0
cell1_ROI_dbscan_centers,cell1_ROI_dbscan_centers,,,,,,5259.0,0.0,0.0,0.0,0.0
cell1_ROI_dbscan_centers,cell1_ROI_dbscan_centers,,,,,,5260.0,0.0,0.0,1.0,0.0
cell1_ROI_dbscan_centers,cell1_ROI_dbscan_centers,,,,,,5261.0,0.0,1.0,0.0,0.0
cell1_ROI_dbscan_centers,cell1_ROI_dbscan_centers,,,,,,5262.0,1.0,0.0,1.0,0.0
cell1_ROI_dbscan_centers,cell1_ROI_dbscan_centers,,,,,,5263.0,0.0,0.0,0.0,0.0
cell1_ROI_dbscan_centers,cell1_ROI_dbscan_centers,,,,,,5264.0,0.0,0.0,0.0,0.0
cell1_ROI_dbscan_centers,cell1_ROI_dbscan_centers,,,,,,5265.0,0.0,0.0,0.0,0.0
cell1_ROI_dbscan_centers,cell1_ROI_dbscan_centers,,,,,,5266.0,0.0,0.0,0.0,0.0
cell1_ROI_dbscan_centers,cell1_ROI_dbscan_centers,,,,,,5267.0,0.0,0.0,0.0,0.0
cell1_ROI_dbscan_centers,cell1_ROI_dbscan_centers,,,,,,5268.0,0.0,0.0,0.0,0.0
cell1_ROI_dbscan_centers,cell1_ROI_dbscan_centers,,,,,,5269.0,1.0,0.0,0.0,0.0
cell1_ROI_dbscan_centers,cell1_ROI_dbscan_centers,,,,,,5270.0,1.0,2.0,0.0,0.0
cell1_ROI_dbscan_centers,cell1_ROI_dbscan_centers,,,,,,5271.0,1.0,1.0,1.0,1.0
cell1_ROI_dbscan_centers,cell1_ROI_dbscan_centers,,,,,,5272.0,0.0,0.0,0.0,0.0
cell1_ROI_dbscan_centers,cell1_ROI_dbscan_centers,,,,,,5273.0,0.0,1.0,0.0,0.0
cell1_ROI_dbscan_centers,cell1_ROI_dbscan_centers,,,,,,5274.0,0.0,0.0,0.0,0.0
cell1_ROI_dbscan_centers,cell1_ROI_dbscan_centers,,,,,,5275.0,0.0,0.0,1.0,1.0
cell1_ROI_dbscan_centers,cell1_ROI_dbscan_centers,,,,,,5276.0,0.0,0.0,0.0,0.0
cell1_ROI_dbscan_centers,cell1_ROI_dbscan_centers,,,,,,5277.0,1.0,1.0,0.0,0.0
cell1_ROI_dbscan_centers,cell1_ROI_dbscan_centers,,,,,,5278.0,0.0,0.0,0.0,1.0
cell1_ROI_dbscan_centers,cell1_ROI_dbscan_centers,,,,,,5279.0,0.0,0.0,0.0,0.0
cell1_ROI_dbscan_centers,cell1_ROI_dbscan_centers,,,,,,5280.0,0.0,0.0,0.0,0.0
cell1_ROI_dbscan_centers,cell1_ROI_dbscan_centers,,,,,,5281.0,0.0,1.0,0.0,0.0
cell1_ROI_dbscan_centers,cell1_ROI_dbscan_centers,,,,,,5282.0,1.0,0.0,0.0,0.0
cell1_ROI_dbscan_centers,cell1_ROI_dbscan_centers,,,,,,5283.0,0.0,0.0,0.0,0.0
cell1_ROI_dbscan_centers,cell1_ROI_dbscan_centers,,,,,,5284.0,1.0,0.0,0.0,0.0
cell1_ROI_dbscan_centers,cell1_ROI_dbscan_centers,,,,,,5285.0,0.0,0.0,0.0,0.0
cell1_ROI_dbscan_centers,cell1_ROI_dbscan_centers,,,,,,5286.0,0.0,0.0,0.0,0.0
cell1_ROI_dbscan_centers,cell1_ROI_dbscan_centers,,,,,,5287.0,1.0,0.0,0.0,0.0
cell1_ROI_dbscan_centers,cell1_ROI_dbscan_centers,,,,,,5288.0,0.0,0.0,0.0,0.0
cell1_ROI_dbscan_centers,cell1_ROI_dbscan_centers,,,,,,5289.0,0.0,1.0,0.0,0.0
cell1_ROI_dbscan_centers,cell1_ROI_dbscan_centers,,,,,,5290.0,0.0,0.0,0.0,0.0
cell1_ROI_dbscan_centers,cell1_ROI_dbscan_centers,,,,,,5291.0,1.0,0.0,0.0,0.0
cell1_ROI_dbscan_centers,cell1_ROI_dbscan_centers,,,,,,5292.0,0.0,0.0,0.0,0.0
cell1_ROI_dbscan_centers,cell1_ROI_dbscan_centers,,,,,,5293.0,0.0,0.0,1.0,0.0
cell1_ROI_dbscan_centers,cell1_ROI_dbscan_centers,,,,,,5294.0,0.0,0.0,0.0,0.0
cell1_ROI_dbscan_centers,cell1_ROI_dbscan_centers,,,,,,5295.0,0.0,0.0,0.0,1.0
cell1_ROI_dbscan_centers,cell1_ROI_dbscan_centers,,,,,,5296.0,0.0,1.0,0.0,0.0
cell1_ROI_dbscan_centers,cell1_ROI_dbscan_centers,,,,,,5297.0,0.0,1.0,0.0,0.0
cell1_ROI_dbscan_centers,cell1_ROI_dbscan_centers,,,,,,5298.0,0.0,0.0,0.0,1.0
cell1_ROI_dbscan_centers,cell1_ROI_dbscan_centers,,,,,,5299.0,0.0,0.0,0.0,1.0
cell1_ROI_dbscan_centers,cell1_ROI_dbscan_centers,,,,,,5300.0,0.0,1.0,0.0,0.0
cell1_ROI_dbscan_centers,cell1_ROI_dbscan_centers,,,,,,5301.0,0.0,0.0,0.0,0.0
cell1_ROI_dbscan_centers,cell1_ROI_dbscan_centers,,,,,,5302.0,0.0,0.0,0.0,1.0
cell1_ROI_dbscan_centers,cell1_ROI_dbscan_centers,,,,,,5303.0,0.0,0.0,0.0,0.0
cell1_ROI_dbscan_centers,cell1_ROI_dbscan_centers,,,,,,5304.0,2.0,1.0,1.0,0.0
cell1_ROI_dbscan_centers,cell1_ROI_dbscan_centers,,,,,,5305.0,0.0,0.0,0.0,0.0
cell1_ROI_dbscan_centers,cell1_ROI_dbscan_centers,,,,,,5306.0,0.0,0.0,0.0,1.0
cell1_ROI_dbscan_centers,cell1_ROI_dbscan_centers,,,,,,5307.0,0.0,0.0,2.0,0.0
cell1_ROI_dbscan_centers,cell1_ROI_dbscan_centers,,,,,,5308.0,1.0,1.0,0.0,0.0
cell1_ROI_dbscan_centers,cell1_ROI_dbscan_centers,,,,,,5309.0,0.0,0.0,0.0,1.0
cell1_ROI_dbscan_centers,cell1_ROI_dbscan_centers,,,,,,5310.0,0.0,0.0,0.0,0.0
cell1_ROI_dbscan_centers,cell1_ROI_dbscan_centers,,,,,,5311.0,0.0,1.0,1.0,0.0
cell1_ROI_dbscan_centers,cell1_ROI_dbscan_centers,,,,,,5312.0,0.0,0.0,0.0,0.0
cell1_ROI_dbscan_centers,cell1_ROI_dbscan_centers,,,,,,5313.0,0.0,0.0,0.0,0.0
cell1_ROI_dbscan_centers,cell1_ROI_dbscan_centers,,,,,,5314.0,0.0,0.0,0.0,0.0
cell1_ROI_dbscan_centers,cell1_ROI_dbscan_centers,,,,,,5315.0,0.0,0.0,0.0,1.0
cell1_ROI_dbscan_centers,cell1_ROI_dbscan_centers,,,,,,5316.0,0.0,0.0,0.0,1.0
cell1_ROI_dbscan_centers,cell1_ROI_dbscan_centers,,,,,,5317.0,0.0,0.0,0.0,0.0
cell1_ROI_dbscan_centers,cell1_ROI_dbscan_centers,,,,,,5318.0,0.0,0.0,0.0,0.0
cell1_ROI_dbscan_centers,cell1_ROI_dbscan_centers,,,,,,5319.0,0.0,1.0,0.0,0.0
cell1_ROI_dbscan_centers,cell1_ROI_dbscan_centers,,,,,,5320.0,1.0,0.0,0.0,0.0
cell1_ROI_dbscan_centers,cell1_ROI_dbscan_centers,,,,,,5321.0,0.0,0.0,0.0,0.0
cell1_ROI_dbscan_centers,cell1_ROI_dbscan_centers,,,,,,5322.0,0.0,0.0,1.0,0.0
cell1_ROI_dbscan_centers,cell1_ROI_dbscan_centers,,,,,,5323.0,0.0,0.0,0.0,1.0
cell1_ROI_dbscan_centers,cell1_ROI_dbscan_centers,,,,,,5324.0,0.0,0.0,0.0,0.0
cell1_ROI_dbscan_centers,cell1_ROI_dbscan_centers,,,,,,5325.0,1.0,1.0,0.0,0.0
cell1_ROI_dbscan_centers,cell1_ROI_dbscan_centers,,,,,,5326.0,1.0,0.0,0.0,0.0
cell1_ROI_dbscan_centers,cell1_ROI_dbscan_centers,,,,,,5327.0,0.0,0.0,0.0,0.0
cell1_ROI_dbscan_centers,cell1_ROI_dbscan_centers,,,,,,5328.0,0.0,0.0,0.0,0.0
cell1_ROI_dbscan_centers,cell1_ROI_dbscan_centers,,,,,,5329.0,0.0,2.0,0.0,2.0
cell1_ROI_dbscan_centers,cell1_ROI_dbscan_centers,,,,,,5330.0,0.0,0.0,0.0,0.0
cell1_ROI_dbscan_centers,cell1_ROI_dbscan_centers,,,,,,5331.0,0.0,1.0,1.0,0.0
cell1_ROI_dbscan_centers,cell1_ROI_dbscan_centers,,,,,,5332.0,0.0,0.0,0.0,0.0
cell1_ROI_dbscan_centers,cell1_ROI_dbscan_centers,,,,,,5333.0,0.0,0.0,1.0,1.0
cell1_ROI_dbscan_centers,cell1_ROI_dbscan_centers,,,,,,5334.0,0.0,0.0,0.0,0.0
cell1_ROI_dbscan_centers,cell1_ROI_dbscan_centers,,,,,,5335.0,1.0,0.0,0.0,0.0
cell1_ROI_dbscan_centers,cell1_ROI_dbscan_centers,,,,,,5336.0,0.0,0.0,0.0,0.0
cell1_ROI_dbscan_centers,cell1_ROI_dbscan_centers,,,,,,5337.0,0.0,0.0,0.0,0.0
cell1_ROI_dbscan_centers,cell1_ROI_dbscan_centers,,,,,,5338.0,0.0,0.0,0.0,0.0
cell1_ROI_dbscan_centers,cell1_ROI_dbscan_centers,,,,,,5339.0,0.0,2.0,0.0,0.0
cell1_ROI_dbscan_centers,cell1_ROI_dbscan_centers,,,,,,5340.0,0.0,0.0,0.0,2.0
cell1_ROI_dbscan_centers,cell1_ROI_dbscan_centers,,,,,,5341.0,0.0,0.0,0.0,0.0
cell1_ROI_dbscan_centers,cell1_ROI_dbscan_centers,,,,,,5342.0,1.0,1.0,0.0,0.0
cell1_ROI_dbscan_centers,cell1_ROI_dbscan_centers,,,,,,5343.0,0.0,0.0,0.0,0.0
cell1_ROI_dbscan_centers,cell1_ROI_dbscan_centers,,,,,,5344.0,0.0,0.0,0.0,0.0
cell1_ROI_dbscan_centers,cell1_ROI_dbscan_centers,,,,,,5345.0,1.0,1.0,0.0,1.0
cell1_ROI_dbscan_centers,cell1_ROI_dbscan_centers,,,,,,5346.0,0.0,0.0,0.0,0.0
cell1_ROI_dbscan_centers,cell1_ROI_dbscan_centers,,,,,,5347.0,1.0,0.0,0.0,1.0
cell1_ROI_dbscan_centers,cell1_ROI_dbscan_centers,,,,,,5348.0,0.0,1.0,0.0,0.0
cell1_ROI_dbscan_centers,cell1_ROI_dbscan_centers,,,,,,5349.0,1.0,0.0,0.0,0.0
cell1_ROI_dbscan_centers,cell1_ROI_dbscan_centers,,,,,,5350.0,0.0,0.0,1.0,0.0
cell1_ROI_dbscan_centers,cell1_ROI_dbscan_centers,,,,,,5351.0,0.0,1.0,0.0,0.0
cell1_ROI_dbscan_centers,cell1_ROI_dbscan_centers,,,,,,5352.0,0.0,0.0,0.0,0.0
cell1_ROI_dbscan_centers,cell1_ROI_dbscan_centers,,,,,,5353.0,0.0,0.0,0.0,0.0
cell1_ROI_dbscan_centers,cell1_ROI_dbscan_centers,,,,,,5354.0,0.0,0.0,1.0,0.0
cell1_ROI_dbscan_centers,cell1_ROI_dbscan_centers,,,,,,5355.0,0.0,0.0,0.0,0.0
cell1_ROI_dbscan_centers,cell1_ROI_dbscan_centers,,,,,,5356.0,1.0,0.0,0.0,0.0
cell1_ROI_dbscan_centers,cell1_ROI_dbscan_centers,,,,,,5357.0,0.0,0.0,0.0,0.0
cell1_ROI_dbscan_centers,cell1_ROI_dbscan_centers,,,,,,5358.0,0.0,0.0,0.0,1.0
cell1_ROI_dbscan_centers,cell1_ROI_dbscan_centers,,,,,,5359.0,0.0,0.0,0.0,0.0
cell1_ROI_dbscan_centers,cell1_ROI_dbscan_centers,,,,,,5360.0,0.0,0.0,0.0,0.0
cell1_ROI_dbscan_centers,cell1_ROI_dbscan_centers,,,,,,5361.0,0.0,0.0,0.0,0.0
cell1_ROI_dbscan_centers,cell1_ROI_dbscan_centers,,,,,,5362.0,0.0,0.0,0.0,0.0
cell1_ROI_dbscan_centers,cell1_ROI_dbscan_centers,,,,,,5363.0,0.0,0.0,0.0,0.0
cell1_ROI_dbscan_centers,cell1_ROI_dbscan_centers,,,,,,5364.0,0.0,2.0,0.0,0.0
cell1_ROI_dbscan_centers,cell1_ROI_dbscan_centers,,,,,,5365.0,0.0,0.0,0.0,0.0
cell1_ROI_dbscan_centers,cell1_ROI_dbscan_centers,,,,,,5366.0,0.0,0.0,0.0,1.0
cell1_ROI_dbscan_centers,cell1_ROI_dbscan_centers,,,,,,5367.0,1.0,0.0,0.0,0.0
cell1_ROI_dbscan_centers,cell1_ROI_dbscan_centers,,,,,,5368.0,0.0,0.0,0.0,1.0
cell1_ROI_dbscan_centers,cell1_ROI_dbscan_centers,,,,,,5369.0,0.0,0.0,0.0,1.0
cell1_ROI_dbscan_centers,cell1_ROI_dbscan_centers,,,,,,5370.0,1.0,0.0,0.0,0.0
cell1_ROI_dbscan_centers,cell1_ROI_dbscan_centers,,,,,,5371.0,0.0,0.0,0.0,2.0
cell1_ROI_dbscan_centers,cell1_ROI_dbscan_centers,,,,,,5372.0,0.0,0.0,2.0,0.0
cell1_ROI_dbscan_centers,cell1_ROI_dbscan_centers,,,,,,5373.0,1.0,0.0,1.0,0.0
cell1_ROI_dbscan_centers,cell1_ROI_dbscan_centers,,,,,,5374.0,1.0,0.0,0.0,1.0
cell1_ROI_dbscan_centers,cell1_ROI_dbscan_centers,,,,,,5375.0,0.0,0.0,0.0,0.0
cell1_ROI_dbscan_centers,cell1_ROI_dbscan_centers,,,,,,5376.0,0.0,0.0,0.0,0.0
cell1_ROI_dbscan_centers,cell1_ROI_dbscan_centers,,,,,,5377.0,0.0,0.0,1.0,0.0
cell1_ROI_dbscan_centers,cell1_ROI_dbscan_centers,,,,,,5378.0,0.0,0.0,0.0,1.0
cell1_ROI_dbscan_centers,cell1_ROI_dbscan_centers,,,,,,5379.0,0.0,0.0,1.0,0.0
cell1_ROI_dbscan_centers,cell1_ROI_dbscan_centers,,,,,,5380.0,0.0,0.0,0.0,0.0
cell1_ROI_dbscan_centers,cell1_ROI_dbscan_centers,,,,,,5381.0,0.0,0.0,0.0,0.0
cell1_ROI_dbscan_centers,cell1_ROI_dbscan_centers,,,,,,5382.0,0.0,1.0,1.0,0.0
cell1_ROI_dbscan_centers,cell1_ROI_dbscan_centers,,,,,,5383.0,1.0,2.0,1.0,0.0
cell1_ROI_dbscan_centers,cell1_ROI_dbscan_centers,,,,,,5384.0,0.0,0.0,0.0,0.0
cell1_ROI_dbscan_centers,cell1_ROI_dbscan_centers,,,,,,5385.0,0.0,0.0,1.0,1.0
cell1_ROI_dbscan_centers,cell1_ROI_dbscan_centers,,,,,,5386.0,1.0,0.0,0.0,0.0
cell1_ROI_dbscan_centers,cell1_ROI_dbscan_centers,,,,,,5387.0,1.0,1.0,0.0,0.0
cell1_ROI_dbscan_centers,cell1_ROI_dbscan_centers,,,,,,5388.0,0.0,0.0,0.0,0.0
cell1_ROI_dbscan_centers,cell1_ROI_dbscan_centers,,,,,,5389.0,0.0,0.0,0.0,1.0
cell1_ROI_dbscan_centers,cell1_ROI_dbscan_centers,,,,,,5390.0,0.0,0.0,0.0,0.0
cell1_ROI_dbscan_centers,cell1_ROI_dbscan_centers,,,,,,5391.0,0.0,0.0,0.0,0.0
cell1_ROI_dbscan_centers,cell1_ROI_dbscan_centers,,,,,,5392.0,0.0,0.0,0.0,0.0
cell1_ROI_dbscan_centers,cell1_ROI_dbscan_centers,,,,,,5393.0,0.0,0.0,1.0,0.0
cell1_ROI_dbscan_centers,cell1_ROI_dbscan_centers,,,,,,5394.0,1.0,0.0,0.0,0.0
cell1_ROI_dbscan_centers,cell1_ROI_dbscan_centers,,,,,,5395.0,0.0,0.0,0.0,0.0
cell1_ROI_dbscan_centers,cell1_ROI_dbscan_centers,,,,,,5396.0,0.0,0.0,0.0,0.0
cell1_ROI_dbscan_centers,cell1_ROI_dbscan_centers,,,,,,5397.0,0.0,0.0,0.0,0.0
cell1_ROI_dbscan_centers,cell1_ROI_dbscan_centers,,,,,,5398.0,0.0,1.0,0.0,0.0
cell1_ROI_dbscan_centers,cell1_ROI_dbscan_centers,,,,,,5399.0,0.0,0.0,0.0,2.0
cell1_ROI_dbscan_centers,cell1_ROI_dbscan_centers,,,,,,5400.0,0.0,0.0,0.0,0.0
cell1_ROI_dbscan_centers,cell1_ROI_dbscan_centers,,,,,,5401.0,0.0,0.0,0.0,0.0
cell1_ROI_dbscan_centers,cell1_ROI_dbscan_centers,,,,,,5402.0,0.0,0.0,0.0,0.0
cell1_ROI_dbscan_centers,cell1_ROI_dbscan_centers,,,,,,5403.0,0.0,0.0,0.0,0.0
cell1_ROI_dbscan_centers,cell1_ROI_dbscan_centers,,,,,,5404.0,0.0,0.0,0.0,0.0
cell1_ROI_dbscan_centers,cell1_ROI_dbscan_centers,,,,,,5405.0,0.0,0.0,0.0,0.0
cell1_ROI_dbscan_centers,cell1_ROI_dbscan_centers,,,,,,5406.0,0.0,2.0,1.0,1.0
cell1_ROI_dbscan_centers,cell1_ROI_dbscan_centers,,,,,,5407.0,0.0,0.0,0.0,0.0
cell1_ROI_dbscan_centers,cell1_ROI_dbscan_centers,,,,,,5408.0,0.0,0.0,0.0,0.0
cell1_ROI_dbscan_centers,cell1_ROI_dbscan_centers,,,,,,5409.0,0.0,0.0,0.0,0.0
cell1_ROI_dbscan_centers,cell1_ROI_dbscan_centers,,,,,,5410.0,0.0,0.0,0.0,0.0
cell1_ROI_dbscan_centers,cell1_ROI_dbscan_centers,,,,,,5411.0,0.0,1.0,0.0,0.0
cell1_ROI_dbscan_centers,cell1_ROI_dbscan_centers,,,,,,5412.0,0.0,2.0,0.0,0.0
cell1_ROI_dbscan_centers,cell1_ROI_dbscan_centers,,,,,,5413.0,0.0,0.0,0.0,0.0
cell1_ROI_dbscan_centers,cell1_ROI_dbscan_centers,,,,,,5414.0,0.0,0.0,0.0,1.0
cell1_ROI_dbscan_centers,cell1_ROI_dbscan_centers,,,,,,5415.0,1.0,1.0,0.0,0.0
cell1_ROI_dbscan_centers,cell1_ROI_dbscan_centers,,,,,,5416.0,0.0,0.0,0.0,1.0
cell1_ROI_dbscan_centers,cell1_ROI_dbscan_centers,,,,,,5417.0,0.0,1.0,0.0,0.0
cell1_ROI_dbscan_centers,cell1_ROI_dbscan_centers,,,,,,5418.0,0.0,0.0,0.0,0.0
cell1_ROI_dbscan_centers,cell1_ROI_dbscan_centers,,,,,,5419.0,0.0,1.0,0.0,0.0
cell1_ROI_dbscan_centers,cell1_ROI_dbscan_centers,,,,,,5420.0,0.0,0.0,0.0,0.0
cell1_ROI_dbscan_centers,cell1_ROI_dbscan_centers,,,,,,5421.0,0.0,1.0,1.0,0.0
cell1_ROI_dbscan_centers,cell1_ROI_dbscan_centers,,,,,,5422.0,0.0,0.0,0.0,0.0
cell1_ROI_dbscan_centers,cell1_ROI_dbscan_centers,,,,,,5423.0,0.0,2.0,0.0,0.0
cell1_ROI_dbscan_centers,cell1_ROI_dbscan_centers,,,,,,5424.0,0.0,0.0,0.0,0.0
cell1_ROI_dbscan_centers,cell1_ROI_dbscan_centers,,,,,,5425.0,0.0,0.0,0.0,0.0
cell1_ROI_dbscan_centers,cell1_ROI_dbscan_centers,,,,,,5426.0,1.0,0.0,0.0,0.0
cell1_ROI_dbscan_centers,cell1_ROI_dbscan_centers,,,,,,5427.0,0.0,0.0,0.0,0.0
cell1_ROI_dbscan_centers,cell1_ROI_dbscan_centers,,,,,,5428.0,0.0,0.0,0.0,2.0
cell1_ROI_dbscan_centers,cell1_ROI_dbscan_centers,,,,,,5429.0,0.0,1.0,0.0,0.0
cell1_ROI_dbscan_centers,cell1_ROI_dbscan_centers,,,,,,5430.0,1.0,1.0,0.0,0.0
cell1_ROI_dbscan_centers,cell1_ROI_dbscan_centers,,,,,,5431.0,0.0,0.0,0.0,0.0
cell1_ROI_dbscan_centers,cell1_ROI_dbscan_centers,,,,,,5432.0,1.0,0.0,1.0,0.0
cell1_ROI_dbscan_centers,cell1_ROI_dbscan_centers,,,,,,5433.0,0.0,1.0,0.0,0.0
cell1_ROI_dbscan_centers,cell1_ROI_dbscan_centers,,,,,,5434.0,0.0,0.0,0.0,0.0
cell1_ROI_dbscan_centers,cell1_ROI_dbscan_centers,,,,,,5435.0,0.0,0.0,0.0,0.0
cell1_ROI_dbscan_centers,cell1_ROI_dbscan_centers,,,,,,5436.0,1.0,0.0,0.0,0.0
cell1_ROI_dbscan_centers,cell1_ROI_dbscan_centers,,,,,,5437.0,0.0,0.0,0.0,0.0
cell1_ROI_dbscan_centers,cell1_ROI_dbscan_centers,,,,,,5438.0,0.0,0.0,0.0,0.0
cell1_ROI_dbscan_centers,cell1_ROI_dbscan_centers,,,,,,5439.0,0.0,0.0,0.0,0.0
cell1_ROI_dbscan_centers,cell1_ROI_dbscan_centers,,,,,,5440.0,0.0,1.0,0.0,0.0
cell1_ROI_dbscan_centers,cell1_ROI_dbscan_centers,,,,,,5441.0,0.0,0.0,0.0,0.0
cell1_ROI_dbscan_centers,cell1_ROI_dbscan_centers,,,,,,5442.0,0.0,0.0,0.0,0.0
cell1_ROI_dbscan_centers,cell1_ROI_dbscan_centers,,,,,,5443.0,1.0,2.0,0.0,1.0
cell1_ROI_dbscan_centers,cell1_ROI_dbscan_centers,,,,,,5444.0,1.0,1.0,0.0,0.0
cell1_ROI_dbscan_centers,cell1_ROI_dbscan_centers,,,,,,5445.0,0.0,0.0,0.0,0.0
cell1_ROI_dbscan_centers,cell1_ROI_dbscan_centers,,,,,,5446.0,0.0,0.0,0.0,0.0
cell1_ROI_dbscan_centers,cell1_ROI_dbscan_centers,,,,,,5447.0,0.0,0.0,0.0,1.0
cell1_ROI_dbscan_centers,cell1_ROI_dbscan_centers,,,,,,5448.0,0.0,0.0,0.0,2.0
cell1_ROI_dbscan_centers,cell1_ROI_dbscan_centers,,,,,,5449.0,0.0,0.0,0.0,0.0
cell1_ROI_dbscan_centers,cell1_ROI_dbscan_centers,,,,,,5450.0,0.0,0.0,1.0,0.0
cell1_ROI_dbscan_centers,cell1_ROI_dbscan_centers,,,,,,5451.0,0.0,0.0,0.0,1.0
cell1_ROI_dbscan_centers,cell1_ROI_dbscan_centers,,,,,,5452.0,0.0,1.0,0.0,0.0
cell1_ROI_dbscan_centers,cell1_ROI_dbscan_centers,,,,,,5453.0,0.0,0.0,0.0,0.0
cell1_ROI_dbscan_centers,cell1_ROI_dbscan_centers,,,,,,5454.0,1.0,0.0,0.0,0.0
cell1_ROI_dbscan_centers,cell1_ROI_dbscan_centers,,,,,,5455.0,0.0,0.0,0.0,0.0
cell1_ROI_dbscan_centers,cell1_ROI_dbscan_centers,,,,,,5456.0,0.0,0.0,0.0,0.0
cell1_ROI_dbscan_centers,cell1_ROI_dbscan_centers,,,,,,5457.0,0.0,1.0,0.0,0.0
cell1_ROI_dbscan_centers,cell1_ROI_dbscan_centers,,,,,,5458.0,0.0,0.0,0.0,1.0
cell1_ROI_dbscan_centers,cell1_ROI_dbscan_centers,,,,,,5459.0,0.0,2.0,0.0,0.0
cell1_ROI_dbscan_centers,cell1_ROI_dbscan_centers,,,,,,5460.0,0.0,1.0,0.0,1.0
cell1_ROI_dbscan_centers,cell1_ROI_dbscan_centers,,,,,,5461.0,0.0,0.0,0.0,0.0
cell1_ROI_dbscan_centers,cell1_ROI_dbscan_centers,,,,,,5462.0,0.0,2.0,0.0,0.0
cell1_ROI_dbscan_centers,cell1_ROI_dbscan_centers,,,,,,5463.0,1.0,1.0,0.0,0.0
cell1_ROI_dbscan_centers,cell1_ROI_dbscan_centers,,,,,,5464.0,0.0,0.0,1.0,0.0
cell1_ROI_dbscan_centers,cell1_ROI_dbscan_centers,,,,,,5465.0,0.0,0.0,0.0,0.0
cell1_ROI_dbscan_centers,cell1_ROI_dbscan_centers,,,,,,5466.0,0.0,1.0,0.0,0.0
cell1_ROI_dbscan_centers,cell1_ROI_dbscan_centers,,,,,,5467.0,0.0,0.0,0.0,0.0
cell1_ROI_dbscan_centers,cell1_ROI_dbscan_centers,,,,,,5468.0,0.0,0.0,0.0,0.0
cell1_ROI_dbscan_centers,cell1_ROI_dbscan_centers,,,,,,5469.0,0.0,0.0,0.0,0.0
cell1_ROI_dbscan_centers,cell1_ROI_dbscan_centers,,,,,,5470.0,0.0,0.0,0.0,0.0
cell1_ROI_dbscan_centers,cell1_ROI_dbscan_centers,,,,,,5471.0,0.0,0.0,0.0,1.0
cell1_ROI_dbscan_centers,cell1_ROI_dbscan_centers,,,,,,5472.0,0.0,1.0,0.0,1.0
cell1_ROI_dbscan_centers,cell1_ROI_dbscan_centers,,,,,,5473.0,0.0,0.0,0.0,0.0
cell1_ROI_dbscan_centers,cell1_ROI_dbscan_centers,,,,,,5474.0,0.0,0.0,0.0,0.0
cell1_ROI_dbscan_centers,cell1_ROI_dbscan_centers,,,,,,5475.0,0.0,0.0,0.0,0.0
cell1_ROI_dbscan_centers,cell1_ROI_dbscan_centers,,,,,,5476.0,0.0,0.0,0.0,0.0
cell1_ROI_dbscan_centers,cell1_ROI_dbscan_centers,,,,,,5477.0,0.0,2.0,0.0,0.0
cell1_ROI_dbscan_centers,cell1_ROI_dbscan_centers,,,,,,5478.0,0.0,0.0,0.0,0.0
cell1_ROI_dbscan_centers,cell1_ROI_dbscan_centers,,,,,,5479.0,0.0,0.0,0.0,0.0
cell1_ROI_dbscan_centers,cell1_ROI_dbscan_centers,,,,,,5480.0,0.0,0.0,1.0,0.0
cell1_ROI_dbscan_centers,cell1_ROI_dbscan_centers,,,,,,5481.0,0.0,0.0,0.0,0.0
cell1_ROI_dbscan_centers,cell1_ROI_dbscan_centers,,,,,,5482.0,0.0,1.0,0.0,0.0
cell1_ROI_dbscan_centers,cell1_ROI_dbscan_centers,,,,,,5483.0,0.0,0.0,0.0,0.0
cell1_ROI_dbscan_centers,cell1_ROI_dbscan_centers,,,,,,5484.0,0.0,0.0,0.0,0.0
cell1_ROI_dbscan_centers,cell1_ROI_dbscan_centers,,,,,,5485.0,0.0,2.0,0.0,0.0
cell1_ROI_dbscan_centers,cell1_ROI_dbscan_centers,,,,,,5486.0,0.0,2.0,0.0,0.0
cell1_ROI_dbscan_centers,cell1_ROI_dbscan_centers,,,,,,5487.0,1.0,0.0,0.0,1.0
cell1_ROI_dbscan_centers,cell1_ROI_dbscan_centers,,,,,,5488.0,0.0,0.0,0.0,0.0
cell1_ROI_dbscan_centers,cell1_ROI_dbscan_centers,,,,,,5489.0,0.0,0.0,0.0,0.0
cell1_ROI_dbscan_centers,cell1_ROI_dbscan_centers,,,,,,5490.0,1.0,0.0,0.0,0.0
cell1_ROI_dbscan_centers,cell1_ROI_dbscan_centers,,,,,,5491.0,1.0,1.0,0.0,0.0
cell1_ROI_dbscan_centers,cell1_ROI_dbscan_centers,,,,,,5492.0,0.0,0.0,0.0,0.0
cell1_ROI_dbscan_centers,cell1_ROI_dbscan_centers,,,,,,5493.0,0.0,1.0,0.0,0.0
cell1_ROI_dbscan_centers,cell1_ROI_dbscan_centers,,,,,,5494.0,0.0,0.0,0.0,0.0
cell1_ROI_dbscan_centers,cell1_ROI_dbscan_centers,,,,,,5495.0,0.0,0.0,0.0,0.0
cell1_ROI_dbscan_centers,cell1_ROI_dbscan_centers,,,,,,5496.0,0.0,0.0,0.0,0.0
cell1_ROI_dbscan_centers,cell1_ROI_dbscan_centers,,,,,,5497.0,0.0,0.0,1.0,0.0
cell1_ROI_dbscan_centers,cell1_ROI_dbscan_centers,,,,,,5498.0,0.0,1.0,0.0,0.0
cell1_ROI_dbscan_centers,cell1_ROI_dbscan_centers,,,,,,5499.0,1.0,1.0,0.0,0.0
cell1_ROI_dbscan_centers,cell1_ROI_dbscan_centers,,,,,,5500.0,0.0,0.0,0.0,0.0
cell1_ROI_dbscan_centers,cell1_ROI_dbscan_centers,,,,,,5501.0,0.0,1.0,0.0,1.0
cell1_ROI_dbscan_centers,cell1_ROI_dbscan_centers,,,,,,5502.0,0.0,2.0,0.0,1.0
cell1_ROI_dbscan_centers,cell1_ROI_dbscan_centers,,,,,,5503.0,1.0,0.0,0.0,1.0
cell1_ROI_dbscan_centers,cell1_ROI_dbscan_centers,,,,,,5504.0,0.0,0.0,0.0,0.0
cell1_ROI_dbscan_centers,cell1_ROI_dbscan_centers,,,,,,5505.0,0.0,0.0,0.0,1.0
cell1_ROI_dbscan_centers,cell1_ROI_dbscan_centers,,,,,,5506.0,0.0,1.0,0.0,0.0
cell1_ROI_dbscan_centers,cell1_ROI_dbscan_centers,,,,,,5507.0,0.0,0.0,0.0,0.0
cell1_ROI_dbscan_centers,cell1_ROI_dbscan_centers,,,,,,5508.0,0.0,0.0,0.0,0.0
cell1_ROI_dbscan_centers,cell1_ROI_dbscan_centers,,,,,,5509.0,1.0,0.0,0.0,0.0
cell1_ROI_dbscan_centers,cell1_ROI_dbscan_centers,,,,,,5510.0,0.0,0.0,1.0,0.0
cell1_ROI_dbscan_centers,cell1_ROI_dbscan_centers,,,,,,5511.0,0.0,0.0,0.0,0.0
cell1_ROI_dbscan_centers,cell1_ROI_dbscan_centers,,,,,,5512.0,0.0,1.0,0.0,0.0
cell1_ROI_dbscan_centers,cell1_ROI_dbscan_centers,,,,,,5513.0,0.0,0.0,0.0,0.0
cell1_ROI_dbscan_centers,cell1_ROI_dbscan_centers,,,,,,5514.0,0.0,0.0,0.0,1.0
cell1_ROI_dbscan_centers,cell1_ROI_dbscan_centers,,,,,,5515.0,0.0,0.0,0.0,0.0
cell1_ROI_dbscan_centers,cell1_ROI_dbscan_centers,,,,,,5516.0,0.0,0.0,0.0,0.0
cell1_ROI_dbscan_centers,cell1_ROI_dbscan_centers,,,,,,5517.0,0.0,1.0,0.0,0.0
cell1_ROI_dbscan_centers,cell1_ROI_dbscan_centers,,,,,,5518.0,0.0,2.0,0.0,0.0
cell1_ROI_dbscan_centers,cell1_ROI_dbscan_centers,,,,,,5519.0,0.0,0.0,0.0,0.0
cell1_ROI_dbscan_centers,cell1_ROI_dbscan_centers,,,,,,5520.0,0.0,1.0,0.0,0.0
cell1_ROI_dbscan_centers,cell1_ROI_dbscan_centers,,,,,,5521.0,1.0,0.0,0.0,1.0
cell1_ROI_dbscan_centers,cell1_ROI_dbscan_centers,,,,,,5522.0,0.0,0.0,0.0,0.0
cell1_ROI_dbscan_centers,cell1_ROI_dbscan_centers,,,,,,5523.0,0.0,1.0,0.0,0.0
cell1_ROI_dbscan_centers,cell1_ROI_dbscan_centers,,,,,,5524.0,0.0,0.0,0.0,0.0
cell1_ROI_dbscan_centers,cell1_ROI_dbscan_centers,,,,,,5525.0,0.0,1.0,0.0,0.0
cell1_ROI_dbscan_centers,cell1_ROI_dbscan_centers,,,,,,5526.0,0.0,0.0,0.0,0.0
cell1_ROI_dbscan_centers,cell1_ROI_dbscan_centers,,,,,,5527.0,0.0,0.0,0.0,0.0
cell1_ROI_dbscan_centers,cell1_ROI_dbscan_centers,,,,,,5528.0,0.0,0.0,0.0,0.0
cell1_ROI_dbscan_centers,cell1_ROI_dbscan_centers,,,,,,5529.0,0.0,1.0,0.0,0.0
cell1_ROI_dbscan_centers,cell1_ROI_dbscan_centers,,,,,,5530.0,0.0,0.0,0.0,0.0
cell1_ROI_dbscan_centers,cell1_ROI_dbscan_centers,,,,,,5531.0,0.0,0.0,0.0,0.0
cell1_ROI_dbscan_centers,cell1_ROI_dbscan_centers,,,,,,5532.0,0.0,1.0,0.0,0.0
cell1_ROI_dbscan_centers,cell1_ROI_dbscan_centers,,,,,,5533.0,0.0,0.0,0.0,0.0
cell1_ROI_dbscan_centers,cell1_ROI_dbscan_centers,,,,,,5534.0,0.0,0.0,0.0,0.0
cell1_ROI_dbscan_centers,cell1_ROI_dbscan_centers,,,,,,5535.0,0.0,1.0,0.0,0.0
cell1_ROI_dbscan_centers,cell1_ROI_dbscan_centers,,,,,,5536.0,0.0,0.0,0.0,1.0
cell1_ROI_dbscan_centers,cell1_ROI_dbscan_centers,,,,,,5537.0,0.0,0.0,0.0,0.0
cell1_ROI_dbscan_centers,cell1_ROI_dbscan_centers,,,,,,5538.0,0.0,0.0,0.0,0.0
cell1_ROI_dbscan_centers,cell1_ROI_dbscan_centers,,,,,,5539.0,0.0,0.0,0.0,0.0
cell1_ROI_dbscan_centers,cell1_ROI_dbscan_centers,,,,,,5540.0,1.0,1.0,0.0,0.0
cell1_ROI_dbscan_centers,cell1_ROI_dbscan_centers,,,,,,5541.0,1.0,0.0,0.0,0.0
cell1_ROI_dbscan_centers,cell1_ROI_dbscan_centers,,,,,,5542.0,0.0,0.0,0.0,0.0
cell1_ROI_dbscan_centers,cell1_ROI_dbscan_centers,,,,,,5543.0,0.0,0.0,0.0,0.0
cell1_ROI_dbscan_centers,cell1_ROI_dbscan_centers,,,,,,5544.0,0.0,0.0,0.0,0.0
cell1_ROI_dbscan_centers,cell1_ROI_dbscan_centers,,,,,,5545.0,0.0,1.0,0.0,0.0
cell1_ROI_dbscan_centers,cell1_ROI_dbscan_centers,,,,,,5546.0,0.0,0.0,0.0,0.0
cell1_ROI_dbscan_centers,cell1_ROI_dbscan_centers,,,,,,5547.0,0.0,0.0,1.0,0.0
cell1_ROI_dbscan_centers,cell1_ROI_dbscan_centers,,,,,,5548.0,0.0,1.0,0.0,0.0
cell1_ROI_dbscan_centers,cell1_ROI_dbscan_centers,,,,,,5549.0,0.0,0.0,0.0,0.0
cell1_ROI_dbscan_centers,cell1_ROI_dbscan_centers,,,,,,5550.0,0.0,1.0,0.0,0.0
cell1_ROI_dbscan_centers,cell1_ROI_dbscan_centers,,,,,,5551.0,0.0,1.0,0.0,0.0
cell1_ROI_dbscan_centers,cell1_ROI_dbscan_centers,,,,,,5552.0,0.0,0.0,0.0,1.0
cell1_ROI_dbscan_centers,cell1_ROI_dbscan_centers,,,,,,5553.0,0.0,0.0,0.0,2.0
cell1_ROI_dbscan_centers,cell1_ROI_dbscan_centers,,,,,,5554.0,0.0,1.0,0.0,0.0
cell1_ROI_dbscan_centers,cell1_ROI_dbscan_centers,,,,,,5555.0,1.0,0.0,0.0,0.0
cell1_ROI_dbscan_centers,cell1_ROI_dbscan_centers,,,,,,5556.0,0.0,0.0,0.0,0.0
cell1_ROI_dbscan_centers,cell1_ROI_dbscan_centers,,,,,,5557.0,0.0,0.0,0.0,0.0
cell1_ROI_dbscan_centers,cell1_ROI_dbscan_centers,,,,,,5558.0,1.0,1.0,0.0,0.0
cell1_ROI_dbscan_centers,cell1_ROI_dbscan_centers,,,,,,5559.0,0.0,0.0,0.0,0.0
cell1_ROI_dbscan_centers,cell1_ROI_dbscan_centers,,,,,,5560.0,0.0,0.0,0.0,0.0
cell1_ROI_dbscan_centers,cell1_ROI_dbscan_centers,,,,,,5561.0,0.0,0.0,0.0,1.0
cell1_ROI_dbscan_centers,cell1_ROI_dbscan_centers,,,,,,5562.0,0.0,1.0,0.0,0.0
cell1_ROI_dbscan_centers,cell1_ROI_dbscan_centers,,,,,,5563.0,0.0,0.0,0.0,0.0
cell1_ROI_dbscan_centers,cell1_ROI_dbscan_centers,,,,,,5564.0,0.0,0.0,0.0,0.0
cell1_ROI_dbscan_centers,cell1_ROI_dbscan_centers,,,,,,5565.0,0.0,0.0,0.0,0.0
cell1_ROI_dbscan_centers,cell1_ROI_dbscan_centers,,,,,,5566.0,0.0,0.0,0.0,1.0
cell1_ROI_dbscan_centers,cell1_ROI_dbscan_centers,,,,,,5567.0,0.0,0.0,0.0,0.0
cell1_ROI_dbscan_centers,cell1_ROI_dbscan_centers,,,,,,5568.0,1.0,0.0,0.0,0.0
cell1_ROI_dbscan_centers,cell1_ROI_dbscan_centers,,,,,,5569.0,0.0,0.0,0.0,0.0
cell1_ROI_dbscan_centers,cell1_ROI_dbscan_centers,,,,,,5570.0,0.0,0.0,0.0,0.0
cell1_ROI_dbscan_centers,cell1_ROI_dbscan_centers,,,,,,5571.0,0.0,1.0,0.0,0.0
cell1_ROI_dbscan_centers,cell1_ROI_dbscan_centers,,,,,,5572.0,0.0,0.0,0.0,0.0
cell1_ROI_dbscan_centers,cell1_ROI_dbscan_centers,,,,,,5573.0,1.0,0.0,0.0,0.0
cell1_ROI_dbscan_centers,cell1_ROI_dbscan_centers,,,,,,5574.0,0.0,0.0,0.0,0.0
cell1_ROI_dbscan_centers,cell1_ROI_dbscan_centers,,,,,,5575.0,0.0,0.0,0.0,0.0
cell1_ROI_dbscan_centers,cell1_ROI_dbscan_centers,,,,,,5576.0,0.0,0.0,2.0,0.0
cell1_ROI_dbscan_centers,cell1_ROI_dbscan_centers,,,,,,5577.0,1.0,0.0,0.0,0.0
cell1_ROI_dbscan_centers,cell1_ROI_dbscan_centers,,,,,,5578.0,1.0,0.0,0.0,0.0
cell1_ROI_dbscan_centers,cell1_ROI_dbscan_centers,,,,,,5579.0,0.0,0.0,0.0,0.0
cell1_ROI_dbscan_centers,cell1_ROI_dbscan_centers,,,,,,5580.0,0.0,0.0,0.0,0.0
cell1_ROI_dbscan_centers,cell1_ROI_dbscan_centers,,,,,,5581.0,0.0,0.0,1.0,0.0
cell1_ROI_dbscan_centers,cell1_ROI_dbscan_centers,,,,,,5582.0,0.0,0.0,0.0,0.0
cell1_ROI_dbscan_centers,cell1_ROI_dbscan_centers,,,,,,5583.0,0.0,2.0,0.0,0.0
cell1_ROI_dbscan_centers,cell1_ROI_dbscan_centers,,,,,,5584.0,0.0,2.0,0.0,0.0
cell1_ROI_dbscan_centers,cell1_ROI_dbscan_centers,,,,,,5585.0,0.0,0.0,0.0,0.0
cell1_ROI_dbscan_centers,cell1_ROI_dbscan_centers,,,,,,5586.0,0.0,0.0,0.0,0.0
cell1_ROI_dbscan_centers,cell1_ROI_dbscan_centers,,,,,,5587.0,0.0,2.0,0.0,0.0
cell1_ROI_dbscan_centers,cell1_ROI_dbscan_centers,,,,,,5588.0,0.0,1.0,0.0,1.0
cell1_ROI_dbscan_centers,cell1_ROI_dbscan_centers,,,,,,5589.0,0.0,1.0,0.0,0.0
cell1_ROI_dbscan_centers,cell1_ROI_dbscan_centers,,,,,,5590.0,0.0,0.0,0.0,0.0
cell1_ROI_dbscan_centers,cell1_ROI_dbscan_centers,,,,,,5591.0,1.0,0.0,0.0,0.0
cell1_ROI_dbscan_centers,cell1_ROI_dbscan_centers,,,,,,5592.0,0.0,0.0,0.0,0.0
cell1_ROI_dbscan_centers,cell1_ROI_dbscan_centers,,,,,,5593.0,0.0,0.0,0.0,0.0
cell1_ROI_dbscan_centers,cell1_ROI_dbscan_centers,,,,,,5594.0,0.0,0.0,0.0,0.0
cell1_ROI_dbscan_centers,cell1_ROI_dbscan_centers,,,,,,5595.0,0.0,2.0,0.0,0.0
cell1_ROI_dbscan_centers,cell1_ROI_dbscan_centers,,,,,,5596.0,0.0,0.0,0.0,0.0
cell1_ROI_dbscan_centers,cell1_ROI_dbscan_centers,,,,,,5597.0,0.0,1.0,0.0,0.0
cell1_ROI_dbscan_centers,cell1_ROI_dbscan_centers,,,,,,5598.0,0.0,0.0,0.0,0.0
cell1_ROI_dbscan_centers,cell1_ROI_dbscan_centers,,,,,,5599.0,0.0,0.0,0.0,0.0
cell1_ROI_dbscan_centers,cell1_ROI_dbscan_centers,,,,,,5600.0,1.0,0.0,0.0,0.0
cell1_ROI_dbscan_centers,cell1_ROI_dbscan_centers,,,,,,5601.0,1.0,1.0,0.0,0.0
cell1_ROI_dbscan_centers,cell1_ROI_dbscan_centers,,,,,,5602.0,0.0,0.0,0.0,0.0
cell1_ROI_dbscan_centers,cell1_ROI_dbscan_centers,,,,,,5603.0,0.0,0.0,0.0,0.0
cell1_ROI_dbscan_centers,cell1_ROI_dbscan_centers,,,,,,5604.0,0.0,0.0,0.0,0.0
cell1_ROI_dbscan_centers,cell1_ROI_dbscan_centers,,,,,,5605.0,0.0,0.0,0.0,0.0
cell1_ROI_dbscan_centers,cell1_ROI_dbscan_centers,,,,,,5606.0,0.0,0.0,0.0,0.0
cell1_ROI_dbscan_centers,cell1_ROI_dbscan_centers,,,,,,5607.0,1.0,0.0,0.0,0.0
cell1_ROI_dbscan_centers,cell1_ROI_dbscan_centers,,,,,,5608.0,0.0,1.0,0.0,0.0
cell1_ROI_dbscan_centers,cell1_ROI_dbscan_centers,,,,,,5609.0,0.0,1.0,1.0,0.0
cell1_ROI_dbscan_centers,cell1_ROI_dbscan_centers,,,,,,5610.0,0.0,1.0,0.0,0.0
cell1_ROI_dbscan_centers,cell1_ROI_dbscan_centers,,,,,,5611.0,1.0,0.0,0.0,0.0
cell1_ROI_dbscan_centers,cell1_ROI_dbscan_centers,,,,,,5612.0,1.0,0.0,0.0,0.0
cell1_ROI_dbscan_centers,cell1_ROI_dbscan_centers,,,,,,5613.0,0.0,0.0,0.0,0.0
cell1_ROI_dbscan_centers,cell1_ROI_dbscan_centers,,,,,,5614.0,0.0,1.0,0.0,0.0
cell1_ROI_dbscan_centers,cell1_ROI_dbscan_centers,,,,,,5615.0,0.0,0.0,0.0,0.0
cell1_ROI_dbscan_centers,cell1_ROI_dbscan_centers,,,,,,5616.0,0.0,0.0,0.0,0.0
cell1_ROI_dbscan_centers,cell1_ROI_dbscan_centers,,,,,,5617.0,0.0,0.0,0.0,0.0
cell1_ROI_dbscan_centers,cell1_ROI_dbscan_centers,,,,,,5618.0,0.0,0.0,0.0,0.0
cell1_ROI_dbscan_centers,cell1_ROI_dbscan_centers,,,,,,5619.0,1.0,0.0,0.0,0.0
cell1_ROI_dbscan_centers,cell1_ROI_dbscan_centers,,,,,,5620.0,0.0,1.0,0.0,0.0
cell1_ROI_dbscan_centers,cell1_ROI_dbscan_centers,,,,,,5621.0,0.0,0.0,0.0,0.0
cell1_ROI_dbscan_centers,cell1_ROI_dbscan_centers,,,,,,5622.0,0.0,0.0,0.0,1.0
cell1_ROI_dbscan_centers,cell1_ROI_dbscan_centers,,,,,,5623.0,0.0,0.0,0.0,0.0
cell1_ROI_dbscan_centers,cell1_ROI_dbscan_centers,,,,,,5624.0,0.0,0.0,1.0,0.0
cell1_ROI_dbscan_centers,cell1_ROI_dbscan_centers,,,,,,5625.0,0.0,0.0,1.0,0.0
cell1_ROI_dbscan_centers,cell1_ROI_dbscan_centers,,,,,,5626.0,0.0,0.0,0.0,0.0
cell1_ROI_dbscan_centers,cell1_ROI_dbscan_centers,,,,,,5627.0,0.0,0.0,0.0,0.0
cell1_ROI_dbscan_centers,cell1_ROI_dbscan_centers,,,,,,5628.0,0.0,0.0,0.0,0.0
cell1_ROI_dbscan_centers,cell1_ROI_dbscan_centers,,,,,,5629.0,0.0,0.0,0.0,0.0
cell1_ROI_dbscan_centers,cell1_ROI_dbscan_centers,,,,,,5630.0,0.0,0.0,0.0,0.0
cell1_ROI_dbscan_centers,cell1_ROI_dbscan_centers,,,,,,5631.0,0.0,0.0,0.0,0.0
cell1_ROI_dbscan_centers,cell1_ROI_dbscan_centers,,,,,,5632.0,0.0,0.0,0.0,0.0
cell1_ROI_dbscan_centers,cell1_ROI_dbscan_centers,,,,,,5633.0,0.0,1.0,0.0,0.0
cell1_ROI_dbscan_centers,cell1_ROI_dbscan_centers,,,,,,5634.0,0.0,0.0,0.0,0.0
cell1_ROI_dbscan_centers,cell1_ROI_dbscan_centers,,,,,,5635.0,0.0,1.0,0.0,0.0
cell1_ROI_dbscan_centers,cell1_ROI_dbscan_centers,,,,,,5636.0,0.0,0.0,1.0,0.0
cell1_ROI_dbscan_centers,cell1_ROI_dbscan_centers,,,,,,5637.0,0.0,0.0,2.0,0.0
cell1_ROI_dbscan_centers,cell1_ROI_dbscan_centers,,,,,,5638.0,0.0,1.0,1.0,0.0
cell1_ROI_dbscan_centers,cell1_ROI_dbscan_centers,,,,,,5639.0,0.0,0.0,0.0,1.0
cell1_ROI_dbscan_centers,cell1_ROI_dbscan_centers,,,,,,5640.0,1.0,1.0,0.0,0.0
cell1_ROI_dbscan_centers,cell1_ROI_dbscan_centers,,,,,,5641.0,0.0,0.0,1.0,1.0
cell1_ROI_dbscan_centers,cell1_ROI_dbscan_centers,,,,,,5642.0,0.0,0.0,0.0,0.0
cell1_ROI_dbscan_centers,cell1_ROI_dbscan_centers,,,,,,5643.0,2.0,0.0,0.0,0.0
cell1_ROI_dbscan_centers,cell1_ROI_dbscan_centers,,,,,,5644.0,0.0,0.0,0.0,0.0
cell1_ROI_dbscan_centers,cell1_ROI_dbscan_centers,,,,,,5645.0,0.0,1.0,0.0,0.0
cell1_ROI_dbscan_centers,cell1_ROI_dbscan_centers,,,,,,5646.0,0.0,0.0,0.0,0.0
cell1_ROI_dbscan_centers,cell1_ROI_dbscan_centers,,,,,,5647.0,0.0,0.0,0.0,0.0
cell1_ROI_dbscan_centers,cell1_ROI_dbscan_centers,,,,,,5648.0,0.0,0.0,0.0,0.0
cell1_ROI_dbscan_centers,cell1_ROI_dbscan_centers,,,,,,5649.0,1.0,0.0,0.0,0.0
cell1_ROI_dbscan_centers,cell1_ROI_dbscan_centers,,,,,,5650.0,0.0,0.0,0.0,0.0
cell1_ROI_dbscan_centers,cell1_ROI_dbscan_centers,,,,,,5651.0,0.0,1.0,0.0,0.0
cell1_ROI_dbscan_centers,cell1_ROI_dbscan_centers,,,,,,5652.0,0.0,0.0,1.0,0.0
cell1_ROI_dbscan_centers,cell1_ROI_dbscan_centers,,,,,,5653.0,0.0,1.0,0.0,0.0
cell1_ROI_dbscan_centers,cell1_ROI_dbscan_centers,,,,,,5654.0,0.0,1.0,0.0,1.0
cell1_ROI_dbscan_centers,cell1_ROI_dbscan_centers,,,,,,5655.0,0.0,0.0,0.0,1.0
cell1_ROI_dbscan_centers,cell1_ROI_dbscan_centers,,,,,,5656.0,0.0,0.0,1.0,0.0
cell1_ROI_dbscan_centers,cell1_ROI_dbscan_centers,,,,,,5657.0,0.0,1.0,0.0,0.0
cell1_ROI_dbscan_centers,cell1_ROI_dbscan_centers,,,,,,5658.0,0.0,0.0,0.0,0.0
cell1_ROI_dbscan_centers,cell1_ROI_dbscan_centers,,,,,,5659.0,0.0,0.0,0.0,0.0
cell1_ROI_dbscan_centers,cell1_ROI_dbscan_centers,,,,,,5660.0,1.0,1.0,0.0,0.0
cell1_ROI_dbscan_centers,cell1_ROI_dbscan_centers,,,,,,5661.0,0.0,0.0,0.0,0.0
cell1_ROI_dbscan_centers,cell1_ROI_dbscan_centers,,,,,,5662.0,0.0,0.0,0.0,0.0
cell1_ROI_dbscan_centers,cell1_ROI_dbscan_centers,,,,,,5663.0,0.0,0.0,0.0,0.0
cell1_ROI_dbscan_centers,cell1_ROI_dbscan_centers,,,,,,5664.0,1.0,1.0,0.0,0.0
cell1_ROI_dbscan_centers,cell1_ROI_dbscan_centers,,,,,,5665.0,0.0,0.0,0.0,0.0
cell1_ROI_dbscan_centers,cell1_ROI_dbscan_centers,,,,,,5666.0,0.0,0.0,0.0,2.0
cell1_ROI_dbscan_centers,cell1_ROI_dbscan_centers,,,,,,5667.0,0.0,1.0,0.0,0.0
cell1_ROI_dbscan_centers,cell1_ROI_dbscan_centers,,,,,,5668.0,2.0,0.0,0.0,0.0
cell1_ROI_dbscan_centers,cell1_ROI_dbscan_centers,,,,,,5669.0,0.0,0.0,0.0,0.0
cell1_ROI_dbscan_centers,cell1_ROI_dbscan_centers,,,,,,5670.0,1.0,0.0,0.0,0.0
cell1_ROI_dbscan_centers,cell1_ROI_dbscan_centers,,,,,,5671.0,0.0,1.0,0.0,0.0
cell1_ROI_dbscan_centers,cell1_ROI_dbscan_centers,,,,,,5672.0,0.0,0.0,1.0,0.0
cell1_ROI_dbscan_centers,cell1_ROI_dbscan_centers,,,,,,5673.0,0.0,0.0,0.0,0.0
cell1_ROI_dbscan_centers,cell1_ROI_dbscan_centers,,,,,,5674.0,0.0,1.0,0.0,0.0
cell1_ROI_dbscan_centers,cell1_ROI_dbscan_centers,,,,,,5675.0,0.0,1.0,1.0,0.0
cell1_ROI_dbscan_centers,cell1_ROI_dbscan_centers,,,,,,5676.0,0.0,0.0,0.0,0.0
cell1_ROI_dbscan_centers,cell1_ROI_dbscan_centers,,,,,,5677.0,1.0,0.0,0.0,0.0
cell1_ROI_dbscan_centers,cell1_ROI_dbscan_centers,,,,,,5678.0,1.0,0.0,0.0,1.0
cell1_ROI_dbscan_centers,cell1_ROI_dbscan_centers,,,,,,5679.0,0.0,0.0,0.0,1.0
cell1_ROI_dbscan_centers,cell1_ROI_dbscan_centers,,,,,,5680.0,0.0,0.0,0.0,0.0
cell1_ROI_dbscan_centers,cell1_ROI_dbscan_centers,,,,,,5681.0,0.0,0.0,0.0,0.0
cell1_ROI_dbscan_centers,cell1_ROI_dbscan_centers,,,,,,5682.0,0.0,1.0,0.0,0.0
cell1_ROI_dbscan_centers,cell1_ROI_dbscan_centers,,,,,,5683.0,0.0,2.0,0.0,0.0
cell1_ROI_dbscan_centers,cell1_ROI_dbscan_centers,,,,,,5684.0,0.0,0.0,0.0,0.0
cell1_ROI_dbscan_centers,cell1_ROI_dbscan_centers,,,,,,5685.0,0.0,0.0,0.0,1.0
cell1_ROI_dbscan_centers,cell1_ROI_dbscan_centers,,,,,,5686.0,0.0,1.0,0.0,0.0
cell1_ROI_dbscan_centers,cell1_ROI_dbscan_centers,,,,,,5687.0,0.0,1.0,0.0,1.0
cell1_ROI_dbscan_centers,cell1_ROI_dbscan_centers,,,,,,5688.0,0.0,0.0,0.0,1.0
cell1_ROI_dbscan_centers,cell1_ROI_dbscan_centers,,,,,,5689.0,0.0,0.0,0.0,2.0
cell1_ROI_dbscan_centers,cell1_ROI_dbscan_centers,,,,,,5690.0,0.0,0.0,0.0,0.0
cell1_ROI_dbscan_centers,cell1_ROI_dbscan_centers,,,,,,5691.0,0.0,0.0,0.0,0.0
cell1_ROI_dbscan_centers,cell1_ROI_dbscan_centers,,,,,,5692.0,0.0,0.0,0.0,0.0
cell1_ROI_dbscan_centers,cell1_ROI_dbscan_centers,,,,,,5693.0,0.0,0.0,0.0,0.0
cell1_ROI_dbscan_centers,cell1_ROI_dbscan_centers,,,,,,5694.0,0.0,0.0,0.0,0.0
cell1_ROI_dbscan_centers,cell1_ROI_dbscan_centers,,,,,,5695.0,0.0,1.0,0.0,0.0
cell1_ROI_dbscan_centers,cell1_ROI_dbscan_centers,,,,,,5696.0,0.0,0.0,0.0,0.0
cell1_ROI_dbscan_centers,cell1_ROI_dbscan_centers,,,,,,5697.0,0.0,1.0,0.0,0.0
cell1_ROI_dbscan_centers,cell1_ROI_dbscan_centers,,,,,,5698.0,0.0,0.0,0.0,0.0
cell1_ROI_dbscan_centers,cell1_ROI_dbscan_centers,,,,,,5699.0,0.0,0.0,0.0,0.0
cell1_ROI_dbscan_centers,cell1_ROI_dbscan_centers,,,,,,5700.0,0.0,1.0,0.0,0.0
cell1_ROI_dbscan_centers,cell1_ROI_dbscan_centers,,,,,,5701.0,0.0,0.0,0.0,1.0
cell1_ROI_dbscan_centers,cell1_ROI_dbscan_centers,,,,,,5702.0,1.0,1.0,0.0,1.0
cell1_ROI_dbscan_centers,cell1_ROI_dbscan_centers,,,,,,5703.0,0.0,0.0,0.0,0.0
cell1_ROI_dbscan_centers,cell1_ROI_dbscan_centers,,,,,,5704.0,0.0,1.0,0.0,0.0
cell1_ROI_dbscan_centers,cell1_ROI_dbscan_centers,,,,,,5705.0,0.0,0.0,0.0,0.0
cell1_ROI_dbscan_centers,cell1_ROI_dbscan_centers,,,,,,5706.0,0.0,0.0,0.0,1.0
cell1_ROI_dbscan_centers,cell1_ROI_dbscan_centers,,,,,,5707.0,0.0,0.0,0.0,0.0
cell1_ROI_dbscan_centers,cell1_ROI_dbscan_centers,,,,,,5708.0,0.0,0.0,0.0,0.0
cell1_ROI_dbscan_centers,cell1_ROI_dbscan_centers,,,,,,5709.0,0.0,0.0,0.0,0.0
cell1_ROI_dbscan_centers,cell1_ROI_dbscan_centers,,,,,,5710.0,0.0,0.0,0.0,0.0
cell1_ROI_dbscan_centers,cell1_ROI_dbscan_centers,,,,,,5711.0,0.0,0.0,0.0,0.0
cell1_ROI_dbscan_centers,cell1_ROI_dbscan_centers,,,,,,5712.0,0.0,1.0,0.0,1.0
cell1_ROI_dbscan_centers,cell1_ROI_dbscan_centers,,,,,,5713.0,0.0,0.0,0.0,0.0
cell1_ROI_dbscan_centers,cell1_ROI_dbscan_centers,,,,,,5714.0,0.0,0.0,0.0,1.0
cell1_ROI_dbscan_centers,cell1_ROI_dbscan_centers,,,,,,5715.0,0.0,0.0,1.0,0.0
cell1_ROI_dbscan_centers,cell1_ROI_dbscan_centers,,,,,,5716.0,0.0,0.0,0.0,1.0
cell1_ROI_dbscan_centers,cell1_ROI_dbscan_centers,,,,,,5717.0,1.0,0.0,0.0,0.0
cell1_ROI_dbscan_centers,cell1_ROI_dbscan_centers,,,,,,5718.0,1.0,0.0,0.0,0.0
cell1_ROI_dbscan_centers,cell1_ROI_dbscan_centers,,,,,,5719.0,0.0,0.0,0.0,0.0
cell1_ROI_dbscan_centers,cell1_ROI_dbscan_centers,,,,,,5720.0,0.0,2.0,0.0,1.0
cell1_ROI_dbscan_centers,cell1_ROI_dbscan_centers,,,,,,5721.0,1.0,0.0,0.0,0.0
cell1_ROI_dbscan_centers,cell1_ROI_dbscan_centers,,,,,,5722.0,0.0,0.0,0.0,0.0
cell1_ROI_dbscan_centers,cell1_ROI_dbscan_centers,,,,,,5723.0,0.0,0.0,0.0,0.0
cell1_ROI_dbscan_centers,cell1_ROI_dbscan_centers,,,,,,5724.0,0.0,0.0,0.0,0.0
cell1_ROI_dbscan_centers,cell1_ROI_dbscan_centers,,,,,,5725.0,0.0,0.0,0.0,0.0
cell1_ROI_dbscan_centers,cell1_ROI_dbscan_centers,,,,,,5726.0,0.0,0.0,0.0,0.0
cell1_ROI_dbscan_centers,cell1_ROI_dbscan_centers,,,,,,5727.0,1.0,0.0,0.0,0.0
cell1_ROI_dbscan_centers,cell1_ROI_dbscan_centers,,,,,,5728.0,0.0,0.0,0.0,1.0
cell1_ROI_dbscan_centers,cell1_ROI_dbscan_centers,,,,,,5729.0,0.0,0.0,0.0,0.0
cell1_ROI_dbscan_centers,cell1_ROI_dbscan_centers,,,,,,5730.0,0.0,1.0,0.0,0.0
cell1_ROI_dbscan_centers,cell1_ROI_dbscan_centers,,,,,,5731.0,0.0,0.0,0.0,0.0
cell1_ROI_dbscan_centers,cell1_ROI_dbscan_centers,,,,,,5732.0,0.0,0.0,0.0,0.0
cell1_ROI_dbscan_centers,cell1_ROI_dbscan_centers,,,,,,5733.0,0.0,2.0,0.0,0.0
cell1_ROI_dbscan_centers,cell1_ROI_dbscan_centers,,,,,,5734.0,0.0,0.0,0.0,0.0
cell1_ROI_dbscan_centers,cell1_ROI_dbscan_centers,,,,,,5735.0,0.0,0.0,1.0,0.0
cell1_ROI_dbscan_centers,cell1_ROI_dbscan_centers,,,,,,5736.0,0.0,0.0,0.0,0.0
cell1_ROI_dbscan_centers,cell1_ROI_dbscan_centers,,,,,,5737.0,0.0,0.0,0.0,0.0
cell1_ROI_dbscan_centers,cell1_ROI_dbscan_centers,,,,,,5738.0,0.0,0.0,1.0,0.0
cell1_ROI_dbscan_centers,cell1_ROI_dbscan_centers,,,,,,5739.0,0.0,0.0,0.0,0.0
cell1_ROI_dbscan_centers,cell1_ROI_dbscan_centers,,,,,,5740.0,0.0,0.0,0.0,0.0
cell1_ROI_dbscan_centers,cell1_ROI_dbscan_centers,,,,,,5741.0,0.0,0.0,0.0,0.0
cell1_ROI_dbscan_centers,cell1_ROI_dbscan_centers,,,,,,5742.0,2.0,1.0,0.0,0.0
cell1_ROI_dbscan_centers,cell1_ROI_dbscan_centers,,,,,,5743.0,0.0,0.0,0.0,0.0
cell1_ROI_dbscan_centers,cell1_ROI_dbscan_centers,,,,,,5744.0,0.0,0.0,0.0,0.0
cell1_ROI_dbscan_centers,cell1_ROI_dbscan_centers,,,,,,5745.0,0.0,0.0,0.0,0.0
cell1_ROI_dbscan_centers,cell1_ROI_dbscan_centers,,,,,,5746.0,0.0,0.0,0.0,1.0
cell1_ROI_dbscan_centers,cell1_ROI_dbscan_centers,,,,,,5747.0,0.0,0.0,0.0,0.0
cell1_ROI_dbscan_centers,cell1_ROI_dbscan_centers,,,,,,5748.0,0.0,0.0,0.0,1.0
cell1_ROI_dbscan_centers,cell1_ROI_dbscan_centers,,,,,,5749.0,0.0,1.0,0.0,0.0
cell1_ROI_dbscan_centers,cell1_ROI_dbscan_centers,,,,,,5750.0,0.0,1.0,0.0,0.0
cell1_ROI_dbscan_centers,cell1_ROI_dbscan_centers,,,,,,5751.0,0.0,0.0,0.0,0.0
cell1_ROI_dbscan_centers,cell1_ROI_dbscan_centers,,,,,,5752.0,1.0,0.0,0.0,0.0
cell1_ROI_dbscan_centers,cell1_ROI_dbscan_centers,,,,,,5753.0,0.0,0.0,0.0,0.0
cell1_ROI_dbscan_centers,cell1_ROI_dbscan_centers,,,,,,5754.0,0.0,1.0,0.0,0.0
cell1_ROI_dbscan_centers,cell1_ROI_dbscan_centers,,,,,,5755.0,0.0,0.0,0.0,0.0
cell1_ROI_dbscan_centers,cell1_ROI_dbscan_centers,,,,,,5756.0,0.0,1.0,0.0,0.0
cell1_ROI_dbscan_centers,cell1_ROI_dbscan_centers,,,,,,5757.0,1.0,0.0,0.0,0.0
cell1_ROI_dbscan_centers,cell1_ROI_dbscan_centers,,,,,,5758.0,0.0,1.0,0.0,0.0
cell1_ROI_dbscan_centers,cell1_ROI_dbscan_centers,,,,,,5759.0,0.0,0.0,0.0,0.0
cell1_ROI_dbscan_centers,cell1_ROI_dbscan_centers,,,,,,5760.0,0.0,1.0,1.0,0.0
cell1_ROI_dbscan_centers,cell1_ROI_dbscan_centers,,,,,,5761.0,0.0,0.0,0.0,0.0
cell1_ROI_dbscan_centers,cell1_ROI_dbscan_centers,,,,,,5762.0,1.0,1.0,1.0,0.0
cell1_ROI_dbscan_centers,cell1_ROI_dbscan_centers,,,,,,5763.0,0.0,1.0,0.0,0.0
cell1_ROI_dbscan_centers,cell1_ROI_dbscan_centers,,,,,,5764.0,0.0,0.0,0.0,0.0
cell1_ROI_dbscan_centers,cell1_ROI_dbscan_centers,,,,,,5765.0,0.0,0.0,0.0,0.0
cell1_ROI_dbscan_centers,cell1_ROI_dbscan_centers,,,,,,5766.0,0.0,0.0,0.0,0.0
cell1_ROI_dbscan_centers,cell1_ROI_dbscan_centers,,,,,,5767.0,0.0,0.0,0.0,0.0
cell1_ROI_dbscan_centers,cell1_ROI_dbscan_centers,,,,,,5768.0,0.0,0.0,0.0,0.0
cell1_ROI_dbscan_centers,cell1_ROI_dbscan_centers,,,,,,5769.0,0.0,0.0,0.0,0.0
cell1_ROI_dbscan_centers,cell1_ROI_dbscan_centers,,,,,,5770.0,0.0,0.0,0.0,1.0
cell1_ROI_dbscan_centers,cell1_ROI_dbscan_centers,,,,,,5771.0,0.0,0.0,0.0,2.0
cell1_ROI_dbscan_centers,cell1_ROI_dbscan_centers,,,,,,5772.0,0.0,0.0,0.0,0.0
cell1_ROI_dbscan_centers,cell1_ROI_dbscan_centers,,,,,,5773.0,0.0,0.0,0.0,0.0
cell1_ROI_dbscan_centers,cell1_ROI_dbscan_centers,,,,,,5774.0,0.0,0.0,0.0,0.0
cell1_ROI_dbscan_centers,cell1_ROI_dbscan_centers,,,,,,5775.0,0.0,0.0,0.0,1.0
cell1_ROI_dbscan_centers,cell1_ROI_dbscan_centers,,,,,,5776.0,0.0,0.0,0.0,0.0
cell1_ROI_dbscan_centers,cell1_ROI_dbscan_centers,,,,,,5777.0,0.0,0.0,0.0,0.0
cell1_ROI_dbscan_centers,cell1_ROI_dbscan_centers,,,,,,5778.0,0.0,0.0,0.0,0.0
cell1_ROI_dbscan_centers,cell1_ROI_dbscan_centers,,,,,,5779.0,0.0,0.0,0.0,0.0
cell1_ROI_dbscan_centers,cell1_ROI_dbscan_centers,,,,,,5780.0,0.0,1.0,0.0,0.0
cell1_ROI_dbscan_centers,cell1_ROI_dbscan_centers,,,,,,5781.0,0.0,0.0,0.0,1.0
cell1_ROI_dbscan_centers,cell1_ROI_dbscan_centers,,,,,,5782.0,0.0,0.0,0.0,0.0
cell1_ROI_dbscan_centers,cell1_ROI_dbscan_centers,,,,,,5783.0,0.0,0.0,0.0,0.0
cell1_ROI_dbscan_centers,cell1_ROI_dbscan_centers,,,,,,5784.0,0.0,0.0,0.0,0.0
cell1_ROI_dbscan_centers,cell1_ROI_dbscan_centers,,,,,,5785.0,0.0,0.0,0.0,0.0
cell1_ROI_dbscan_centers,cell1_ROI_dbscan_centers,,,,,,5786.0,0.0,2.0,0.0,1.0
cell1_ROI_dbscan_centers,cell1_ROI_dbscan_centers,,,,,,5787.0,1.0,1.0,0.0,0.0
cell1_ROI_dbscan_centers,cell1_ROI_dbscan_centers,,,,,,5788.0,0.0,0.0,0.0,0.0
cell1_ROI_dbscan_centers,cell1_ROI_dbscan_centers,,,,,,5789.0,1.0,0.0,0.0,1.0
cell1_ROI_dbscan_centers,cell1_ROI_dbscan_centers,,,,,,5790.0,0.0,0.0,0.0,1.0
cell1_ROI_dbscan_centers,cell1_ROI_dbscan_centers,,,,,,5791.0,0.0,0.0,0.0,0.0
cell1_ROI_dbscan_centers,cell1_ROI_dbscan_centers,,,,,,5792.0,0.0,0.0,0.0,0.0
cell1_ROI_dbscan_centers,cell1_ROI_dbscan_centers,,,,,,5793.0,0.0,0.0,0.0,0.0
cell1_ROI_dbscan_centers,cell1_ROI_dbscan_centers,,,,,,5794.0,1.0,2.0,0.0,0.0
cell1_ROI_dbscan_centers,cell1_ROI_dbscan_centers,,,,,,5795.0,0.0,0.0,0.0,0.0
cell1_ROI_dbscan_centers,cell1_ROI_dbscan_centers,,,,,,5796.0,0.0,0.0,0.0,0.0
cell1_ROI_dbscan_centers,cell1_ROI_dbscan_centers,,,,,,5797.0,0.0,0.0,0.0,0.0
cell1_ROI_dbscan_centers,cell1_ROI_dbscan_centers,,,,,,5798.0,0.0,1.0,0.0,0.0
cell1_ROI_dbscan_centers,cell1_ROI_dbscan_centers,,,,,,5799.0,1.0,1.0,0.0,1.0
cell1_ROI_dbscan_centers,cell1_ROI_dbscan_centers,,,,,,5800.0,0.0,0.0,0.0,0.0
cell1_ROI_dbscan_centers,cell1_ROI_dbscan_centers,,,,,,5801.0,0.0,0.0,0.0,1.0
cell1_ROI_dbscan_centers,cell1_ROI_dbscan_centers,,,,,,5802.0,0.0,0.0,0.0,1.0
cell1_ROI_dbscan_centers,cell1_ROI_dbscan_centers,,,,,,5803.0,1.0,0.0,0.0,0.0
cell1_ROI_dbscan_centers,cell1_ROI_dbscan_centers,,,,,,5804.0,0.0,0.0,0.0,0.0
cell1_ROI_dbscan_centers,cell1_ROI_dbscan_centers,,,,,,5805.0,0.0,0.0,0.0,1.0
cell1_ROI_dbscan_centers,cell1_ROI_dbscan_centers,,,,,,5806.0,0.0,0.0,0.0,0.0
cell1_ROI_dbscan_centers,cell1_ROI_dbscan_centers,,,,,,5807.0,0.0,0.0,0.0,0.0
cell1_ROI_dbscan_centers,cell1_ROI_dbscan_centers,,,,,,5808.0,1.0,1.0,0.0,0.0
cell1_ROI_dbscan_centers,cell1_ROI_dbscan_centers,,,,,,5809.0,0.0,1.0,0.0,0.0
cell1_ROI_dbscan_centers,cell1_ROI_dbscan_centers,,,,,,5810.0,0.0,0.0,0.0,0.0
cell1_ROI_dbscan_centers,cell1_ROI_dbscan_centers,,,,,,5811.0,0.0,0.0,0.0,0.0
cell1_ROI_dbscan_centers,cell1_ROI_dbscan_centers,,,,,,5812.0,0.0,0.0,0.0,0.0
cell1_ROI_dbscan_centers,cell1_ROI_dbscan_centers,,,,,,5813.0,0.0,0.0,0.0,0.0
cell1_ROI_dbscan_centers,cell1_ROI_dbscan_centers,,,,,,5814.0,0.0,2.0,0.0,1.0
cell1_ROI_dbscan_centers,cell1_ROI_dbscan_centers,,,,,,5815.0,1.0,0.0,0.0,1.0
cell1_ROI_dbscan_centers,cell1_ROI_dbscan_centers,,,,,,5816.0,0.0,0.0,0.0,1.0
cell1_ROI_dbscan_centers,cell1_ROI_dbscan_centers,,,,,,5817.0,0.0,0.0,0.0,0.0
cell1_ROI_dbscan_centers,cell1_ROI_dbscan_centers,,,,,,5818.0,0.0,0.0,0.0,0.0
cell1_ROI_dbscan_centers,cell1_ROI_dbscan_centers,,,,,,5819.0,0.0,0.0,0.0,0.0
cell1_ROI_dbscan_centers,cell1_ROI_dbscan_centers,,,,,,5820.0,0.0,0.0,0.0,0.0
cell1_ROI_dbscan_centers,cell1_ROI_dbscan_centers,,,,,,5821.0,0.0,1.0,0.0,0.0
cell1_ROI_dbscan_centers,cell1_ROI_dbscan_centers,,,,,,5822.0,1.0,0.0,0.0,1.0
cell1_ROI_dbscan_centers,cell1_ROI_dbscan_centers,,,,,,5823.0,0.0,0.0,0.0,0.0
cell1_ROI_dbscan_centers,cell1_ROI_dbscan_centers,,,,,,5824.0,1.0,0.0,0.0,0.0
cell1_ROI_dbscan_centers,cell1_ROI_dbscan_centers,,,,,,5825.0,0.0,0.0,0.0,0.0
cell1_ROI_dbscan_centers,cell1_ROI_dbscan_centers,,,,,,5826.0,0.0,0.0,0.0,0.0
cell1_ROI_dbscan_centers,cell1_ROI_dbscan_centers,,,,,,5827.0,1.0,0.0,0.0,0.0
cell1_ROI_dbscan_centers,cell1_ROI_dbscan_centers,,,,,,5828.0,0.0,0.0,1.0,0.0
cell1_ROI_dbscan_centers,cell1_ROI_dbscan_centers,,,,,,5829.0,0.0,0.0,0.0,2.0
cell1_ROI_dbscan_centers,cell1_ROI_dbscan_centers,,,,,,5830.0,0.0,0.0,0.0,0.0
cell1_ROI_dbscan_centers,cell1_ROI_dbscan_centers,,,,,,5831.0,0.0,1.0,0.0,0.0
cell1_ROI_dbscan_centers,cell1_ROI_dbscan_centers,,,,,,5832.0,0.0,2.0,0.0,0.0
cell1_ROI_dbscan_centers,cell1_ROI_dbscan_centers,,,,,,5833.0,0.0,1.0,0.0,0.0
cell1_ROI_dbscan_centers,cell1_ROI_dbscan_centers,,,,,,5834.0,1.0,1.0,0.0,0.0
cell1_ROI_dbscan_centers,cell1_ROI_dbscan_centers,,,,,,5835.0,0.0,1.0,0.0,0.0
cell1_ROI_dbscan_centers,cell1_ROI_dbscan_centers,,,,,,5836.0,0.0,0.0,0.0,0.0
cell1_ROI_dbscan_centers,cell1_ROI_dbscan_centers,,,,,,5837.0,0.0,0.0,0.0,0.0
cell1_ROI_dbscan_centers,cell1_ROI_dbscan_centers,,,,,,5838.0,0.0,0.0,0.0,1.0
cell1_ROI_dbscan_centers,cell1_ROI_dbscan_centers,,,,,,5839.0,0.0,0.0,0.0,1.0
cell1_ROI_dbscan_centers,cell1_ROI_dbscan_centers,,,,,,5840.0,0.0,1.0,0.0,0.0
cell1_ROI_dbscan_centers,cell1_ROI_dbscan_centers,,,,,,5841.0,0.0,1.0,0.0,0.0
cell1_ROI_dbscan_centers,cell1_ROI_dbscan_centers,,,,,,5842.0,0.0,1.0,0.0,0.0
cell1_ROI_dbscan_centers,cell1_ROI_dbscan_centers,,,,,,5843.0,0.0,0.0,0.0,0.0
cell1_ROI_dbscan_centers,cell1_ROI_dbscan_centers,,,,,,5844.0,0.0,0.0,0.0,0.0
cell1_ROI_dbscan_centers,cell1_ROI_dbscan_centers,,,,,,5845.0,1.0,1.0,0.0,1.0
cell1_ROI_dbscan_centers,cell1_ROI_dbscan_centers,,,,,,5846.0,0.0,2.0,1.0,0.0
cell1_ROI_dbscan_centers,cell1_ROI_dbscan_centers,,,,,,5847.0,0.0,0.0,0.0,0.0
cell1_ROI_dbscan_centers,cell1_ROI_dbscan_centers,,,,,,5848.0,0.0,0.0,0.0,1.0
cell1_ROI_dbscan_centers,cell1_ROI_dbscan_centers,,,,,,5849.0,0.0,0.0,0.0,0.0
cell1_ROI_dbscan_centers,cell1_ROI_dbscan_centers,,,,,,5850.0,1.0,0.0,0.0,1.0
cell1_ROI_dbscan_centers,cell1_ROI_dbscan_centers,,,,,,5851.0,0.0,1.0,0.0,0.0
cell1_ROI_dbscan_centers,cell1_ROI_dbscan_centers,,,,,,5852.0,1.0,0.0,0.0,0.0
cell1_ROI_dbscan_centers,cell1_ROI_dbscan_centers,,,,,,5853.0,1.0,0.0,0.0,0.0
cell1_ROI_dbscan_centers,cell1_ROI_dbscan_centers,,,,,,5854.0,0.0,0.0,0.0,0.0
cell1_ROI_dbscan_centers,cell1_ROI_dbscan_centers,,,,,,5855.0,0.0,0.0,0.0,1.0
cell1_ROI_dbscan_centers,cell1_ROI_dbscan_centers,,,,,,5856.0,1.0,0.0,0.0,0.0
cell1_ROI_dbscan_centers,cell1_ROI_dbscan_centers,,,,,,5857.0,1.0,1.0,0.0,0.0
cell1_ROI_dbscan_centers,cell1_ROI_dbscan_centers,,,,,,5858.0,0.0,0.0,0.0,0.0
cell1_ROI_dbscan_centers,cell1_ROI_dbscan_centers,,,,,,5859.0,0.0,2.0,0.0,0.0
cell1_ROI_dbscan_centers,cell1_ROI_dbscan_centers,,,,,,5860.0,0.0,0.0,0.0,1.0
cell1_ROI_dbscan_centers,cell1_ROI_dbscan_centers,,,,,,5861.0,0.0,0.0,0.0,0.0
cell1_ROI_dbscan_centers,cell1_ROI_dbscan_centers,,,,,,5862.0,1.0,0.0,0.0,0.0
cell1_ROI_dbscan_centers,cell1_ROI_dbscan_centers,,,,,,5863.0,1.0,0.0,0.0,0.0
cell1_ROI_dbscan_centers,cell1_ROI_dbscan_centers,,,,,,5864.0,0.0,0.0,0.0,0.0
cell1_ROI_dbscan_centers,cell1_ROI_dbscan_centers,,,,,,5865.0,1.0,0.0,0.0,2.0
cell1_ROI_dbscan_centers,cell1_ROI_dbscan_centers,,,,,,5866.0,0.0,0.0,0.0,0.0
cell1_ROI_dbscan_centers,cell1_ROI_dbscan_centers,,,,,,5867.0,0.0,0.0,0.0,0.0
cell1_ROI_dbscan_centers,cell1_ROI_dbscan_centers,,,,,,5868.0,0.0,1.0,0.0,2.0
cell1_ROI_dbscan_centers,cell1_ROI_dbscan_centers,,,,,,5869.0,0.0,1.0,0.0,0.0
cell1_ROI_dbscan_centers,cell1_ROI_dbscan_centers,,,,,,5870.0,0.0,2.0,0.0,0.0
cell1_ROI_dbscan_centers,cell1_ROI_dbscan_centers,,,,,,5871.0,0.0,0.0,0.0,0.0
cell1_ROI_dbscan_centers,cell1_ROI_dbscan_centers,,,,,,5872.0,0.0,0.0,0.0,0.0
cell1_ROI_dbscan_centers,cell1_ROI_dbscan_centers,,,,,,5873.0,0.0,1.0,0.0,0.0
cell1_ROI_dbscan_centers,cell1_ROI_dbscan_centers,,,,,,5874.0,1.0,1.0,0.0,0.0
cell1_ROI_dbscan_centers,cell1_ROI_dbscan_centers,,,,,,5875.0,0.0,0.0,0.0,0.0
cell1_ROI_dbscan_centers,cell1_ROI_dbscan_centers,,,,,,5876.0,0.0,1.0,0.0,0.0
cell1_ROI_dbscan_centers,cell1_ROI_dbscan_centers,,,,,,5877.0,0.0,1.0,0.0,0.0
cell1_ROI_dbscan_centers,cell1_ROI_dbscan_centers,,,,,,5878.0,0.0,1.0,0.0,1.0
cell1_ROI_dbscan_centers,cell1_ROI_dbscan_centers,,,,,,5879.0,0.0,0.0,0.0,0.0
cell1_ROI_dbscan_centers,cell1_ROI_dbscan_centers,,,,,,5880.0,0.0,0.0,0.0,0.0
cell1_ROI_dbscan_centers,cell1_ROI_dbscan_centers,,,,,,5881.0,1.0,1.0,0.0,0.0
cell1_ROI_dbscan_centers,cell1_ROI_dbscan_centers,,,,,,5882.0,0.0,0.0,0.0,0.0
cell1_ROI_dbscan_centers,cell1_ROI_dbscan_centers,,,,,,5883.0,0.0,0.0,0.0,0.0
cell1_ROI_dbscan_centers,cell1_ROI_dbscan_centers,,,,,,5884.0,0.0,0.0,0.0,0.0
cell1_ROI_dbscan_centers,cell1_ROI_dbscan_centers,,,,,,5885.0,0.0,0.0,0.0,1.0
cell1_ROI_dbscan_centers,cell1_ROI_dbscan_centers,,,,,,5886.0,0.0,0.0,0.0,0.0
cell1_ROI_dbscan_centers,cell1_ROI_dbscan_centers,,,,,,5887.0,0.0,0.0,0.0,0.0
cell1_ROI_dbscan_centers,cell1_ROI_dbscan_centers,,,,,,5888.0,0.0,0.0,0.0,1.0
cell1_ROI_dbscan_centers,cell1_ROI_dbscan_centers,,,,,,5889.0,0.0,1.0,0.0,0.0
cell1_ROI_dbscan_centers,cell1_ROI_dbscan_centers,,,,,,5890.0,0.0,1.0,0.0,0.0
cell1_ROI_dbscan_centers,cell1_ROI_dbscan_centers,,,,,,5891.0,0.0,1.0,0.0,1.0
cell1_ROI_dbscan_centers,cell1_ROI_dbscan_centers,,,,,,5892.0,0.0,0.0,0.0,0.0
cell1_ROI_dbscan_centers,cell1_ROI_dbscan_centers,,,,,,5893.0,0.0,0.0,0.0,0.0
cell1_ROI_dbscan_centers,cell1_ROI_dbscan_centers,,,,,,5894.0,0.0,0.0,0.0,0.0
cell1_ROI_dbscan_centers,cell1_ROI_dbscan_centers,,,,,,5895.0,0.0,0.0,0.0,0.0
cell1_ROI_dbscan_centers,cell1_ROI_dbscan_centers,,,,,,5896.0,0.0,0.0,0.0,0.0
cell1_ROI_dbscan_centers,cell1_ROI_dbscan_centers,,,,,,5897.0,0.0,1.0,0.0,0.0
cell1_ROI_dbscan_centers,cell1_ROI_dbscan_centers,,,,,,5898.0,0.0,0.0,0.0,0.0
cell1_ROI_dbscan_centers,cell1_ROI_dbscan_centers,,,,,,5899.0,1.0,0.0,0.0,0.0
cell1_ROI_dbscan_centers,cell1_ROI_dbscan_centers,,,,,,5900.0,0.0,0.0,0.0,0.0
cell1_ROI_dbscan_centers,cell1_ROI_dbscan_centers,,,,,,5901.0,0.0,0.0,0.0,0.0
cell1_ROI_dbscan_centers,cell1_ROI_dbscan_centers,,,,,,5902.0,0.0,0.0,0.0,0.0
cell1_ROI_dbscan_centers,cell1_ROI_dbscan_centers,,,,,,5903.0,0.0,0.0,1.0,0.0
cell1_ROI_dbscan_centers,cell1_ROI_dbscan_centers,,,,,,5904.0,0.0,0.0,0.0,0.0
cell1_ROI_dbscan_centers,cell1_ROI_dbscan_centers,,,,,,5905.0,0.0,0.0,0.0,1.0
cell1_ROI_dbscan_centers,cell1_ROI_dbscan_centers,,,,,,5906.0,0.0,0.0,0.0,0.0
cell1_ROI_dbscan_centers,cell1_ROI_dbscan_centers,,,,,,5907.0,0.0,0.0,0.0,2.0
cell1_ROI_dbscan_centers,cell1_ROI_dbscan_centers,,,,,,5908.0,1.0,0.0,0.0,0.0
cell1_ROI_dbscan_centers,cell1_ROI_dbscan_centers,,,,,,5909.0,0.0,0.0,0.0,0.0
cell1_ROI_dbscan_centers,cell1_ROI_dbscan_centers,,,,,,5910.0,0.0,1.0,0.0,0.0
cell1_ROI_dbscan_centers,cell1_ROI_dbscan_centers,,,,,,5911.0,0.0,0.0,0.0,0.0
cell1_ROI_dbscan_centers,cell1_ROI_dbscan_centers,,,,,,5912.0,0.0,0.0,0.0,0.0
cell1_ROI_dbscan_centers,cell1_ROI_dbscan_centers,,,,,,5913.0,0.0,2.0,1.0,0.0
cell1_ROI_dbscan_centers,cell1_ROI_dbscan_centers,,,,,,5914.0,0.0,0.0,0.0,1.0
cell1_ROI_dbscan_centers,cell1_ROI_dbscan_centers,,,,,,5915.0,0.0,0.0,0.0,0.0
cell1_ROI_dbscan_centers,cell1_ROI_dbscan_centers,,,,,,5916.0,0.0,0.0,0.0,0.0
cell1_ROI_dbscan_centers,cell1_ROI_dbscan_centers,,,,,,5917.0,0.0,0.0,0.0,0.0
cell1_ROI_dbscan_centers,cell1_ROI_dbscan_centers,,,,,,5918.0,1.0,1.0,0.0,0.0
cell1_ROI_dbscan_centers,cell1_ROI_dbscan_centers,,,,,,5919.0,0.0,0.0,0.0,1.0
cell1_ROI_dbscan_centers,cell1_ROI_dbscan_centers,,,,,,5920.0,0.0,1.0,0.0,0.0
cell1_ROI_dbscan_centers,cell1_ROI_dbscan_centers,,,,,,5921.0,1.0,0.0,0.0,0.0
cell1_ROI_dbscan_centers,cell1_ROI_dbscan_centers,,,,,,5922.0,0.0,0.0,0.0,0.0
cell1_ROI_dbscan_centers,cell1_ROI_dbscan_centers,,,,,,5923.0,0.0,0.0,0.0,0.0
cell1_ROI_dbscan_centers,cell1_ROI_dbscan_centers,,,,,,5924.0,0.0,1.0,0.0,1.0
cell1_ROI_dbscan_centers,cell1_ROI_dbscan_centers,,,,,,5925.0,1.0,0.0,1.0,0.0
cell1_ROI_dbscan_centers,cell1_ROI_dbscan_centers,,,,,,5926.0,1.0,1.0,0.0,0.0
cell1_ROI_dbscan_centers,cell1_ROI_dbscan_centers,,,,,,5927.0,1.0,1.0,0.0,0.0
cell1_ROI_dbscan_centers,cell1_ROI_dbscan_centers,,,,,,5928.0,1.0,1.0,0.0,0.0
cell1_ROI_dbscan_centers,cell1_ROI_dbscan_centers,,,,,,5929.0,0.0,0.0,0.0,0.0
cell1_ROI_dbscan_centers,cell1_ROI_dbscan_centers,,,,,,5930.0,0.0,0.0,0.0,0.0
cell1_ROI_dbscan_centers,cell1_ROI_dbscan_centers,,,,,,5931.0,0.0,0.0,1.0,0.0
cell1_ROI_dbscan_centers,cell1_ROI_dbscan_centers,,,,,,5932.0,0.0,0.0,0.0,0.0
cell1_ROI_dbscan_centers,cell1_ROI_dbscan_centers,,,,,,5933.0,0.0,0.0,0.0,1.0
cell1_ROI_dbscan_centers,cell1_ROI_dbscan_centers,,,,,,5934.0,1.0,0.0,0.0,0.0
cell1_ROI_dbscan_centers,cell1_ROI_dbscan_centers,,,,,,5935.0,0.0,0.0,0.0,1.0
cell1_ROI_dbscan_centers,cell1_ROI_dbscan_centers,,,,,,5936.0,0.0,0.0,0.0,0.0
cell1_ROI_dbscan_centers,cell1_ROI_dbscan_centers,,,,,,5937.0,0.0,0.0,0.0,0.0
cell1_ROI_dbscan_centers,cell1_ROI_dbscan_centers,,,,,,5938.0,0.0,0.0,0.0,0.0
cell1_ROI_dbscan_centers,cell1_ROI_dbscan_centers,,,,,,5939.0,0.0,0.0,0.0,0.0
cell1_ROI_dbscan_centers,cell1_ROI_dbscan_centers,,,,,,5940.0,1.0,1.0,0.0,0.0
cell1_ROI_dbscan_centers,cell1_ROI_dbscan_centers,,,,,,5941.0,0.0,1.0,0.0,0.0
cell1_ROI_dbscan_centers,cell1_ROI_dbscan_centers,,,,,,5942.0,1.0,0.0,0.0,0.0
cell1_ROI_dbscan_centers,cell1_ROI_dbscan_centers,,,,,,5943.0,1.0,2.0,0.0,0.0
cell1_ROI_dbscan_centers,cell1_ROI_dbscan_centers,,,,,,5944.0,0.0,0.0,0.0,0.0
cell1_ROI_dbscan_centers,cell1_ROI_dbscan_centers,,,,,,5945.0,0.0,0.0,0.0,0.0
cell1_ROI_dbscan_centers,cell1_ROI_dbscan_centers,,,,,,5946.0,0.0,1.0,0.0,0.0
cell1_ROI_dbscan_centers,cell1_ROI_dbscan_centers,,,,,,5947.0,0.0,2.0,0.0,0.0
cell1_ROI_dbscan_centers,cell1_ROI_dbscan_centers,,,,,,5948.0,0.0,1.0,0.0,0.0
cell1_ROI_dbscan_centers,cell1_ROI_dbscan_centers,,,,,,5949.0,0.0,1.0,0.0,0.0
cell1_ROI_dbscan_centers,cell1_ROI_dbscan_centers,,,,,,5950.0,0.0,1.0,0.0,0.0
cell1_ROI_dbscan_centers,cell1_ROI_dbscan_centers,,,,,,5951.0,0.0,0.0,0.0,1.0
cell1_ROI_dbscan_centers,cell1_ROI_dbscan_centers,,,,,,5952.0,0.0,0.0,1.0,0.0
cell1_ROI_dbscan_centers,cell1_ROI_dbscan_centers,,,,,,5953.0,0.0,0.0,1.0,0.0
cell1_ROI_dbscan_centers,cell1_ROI_dbscan_centers,,,,,,5954.0,1.0,0.0,0.0,1.0
cell1_ROI_dbscan_centers,cell1_ROI_dbscan_centers,,,,,,5955.0,0.0,0.0,1.0,1.0
cell1_ROI_dbscan_centers,cell1_ROI_dbscan_centers,,,,,,5956.0,0.0,0.0,0.0,0.0
cell1_ROI_dbscan_centers,cell1_ROI_dbscan_centers,,,,,,5957.0,1.0,2.0,0.0,1.0
cell1_ROI_dbscan_centers,cell1_ROI_dbscan_centers,,,,,,5958.0,0.0,0.0,0.0,1.0
cell1_ROI_dbscan_centers,cell1_ROI_dbscan_centers,,,,,,5959.0,1.0,0.0,0.0,1.0
cell1_ROI_dbscan_centers,cell1_ROI_dbscan_centers,,,,,,5960.0,0.0,0.0,0.0,0.0
cell1_ROI_dbscan_centers,cell1_ROI_dbscan_centers,,,,,,5961.0,0.0,0.0,0.0,0.0
cell1_ROI_dbscan_centers,cell1_ROI_dbscan_centers,,,,,,5962.0,1.0,1.0,0.0,0.0
cell1_ROI_dbscan_centers,cell1_ROI_dbscan_centers,,,,,,5963.0,0.0,0.0,0.0,0.0
cell1_ROI_dbscan_centers,cell1_ROI_dbscan_centers,,,,,,5964.0,0.0,0.0,0.0,0.0
cell1_ROI_dbscan_centers,cell1_ROI_dbscan_centers,,,,,,5965.0,0.0,0.0,0.0,0.0
cell1_ROI_dbscan_centers,cell1_ROI_dbscan_centers,,,,,,5966.0,0.0,0.0,0.0,0.0
cell1_ROI_dbscan_centers,cell1_ROI_dbscan_centers,,,,,,5967.0,1.0,0.0,0.0,0.0
cell1_ROI_dbscan_centers,cell1_ROI_dbscan_centers,,,,,,5968.0,0.0,1.0,0.0,0.0
cell1_ROI_dbscan_centers,cell1_ROI_dbscan_centers,,,,,,5969.0,0.0,1.0,0.0,0.0
cell1_ROI_dbscan_centers,cell1_ROI_dbscan_centers,,,,,,5970.0,0.0,0.0,0.0,0.0
cell1_ROI_dbscan_centers,cell1_ROI_dbscan_centers,,,,,,5971.0,0.0,0.0,0.0,0.0
cell1_ROI_dbscan_centers,cell1_ROI_dbscan_centers,,,,,,5972.0,0.0,0.0,0.0,0.0
cell1_ROI_dbscan_centers,cell1_ROI_dbscan_centers,,,,,,5973.0,0.0,0.0,0.0,0.0
cell1_ROI_dbscan_centers,cell1_ROI_dbscan_centers,,,,,,5974.0,0.0,1.0,0.0,0.0
cell1_ROI_dbscan_centers,cell1_ROI_dbscan_centers,,,,,,5975.0,0.0,0.0,0.0,0.0
cell1_ROI_dbscan_centers,cell1_ROI_dbscan_centers,,,,,,5976.0,0.0,0.0,0.0,0.0
cell1_ROI_dbscan_centers,cell1_ROI_dbscan_centers,,,,,,5977.0,1.0,0.0,0.0,0.0
cell1_ROI_dbscan_centers,cell1_ROI_dbscan_centers,,,,,,5978.0,0.0,1.0,0.0,0.0
cell1_ROI_dbscan_centers,cell1_ROI_dbscan_centers,,,,,,5979.0,0.0,1.0,0.0,1.0
cell1_ROI_dbscan_centers,cell1_ROI_dbscan_centers,,,,,,5980.0,1.0,0.0,0.0,0.0
cell1_ROI_dbscan_centers,cell1_ROI_dbscan_centers,,,,,,5981.0,0.0,0.0,0.0,0.0
cell1_ROI_dbscan_centers,cell1_ROI_dbscan_centers,,,,,,5982.0,1.0,0.0,0.0,0.0
cell1_ROI_dbscan_centers,cell1_ROI_dbscan_centers,,,,,,5983.0,1.0,0.0,0.0,0.0
cell1_ROI_dbscan_centers,cell1_ROI_dbscan_centers,,,,,,5984.0,1.0,1.0,0.0,0.0
cell1_ROI_dbscan_centers,cell1_ROI_dbscan_centers,,,,,,5985.0,1.0,2.0,1.0,0.0
cell1_ROI_dbscan_centers,cell1_ROI_dbscan_centers,,,,,,5986.0,0.0,0.0,0.0,1.0
cell1_ROI_dbscan_centers,cell1_ROI_dbscan_centers,,,,,,5987.0,1.0,1.0,0.0,0.0
cell1_ROI_dbscan_centers,cell1_ROI_dbscan_centers,,,,,,5988.0,0.0,0.0,0.0,0.0
cell1_ROI_dbscan_centers,cell1_ROI_dbscan_centers,,,,,,5989.0,0.0,0.0,0.0,0.0
cell1_ROI_dbscan_centers,cell1_ROI_dbscan_centers,,,,,,5990.0,0.0,0.0,0.0,0.0
cell1_ROI_dbscan_centers,cell1_ROI_dbscan_centers,,,,,,5991.0,0.0,0.0,0.0,0.0
cell1_ROI_dbscan_centers,cell1_ROI_dbscan_centers,,,,,,5992.0,0.0,1.0,0.0,0.0
cell1_ROI_dbscan_centers,cell1_ROI_dbscan_centers,,,,,,5993.0,0.0,1.0,0.0,0.0
cell1_ROI_dbscan_centers,cell1_ROI_dbscan_centers,,,,,,5994.0,0.0,0.0,0.0,0.0
cell1_ROI_dbscan_centers,cell1_ROI_dbscan_centers,,,,,,5995.0,0.0,0.0,0.0,0.0
cell1_ROI_dbscan_centers,cell1_ROI_dbscan_centers,,,,,,5996.0,0.0,0.0,0.0,0.0
cell1_ROI_dbscan_centers,cell1_ROI_dbscan_centers,,,,,,5997.0,0.0,0.0,0.0,1.0
cell1_ROI_dbscan_centers,cell1_ROI_dbscan_centers,,,,,,5998.0,0.0,0.0,0.0,0.0
cell1_ROI_dbscan_centers,cell1_ROI_dbscan_centers,,,,,,5999.0,0.0,0.0,0.0,0.0
cell1_ROI_dbscan_centers,cell1_ROI_dbscan_centers,,,,,,6000.0,0.0,0.0,0.0,0.0
cell1_ROI_dbscan_centers,cell1_ROI_dbscan_centers,,,,,,6001.0,0.0,0.0,0.0,0.0
cell1_ROI_dbscan_centers,cell1_ROI_dbscan_centers,,,,,,6002.0,1.0,1.0,0.0,0.0
cell1_ROI_dbscan_centers,cell1_ROI_dbscan_centers,,,,,,6003.0,0.0,1.0,0.0,0.0
cell1_ROI_dbscan_centers,cell1_ROI_dbscan_centers,,,,,,6004.0,0.0,0.0,0.0,0.0
cell1_ROI_dbscan_centers,cell1_ROI_dbscan_centers,,,,,,6005.0,0.0,0.0,0.0,1.0
cell1_ROI_dbscan_centers,cell1_ROI_dbscan_centers,,,,,,6006.0,0.0,0.0,0.0,0.0
cell1_ROI_dbscan_centers,cell1_ROI_dbscan_centers,,,,,,6007.0,0.0,1.0,0.0,0.0
cell1_ROI_dbscan_centers,cell1_ROI_dbscan_centers,,,,,,6008.0,0.0,0.0,0.0,1.0
cell1_ROI_dbscan_centers,cell1_ROI_dbscan_centers,,,,,,6009.0,0.0,0.0,0.0,0.0
cell1_ROI_dbscan_centers,cell1_ROI_dbscan_centers,,,,,,6010.0,1.0,1.0,0.0,0.0
cell1_ROI_dbscan_centers,cell1_ROI_dbscan_centers,,,,,,6011.0,0.0,0.0,0.0,2.0
cell1_ROI_dbscan_centers,cell1_ROI_dbscan_centers,,,,,,6012.0,1.0,0.0,1.0,0.0
cell1_ROI_dbscan_centers,cell1_ROI_dbscan_centers,,,,,,6013.0,0.0,1.0,0.0,1.0
cell1_ROI_dbscan_centers,cell1_ROI_dbscan_centers,,,,,,6014.0,0.0,1.0,0.0,0.0
cell1_ROI_dbscan_centers,cell1_ROI_dbscan_centers,,,,,,6015.0,0.0,0.0,0.0,1.0
cell1_ROI_dbscan_centers,cell1_ROI_dbscan_centers,,,,,,6016.0,0.0,0.0,0.0,0.0
cell1_ROI_dbscan_centers,cell1_ROI_dbscan_centers,,,,,,6017.0,0.0,3.0,0.0,0.0
cell1_ROI_dbscan_centers,cell1_ROI_dbscan_centers,,,,,,6018.0,0.0,1.0,0.0,0.0
cell1_ROI_dbscan_centers,cell1_ROI_dbscan_centers,,,,,,6019.0,0.0,0.0,0.0,0.0
cell1_ROI_dbscan_centers,cell1_ROI_dbscan_centers,,,,,,6020.0,0.0,0.0,0.0,1.0
cell1_ROI_dbscan_centers,cell1_ROI_dbscan_centers,,,,,,6021.0,1.0,0.0,0.0,1.0
cell1_ROI_dbscan_centers,cell1_ROI_dbscan_centers,,,,,,6022.0,1.0,1.0,0.0,0.0
cell1_ROI_dbscan_centers,cell1_ROI_dbscan_centers,,,,,,6023.0,0.0,1.0,0.0,0.0
cell1_ROI_dbscan_centers,cell1_ROI_dbscan_centers,,,,,,6024.0,0.0,2.0,0.0,0.0
cell1_ROI_dbscan_centers,cell1_ROI_dbscan_centers,,,,,,6025.0,0.0,0.0,0.0,2.0
cell1_ROI_dbscan_centers,cell1_ROI_dbscan_centers,,,,,,6026.0,0.0,0.0,0.0,0.0
cell1_ROI_dbscan_centers,cell1_ROI_dbscan_centers,,,,,,6027.0,0.0,1.0,0.0,0.0
cell1_ROI_dbscan_centers,cell1_ROI_dbscan_centers,,,,,,6028.0,0.0,0.0,0.0,0.0
cell1_ROI_dbscan_centers,cell1_ROI_dbscan_centers,,,,,,6029.0,0.0,0.0,0.0,2.0
cell1_ROI_dbscan_centers,cell1_ROI_dbscan_centers,,,,,,6030.0,0.0,1.0,1.0,0.0
cell1_ROI_dbscan_centers,cell1_ROI_dbscan_centers,,,,,,6031.0,0.0,1.0,0.0,0.0
cell1_ROI_dbscan_centers,cell1_ROI_dbscan_centers,,,,,,6032.0,0.0,0.0,0.0,0.0
cell1_ROI_dbscan_centers,cell1_ROI_dbscan_centers,,,,,,6033.0,0.0,0.0,0.0,0.0
cell1_ROI_dbscan_centers,cell1_ROI_dbscan_centers,,,,,,6034.0,1.0,0.0,0.0,0.0
cell1_ROI_dbscan_centers,cell1_ROI_dbscan_centers,,,,,,6035.0,0.0,1.0,0.0,0.0
cell1_ROI_dbscan_centers,cell1_ROI_dbscan_centers,,,,,,6036.0,0.0,0.0,0.0,1.0
cell1_ROI_dbscan_centers,cell1_ROI_dbscan_centers,,,,,,6037.0,0.0,0.0,0.0,0.0
cell1_ROI_dbscan_centers,cell1_ROI_dbscan_centers,,,,,,6038.0,0.0,1.0,0.0,0.0
cell1_ROI_dbscan_centers,cell1_ROI_dbscan_centers,,,,,,6039.0,0.0,1.0,0.0,0.0
cell1_ROI_dbscan_centers,cell1_ROI_dbscan_centers,,,,,,6040.0,0.0,0.0,0.0,0.0
cell1_ROI_dbscan_centers,cell1_ROI_dbscan_centers,,,,,,6041.0,0.0,0.0,0.0,0.0
cell1_ROI_dbscan_centers,cell1_ROI_dbscan_centers,,,,,,6042.0,0.0,0.0,0.0,0.0
cell1_ROI_dbscan_centers,cell1_ROI_dbscan_centers,,,,,,6043.0,1.0,0.0,0.0,0.0
cell1_ROI_dbscan_centers,cell1_ROI_dbscan_centers,,,,,,6044.0,0.0,0.0,0.0,0.0
cell1_ROI_dbscan_centers,cell1_ROI_dbscan_centers,,,,,,6045.0,0.0,1.0,0.0,0.0
cell1_ROI_dbscan_centers,cell1_ROI_dbscan_centers,,,,,,6046.0,0.0,0.0,0.0,0.0
cell1_ROI_dbscan_centers,cell1_ROI_dbscan_centers,,,,,,6047.0,0.0,0.0,0.0,0.0
cell1_ROI_dbscan_centers,cell1_ROI_dbscan_centers,,,,,,6048.0,0.0,1.0,0.0,0.0
cell1_ROI_dbscan_centers,cell1_ROI_dbscan_centers,,,,,,6049.0,1.0,1.0,0.0,0.0
cell1_ROI_dbscan_centers,cell1_ROI_dbscan_centers,,,,,,6050.0,0.0,0.0,0.0,0.0
cell1_ROI_dbscan_centers,cell1_ROI_dbscan_centers,,,,,,6051.0,0.0,0.0,0.0,0.0
cell1_ROI_dbscan_centers,cell1_ROI_dbscan_centers,,,,,,6052.0,0.0,0.0,0.0,0.0
cell1_ROI_dbscan_centers,cell1_ROI_dbscan_centers,,,,,,6053.0,0.0,1.0,0.0,1.0
cell1_ROI_dbscan_centers,cell1_ROI_dbscan_centers,,,,,,6054.0,0.0,1.0,0.0,0.0
cell1_ROI_dbscan_centers,cell1_ROI_dbscan_centers,,,,,,6055.0,1.0,0.0,0.0,2.0
cell1_ROI_dbscan_centers,cell1_ROI_dbscan_centers,,,,,,6056.0,0.0,0.0,0.0,0.0
cell1_ROI_dbscan_centers,cell1_ROI_dbscan_centers,,,,,,6057.0,0.0,1.0,0.0,1.0
cell1_ROI_dbscan_centers,cell1_ROI_dbscan_centers,,,,,,6058.0,0.0,3.0,0.0,0.0
cell1_ROI_dbscan_centers,cell1_ROI_dbscan_centers,,,,,,6059.0,0.0,0.0,1.0,0.0
cell1_ROI_dbscan_centers,cell1_ROI_dbscan_centers,,,,,,6060.0,0.0,0.0,0.0,0.0
cell1_ROI_dbscan_centers,cell1_ROI_dbscan_centers,,,,,,6061.0,0.0,1.0,0.0,0.0
cell1_ROI_dbscan_centers,cell1_ROI_dbscan_centers,,,,,,6062.0,0.0,0.0,0.0,0.0
cell1_ROI_dbscan_centers,cell1_ROI_dbscan_centers,,,,,,6063.0,0.0,0.0,0.0,1.0
cell1_ROI_dbscan_centers,cell1_ROI_dbscan_centers,,,,,,6064.0,0.0,1.0,0.0,1.0
cell1_ROI_dbscan_centers,cell1_ROI_dbscan_centers,,,,,,6065.0,0.0,0.0,0.0,0.0
cell1_ROI_dbscan_centers,cell1_ROI_dbscan_centers,,,,,,6066.0,1.0,1.0,0.0,0.0
cell1_ROI_dbscan_centers,cell1_ROI_dbscan_centers,,,,,,6067.0,0.0,0.0,0.0,1.0
cell1_ROI_dbscan_centers,cell1_ROI_dbscan_centers,,,,,,6068.0,0.0,0.0,0.0,0.0
cell1_ROI_dbscan_centers,cell1_ROI_dbscan_centers,,,,,,6069.0,0.0,0.0,0.0,0.0
cell1_ROI_dbscan_centers,cell1_ROI_dbscan_centers,,,,,,6070.0,0.0,0.0,0.0,1.0
cell1_ROI_dbscan_centers,cell1_ROI_dbscan_centers,,,,,,6071.0,0.0,1.0,0.0,0.0
cell1_ROI_dbscan_centers,cell1_ROI_dbscan_centers,,,,,,6072.0,0.0,0.0,0.0,0.0
cell1_ROI_dbscan_centers,cell1_ROI_dbscan_centers,,,,,,6073.0,0.0,0.0,0.0,0.0
cell1_ROI_dbscan_centers,cell1_ROI_dbscan_centers,,,,,,6074.0,0.0,0.0,0.0,0.0
cell1_ROI_dbscan_centers,cell1_ROI_dbscan_centers,,,,,,6075.0,1.0,0.0,0.0,0.0
cell1_ROI_dbscan_centers,cell1_ROI_dbscan_centers,,,,,,6076.0,1.0,0.0,0.0,1.0
cell1_ROI_dbscan_centers,cell1_ROI_dbscan_centers,,,,,,6077.0,0.0,1.0,0.0,0.0
cell1_ROI_dbscan_centers,cell1_ROI_dbscan_centers,,,,,,6078.0,0.0,0.0,0.0,1.0
cell1_ROI_dbscan_centers,cell1_ROI_dbscan_centers,,,,,,6079.0,0.0,1.0,0.0,0.0
cell1_ROI_dbscan_centers,cell1_ROI_dbscan_centers,,,,,,6080.0,0.0,0.0,0.0,0.0
cell1_ROI_dbscan_centers,cell1_ROI_dbscan_centers,,,,,,6081.0,0.0,0.0,0.0,0.0
cell1_ROI_dbscan_centers,cell1_ROI_dbscan_centers,,,,,,6082.0,1.0,1.0,0.0,0.0
cell1_ROI_dbscan_centers,cell1_ROI_dbscan_centers,,,,,,6083.0,0.0,0.0,0.0,0.0
cell1_ROI_dbscan_centers,cell1_ROI_dbscan_centers,,,,,,6084.0,0.0,0.0,0.0,1.0
cell1_ROI_dbscan_centers,cell1_ROI_dbscan_centers,,,,,,6085.0,1.0,0.0,1.0,0.0
cell1_ROI_dbscan_centers,cell1_ROI_dbscan_centers,,,,,,6086.0,1.0,0.0,0.0,0.0
cell1_ROI_dbscan_centers,cell1_ROI_dbscan_centers,,,,,,6087.0,0.0,2.0,0.0,0.0
cell1_ROI_dbscan_centers,cell1_ROI_dbscan_centers,,,,,,6088.0,0.0,0.0,0.0,0.0
cell1_ROI_dbscan_centers,cell1_ROI_dbscan_centers,,,,,,6089.0,0.0,0.0,0.0,0.0
cell1_ROI_dbscan_centers,cell1_ROI_dbscan_centers,,,,,,6090.0,0.0,0.0,0.0,0.0
cell1_ROI_dbscan_centers,cell1_ROI_dbscan_centers,,,,,,6091.0,0.0,0.0,0.0,0.0
cell1_ROI_dbscan_centers,cell1_ROI_dbscan_centers,,,,,,6092.0,0.0,1.0,0.0,0.0
cell1_ROI_dbscan_centers,cell1_ROI_dbscan_centers,,,,,,6093.0,0.0,1.0,0.0,0.0
cell1_ROI_dbscan_centers,cell1_ROI_dbscan_centers,,,,,,6094.0,0.0,1.0,0.0,0.0
cell1_ROI_dbscan_centers,cell1_ROI_dbscan_centers,,,,,,6095.0,0.0,1.0,0.0,0.0
cell1_ROI_dbscan_centers,cell1_ROI_dbscan_centers,,,,,,6096.0,0.0,0.0,0.0,0.0
cell1_ROI_dbscan_centers,cell1_ROI_dbscan_centers,,,,,,6097.0,0.0,0.0,0.0,0.0
cell1_ROI_dbscan_centers,cell1_ROI_dbscan_centers,,,,,,6098.0,1.0,2.0,0.0,1.0
cell1_ROI_dbscan_centers,cell1_ROI_dbscan_centers,,,,,,6099.0,0.0,1.0,0.0,0.0
cell1_ROI_dbscan_centers,cell1_ROI_dbscan_centers,,,,,,6100.0,1.0,1.0,1.0,0.0
cell1_ROI_dbscan_centers,cell1_ROI_dbscan_centers,,,,,,6101.0,0.0,2.0,0.0,1.0
cell1_ROI_dbscan_centers,cell1_ROI_dbscan_centers,,,,,,6102.0,1.0,1.0,0.0,0.0
cell1_ROI_dbscan_centers,cell1_ROI_dbscan_centers,,,,,,6103.0,0.0,0.0,0.0,0.0
cell1_ROI_dbscan_centers,cell1_ROI_dbscan_centers,,,,,,6104.0,0.0,0.0,0.0,1.0
cell1_ROI_dbscan_centers,cell1_ROI_dbscan_centers,,,,,,6105.0,0.0,0.0,0.0,1.0
cell1_ROI_dbscan_centers,cell1_ROI_dbscan_centers,,,,,,6106.0,0.0,1.0,1.0,0.0
cell1_ROI_dbscan_centers,cell1_ROI_dbscan_centers,,,,,,6107.0,0.0,0.0,0.0,0.0
cell1_ROI_dbscan_centers,cell1_ROI_dbscan_centers,,,,,,6108.0,1.0,0.0,0.0,0.0
cell1_ROI_dbscan_centers,cell1_ROI_dbscan_centers,,,,,,6109.0,1.0,0.0,0.0,0.0
cell1_ROI_dbscan_centers,cell1_ROI_dbscan_centers,,,,,,6110.0,0.0,0.0,0.0,0.0
cell1_ROI_dbscan_centers,cell1_ROI_dbscan_centers,,,,,,6111.0,0.0,0.0,0.0,0.0
cell1_ROI_dbscan_centers,cell1_ROI_dbscan_centers,,,,,,6112.0,0.0,0.0,0.0,0.0
cell1_ROI_dbscan_centers,cell1_ROI_dbscan_centers,,,,,,6113.0,0.0,1.0,0.0,0.0
cell1_ROI_dbscan_centers,cell1_ROI_dbscan_centers,,,,,,6114.0,0.0,0.0,0.0,0.0
cell1_ROI_dbscan_centers,cell1_ROI_dbscan_centers,,,,,,6115.0,0.0,0.0,0.0,0.0
cell1_ROI_dbscan_centers,cell1_ROI_dbscan_centers,,,,,,6116.0,0.0,0.0,0.0,0.0
cell1_ROI_dbscan_centers,cell1_ROI_dbscan_centers,,,,,,6117.0,0.0,0.0,0.0,0.0
cell1_ROI_dbscan_centers,cell1_ROI_dbscan_centers,,,,,,6118.0,0.0,0.0,0.0,1.0
cell1_ROI_dbscan_centers,cell1_ROI_dbscan_centers,,,,,,6119.0,0.0,1.0,0.0,0.0
cell1_ROI_dbscan_centers,cell1_ROI_dbscan_centers,,,,,,6120.0,0.0,0.0,0.0,0.0
cell1_ROI_dbscan_centers,cell1_ROI_dbscan_centers,,,,,,6121.0,0.0,0.0,0.0,0.0
cell1_ROI_dbscan_centers,cell1_ROI_dbscan_centers,,,,,,6122.0,0.0,0.0,0.0,0.0
cell1_ROI_dbscan_centers,cell1_ROI_dbscan_centers,,,,,,6123.0,0.0,0.0,0.0,0.0
cell1_ROI_dbscan_centers,cell1_ROI_dbscan_centers,,,,,,6124.0,0.0,0.0,0.0,0.0
cell1_ROI_dbscan_centers,cell1_ROI_dbscan_centers,,,,,,6125.0,0.0,0.0,0.0,0.0
cell1_ROI_dbscan_centers,cell1_ROI_dbscan_centers,,,,,,6126.0,0.0,1.0,0.0,1.0
cell1_ROI_dbscan_centers,cell1_ROI_dbscan_centers,,,,,,6127.0,0.0,0.0,0.0,0.0
cell1_ROI_dbscan_centers,cell1_ROI_dbscan_centers,,,,,,6128.0,0.0,0.0,0.0,0.0
cell1_ROI_dbscan_centers,cell1_ROI_dbscan_centers,,,,,,6129.0,1.0,0.0,0.0,0.0
cell1_ROI_dbscan_centers,cell1_ROI_dbscan_centers,,,,,,6130.0,0.0,0.0,0.0,0.0
cell1_ROI_dbscan_centers,cell1_ROI_dbscan_centers,,,,,,6131.0,0.0,0.0,0.0,0.0
cell1_ROI_dbscan_centers,cell1_ROI_dbscan_centers,,,,,,6132.0,1.0,0.0,0.0,0.0
cell1_ROI_dbscan_centers,cell1_ROI_dbscan_centers,,,,,,6133.0,0.0,0.0,0.0,1.0
cell1_ROI_dbscan_centers,cell1_ROI_dbscan_centers,,,,,,6134.0,0.0,0.0,0.0,0.0
cell1_ROI_dbscan_centers,cell1_ROI_dbscan_centers,,,,,,6135.0,1.0,2.0,0.0,1.0
cell1_ROI_dbscan_centers,cell1_ROI_dbscan_centers,,,,,,6136.0,0.0,0.0,0.0,1.0
cell1_ROI_dbscan_centers,cell1_ROI_dbscan_centers,,,,,,6137.0,0.0,0.0,1.0,0.0
cell1_ROI_dbscan_centers,cell1_ROI_dbscan_centers,,,,,,6138.0,1.0,0.0,0.0,0.0
cell1_ROI_dbscan_centers,cell1_ROI_dbscan_centers,,,,,,6139.0,0.0,0.0,0.0,0.0
cell1_ROI_dbscan_centers,cell1_ROI_dbscan_centers,,,,,,6140.0,0.0,0.0,1.0,0.0
cell1_ROI_dbscan_centers,cell1_ROI_dbscan_centers,,,,,,6141.0,0.0,0.0,0.0,0.0
cell1_ROI_dbscan_centers,cell1_ROI_dbscan_centers,,,,,,6142.0,0.0,1.0,0.0,1.0
cell1_ROI_dbscan_centers,cell1_ROI_dbscan_centers,,,,,,6143.0,0.0,0.0,0.0,0.0
cell1_ROI_dbscan_centers,cell1_ROI_dbscan_centers,,,,,,6144.0,0.0,0.0,0.0,0.0
cell1_ROI_dbscan_centers,cell1_ROI_dbscan_centers,,,,,,6145.0,0.0,0.0,0.0,0.0
cell1_ROI_dbscan_centers,cell1_ROI_dbscan_centers,,,,,,6146.0,0.0,1.0,0.0,0.0
cell1_ROI_dbscan_centers,cell1_ROI_dbscan_centers,,,,,,6147.0,0.0,1.0,0.0,0.0
cell1_ROI_dbscan_centers,cell1_ROI_dbscan_centers,,,,,,6148.0,0.0,1.0,0.0,0.0
cell1_ROI_dbscan_centers,cell1_ROI_dbscan_centers,,,,,,6149.0,0.0,0.0,0.0,0.0
cell1_ROI_dbscan_centers,cell1_ROI_dbscan_centers,,,,,,6150.0,0.0,0.0,1.0,0.0
cell1_ROI_dbscan_centers,cell1_ROI_dbscan_centers,,,,,,6151.0,0.0,0.0,0.0,0.0
cell1_ROI_dbscan_centers,cell1_ROI_dbscan_centers,,,,,,6152.0,0.0,0.0,0.0,0.0
cell1_ROI_dbscan_centers,cell1_ROI_dbscan_centers,,,,,,6153.0,0.0,1.0,0.0,0.0
cell1_ROI_dbscan_centers,cell1_ROI_dbscan_centers,,,,,,6154.0,1.0,0.0,0.0,0.0
cell1_ROI_dbscan_centers,cell1_ROI_dbscan_centers,,,,,,6155.0,0.0,0.0,0.0,1.0
cell1_ROI_dbscan_centers,cell1_ROI_dbscan_centers,,,,,,6156.0,0.0,0.0,0.0,0.0
cell1_ROI_dbscan_centers,cell1_ROI_dbscan_centers,,,,,,6157.0,0.0,0.0,1.0,0.0
cell1_ROI_dbscan_centers,cell1_ROI_dbscan_centers,,,,,,6158.0,0.0,0.0,0.0,0.0
cell1_ROI_dbscan_centers,cell1_ROI_dbscan_centers,,,,,,6159.0,0.0,0.0,0.0,0.0
cell1_ROI_dbscan_centers,cell1_ROI_dbscan_centers,,,,,,6160.0,0.0,1.0,0.0,0.0
cell1_ROI_dbscan_centers,cell1_ROI_dbscan_centers,,,,,,6161.0,0.0,0.0,0.0,0.0
cell1_ROI_dbscan_centers,cell1_ROI_dbscan_centers,,,,,,6162.0,0.0,0.0,0.0,0.0
cell1_ROI_dbscan_centers,cell1_ROI_dbscan_centers,,,,,,6163.0,0.0,0.0,0.0,0.0
cell1_ROI_dbscan_centers,cell1_ROI_dbscan_centers,,,,,,6164.0,0.0,0.0,0.0,1.0
cell1_ROI_dbscan_centers,cell1_ROI_dbscan_centers,,,,,,6165.0,0.0,0.0,0.0,1.0
cell1_ROI_dbscan_centers,cell1_ROI_dbscan_centers,,,,,,6166.0,1.0,1.0,0.0,0.0
cell1_ROI_dbscan_centers,cell1_ROI_dbscan_centers,,,,,,6167.0,1.0,0.0,0.0,0.0
cell1_ROI_dbscan_centers,cell1_ROI_dbscan_centers,,,,,,6168.0,1.0,2.0,0.0,0.0
cell1_ROI_dbscan_centers,cell1_ROI_dbscan_centers,,,,,,6169.0,0.0,1.0,0.0,0.0
cell1_ROI_dbscan_centers,cell1_ROI_dbscan_centers,,,,,,6170.0,0.0,2.0,0.0,0.0
cell1_ROI_dbscan_centers,cell1_ROI_dbscan_centers,,,,,,6171.0,0.0,1.0,0.0,1.0
cell1_ROI_dbscan_centers,cell1_ROI_dbscan_centers,,,,,,6172.0,0.0,0.0,0.0,1.0
cell1_ROI_dbscan_centers,cell1_ROI_dbscan_centers,,,,,,6173.0,0.0,0.0,0.0,0.0
cell1_ROI_dbscan_centers,cell1_ROI_dbscan_centers,,,,,,6174.0,0.0,2.0,1.0,0.0
cell1_ROI_dbscan_centers,cell1_ROI_dbscan_centers,,,,,,6175.0,0.0,0.0,0.0,0.0
cell1_ROI_dbscan_centers,cell1_ROI_dbscan_centers,,,,,,6176.0,0.0,2.0,0.0,0.0
cell1_ROI_dbscan_centers,cell1_ROI_dbscan_centers,,,,,,6177.0,0.0,0.0,0.0,0.0
cell1_ROI_dbscan_centers,cell1_ROI_dbscan_centers,,,,,,6178.0,1.0,1.0,0.0,0.0
cell1_ROI_dbscan_centers,cell1_ROI_dbscan_centers,,,,,,6179.0,1.0,0.0,0.0,2.0
cell1_ROI_dbscan_centers,cell1_ROI_dbscan_centers,,,,,,6180.0,0.0,0.0,0.0,0.0
cell1_ROI_dbscan_centers,cell1_ROI_dbscan_centers,,,,,,6181.0,0.0,0.0,0.0,0.0
cell1_ROI_dbscan_centers,cell1_ROI_dbscan_centers,,,,,,6182.0,0.0,1.0,0.0,0.0
cell1_ROI_dbscan_centers,cell1_ROI_dbscan_centers,,,,,,6183.0,0.0,0.0,0.0,0.0
cell1_ROI_dbscan_centers,cell1_ROI_dbscan_centers,,,,,,6184.0,0.0,0.0,0.0,0.0
cell1_ROI_dbscan_centers,cell1_ROI_dbscan_centers,,,,,,6185.0,0.0,0.0,0.0,0.0
cell1_ROI_dbscan_centers,cell1_ROI_dbscan_centers,,,,,,6186.0,0.0,1.0,0.0,0.0
cell1_ROI_dbscan_centers,cell1_ROI_dbscan_centers,,,,,,6187.0,1.0,0.0,0.0,1.0
cell1_ROI_dbscan_centers,cell1_ROI_dbscan_centers,,,,,,6188.0,0.0,0.0,0.0,0.0
cell1_ROI_dbscan_centers,cell1_ROI_dbscan_centers,,,,,,6189.0,0.0,0.0,0.0,0.0
cell1_ROI_dbscan_centers,cell1_ROI_dbscan_centers,,,,,,6190.0,0.0,0.0,0.0,0.0
cell1_ROI_dbscan_centers,cell1_ROI_dbscan_centers,,,,,,6191.0,0.0,0.0,0.0,0.0
cell1_ROI_dbscan_centers,cell1_ROI_dbscan_centers,,,,,,6192.0,0.0,0.0,0.0,0.0
cell1_ROI_dbscan_centers,cell1_ROI_dbscan_centers,,,,,,6193.0,0.0,1.0,0.0,0.0
cell1_ROI_dbscan_centers,cell1_ROI_dbscan_centers,,,,,,6194.0,0.0,0.0,0.0,0.0
cell1_ROI_dbscan_centers,cell1_ROI_dbscan_centers,,,,,,6195.0,0.0,0.0,0.0,0.0
cell1_ROI_dbscan_centers,cell1_ROI_dbscan_centers,,,,,,6196.0,0.0,0.0,0.0,0.0
cell1_ROI_dbscan_centers,cell1_ROI_dbscan_centers,,,,,,6197.0,0.0,0.0,0.0,0.0
cell1_ROI_dbscan_centers,cell1_ROI_dbscan_centers,,,,,,6198.0,0.0,1.0,0.0,0.0
cell1_ROI_dbscan_centers,cell1_ROI_dbscan_centers,,,,,,6199.0,1.0,1.0,0.0,1.0
cell1_ROI_dbscan_centers,cell1_ROI_dbscan_centers,,,,,,6200.0,0.0,1.0,0.0,0.0
cell1_ROI_dbscan_centers,cell1_ROI_dbscan_centers,,,,,,6201.0,0.0,0.0,0.0,0.0
cell1_ROI_dbscan_centers,cell1_ROI_dbscan_centers,,,,,,6202.0,1.0,1.0,0.0,0.0
cell1_ROI_dbscan_centers,cell1_ROI_dbscan_centers,,,,,,6203.0,0.0,1.0,0.0,0.0
cell1_ROI_dbscan_centers,cell1_ROI_dbscan_centers,,,,,,6204.0,1.0,1.0,0.0,0.0
cell1_ROI_dbscan_centers,cell1_ROI_dbscan_centers,,,,,,6205.0,0.0,0.0,0.0,0.0
cell1_ROI_dbscan_centers,cell1_ROI_dbscan_centers,,,,,,6206.0,0.0,0.0,0.0,0.0
cell1_ROI_dbscan_centers,cell1_ROI_dbscan_centers,,,,,,6207.0,0.0,0.0,0.0,1.0
cell1_ROI_dbscan_centers,cell1_ROI_dbscan_centers,,,,,,6208.0,0.0,0.0,0.0,0.0
cell1_ROI_dbscan_centers,cell1_ROI_dbscan_centers,,,,,,6209.0,0.0,1.0,0.0,0.0
cell1_ROI_dbscan_centers,cell1_ROI_dbscan_centers,,,,,,6210.0,0.0,0.0,0.0,1.0
cell1_ROI_dbscan_centers,cell1_ROI_dbscan_centers,,,,,,6211.0,0.0,0.0,0.0,0.0
cell1_ROI_dbscan_centers,cell1_ROI_dbscan_centers,,,,,,6212.0,0.0,0.0,0.0,0.0
cell1_ROI_dbscan_centers,cell1_ROI_dbscan_centers,,,,,,6213.0,0.0,0.0,0.0,0.0
cell1_ROI_dbscan_centers,cell1_ROI_dbscan_centers,,,,,,6214.0,0.0,0.0,0.0,0.0
cell1_ROI_dbscan_centers,cell1_ROI_dbscan_centers,,,,,,6215.0,0.0,3.0,0.0,0.0
cell1_ROI_dbscan_centers,cell1_ROI_dbscan_centers,,,,,,6216.0,0.0,0.0,0.0,1.0
cell1_ROI_dbscan_centers,cell1_ROI_dbscan_centers,,,,,,6217.0,0.0,2.0,0.0,0.0
cell1_ROI_dbscan_centers,cell1_ROI_dbscan_centers,,,,,,6218.0,0.0,0.0,1.0,0.0
cell1_ROI_dbscan_centers,cell1_ROI_dbscan_centers,,,,,,6219.0,0.0,0.0,0.0,0.0
cell1_ROI_dbscan_centers,cell1_ROI_dbscan_centers,,,,,,6220.0,1.0,0.0,0.0,1.0
cell1_ROI_dbscan_centers,cell1_ROI_dbscan_centers,,,,,,6221.0,0.0,0.0,0.0,0.0
cell1_ROI_dbscan_centers,cell1_ROI_dbscan_centers,,,,,,6222.0,0.0,0.0,0.0,0.0
cell1_ROI_dbscan_centers,cell1_ROI_dbscan_centers,,,,,,6223.0,0.0,0.0,0.0,0.0
cell1_ROI_dbscan_centers,cell1_ROI_dbscan_centers,,,,,,6224.0,0.0,0.0,0.0,0.0
cell1_ROI_dbscan_centers,cell1_ROI_dbscan_centers,,,,,,6225.0,0.0,0.0,0.0,0.0
cell1_ROI_dbscan_centers,cell1_ROI_dbscan_centers,,,,,,6226.0,0.0,0.0,0.0,0.0
cell1_ROI_dbscan_centers,cell1_ROI_dbscan_centers,,,,,,6227.0,0.0,0.0,0.0,0.0
cell1_ROI_dbscan_centers,cell1_ROI_dbscan_centers,,,,,,6228.0,0.0,1.0,1.0,0.0
cell1_ROI_dbscan_centers,cell1_ROI_dbscan_centers,,,,,,6229.0,0.0,1.0,0.0,0.0
cell1_ROI_dbscan_centers,cell1_ROI_dbscan_centers,,,,,,6230.0,0.0,0.0,0.0,0.0
cell1_ROI_dbscan_centers,cell1_ROI_dbscan_centers,,,,,,6231.0,0.0,0.0,0.0,0.0
cell1_ROI_dbscan_centers,cell1_ROI_dbscan_centers,,,,,,6232.0,1.0,0.0,1.0,0.0
cell1_ROI_dbscan_centers,cell1_ROI_dbscan_centers,,,,,,6233.0,0.0,0.0,0.0,0.0
cell1_ROI_dbscan_centers,cell1_ROI_dbscan_centers,,,,,,6234.0,0.0,1.0,0.0,0.0
cell1_ROI_dbscan_centers,cell1_ROI_dbscan_centers,,,,,,6235.0,0.0,1.0,0.0,0.0
cell1_ROI_dbscan_centers,cell1_ROI_dbscan_centers,,,,,,6236.0,0.0,0.0,0.0,0.0
cell1_ROI_dbscan_centers,cell1_ROI_dbscan_centers,,,,,,6237.0,1.0,1.0,0.0,0.0
cell1_ROI_dbscan_centers,cell1_ROI_dbscan_centers,,,,,,6238.0,1.0,0.0,0.0,0.0
cell1_ROI_dbscan_centers,cell1_ROI_dbscan_centers,,,,,,6239.0,0.0,0.0,0.0,1.0
cell1_ROI_dbscan_centers,cell1_ROI_dbscan_centers,,,,,,6240.0,1.0,2.0,1.0,0.0
cell1_ROI_dbscan_centers,cell1_ROI_dbscan_centers,,,,,,6241.0,0.0,1.0,0.0,0.0
cell1_ROI_dbscan_centers,cell1_ROI_dbscan_centers,,,,,,6242.0,0.0,1.0,0.0,0.0
cell1_ROI_dbscan_centers,cell1_ROI_dbscan_centers,,,,,,6243.0,0.0,0.0,0.0,0.0
cell1_ROI_dbscan_centers,cell1_ROI_dbscan_centers,,,,,,6244.0,0.0,0.0,0.0,0.0
cell1_ROI_dbscan_centers,cell1_ROI_dbscan_centers,,,,,,6245.0,0.0,0.0,0.0,0.0
cell1_ROI_dbscan_centers,cell1_ROI_dbscan_centers,,,,,,6246.0,1.0,2.0,0.0,0.0
cell1_ROI_dbscan_centers,cell1_ROI_dbscan_centers,,,,,,6247.0,0.0,1.0,0.0,0.0
cell1_ROI_dbscan_centers,cell1_ROI_dbscan_centers,,,,,,6248.0,0.0,0.0,0.0,0.0
